c4f1711b-bbf0-45e7-ab7e-ba61749fa694	Arsenal Home 26/27	R$ 189,00	TORCEDOR	Premier League (Inglaterra)	P,M,G,GG,2XG,3XG,4XG	+ R$ 60,00	TORCEDOR,MANGA_LONGA,FEMININA,JOGADOR	torcedor/1785611218731_0.webp torcedor/1785611218732_1.webp torcedor/1785611218733_2.webp torcedor/1785611218733_3.webp torcedor/1785611218733_4.webp torcedor/1785611222377_5.webp torcedor/1785611222378_6.webp torcedor/1785611222378_7.webp
e736bdb1-c7d4-45e5-af19-cc6d9f21668d	Arsenal Treino 26/27	R$ 189,00	TORCEDOR	Premier League (Inglaterra)	P,M,G,GG,2XG,3XG,4XG	+ R$ 60,00	TORCEDOR,JOGADOR	torcedor/1785610468094_0.webp torcedor/1785610468094_1.webp torcedor/1785610468095_2.webp torcedor/1785610468095_3.webp torcedor/1785610468095_4.webp torcedor/1785610471034_5.webp torcedor/1785610471035_6.webp
d0082c20-b463-49a5-87b4-25f25afd544e	Arsenal Third 26/27	R$ 189,00	TORCEDOR	Premier League (Inglaterra)	P,M,G,GG,2XG,3XG,4XG	+ R$ 60,00	TORCEDOR	torcedor/1785610448147_0.webp torcedor/1785610448148_1.webp torcedor/1785610448148_2.webp torcedor/1785610448148_3.webp torcedor/1785610448148_4.webp torcedor/1785610451809_5.webp torcedor/1785610451809_6.webp torcedor/1785610451810_7.webp
70f2ab82-de2c-48e9-a7f6-3fa640e5385c	Arsenal Away 26/27	R$ 189,00	TORCEDOR	Premier League (Inglaterra)	P,M,G,GG,2XG,3XG,4XG	+ R$ 60,00	TORCEDOR,FEMININA,JOGADOR	torcedor/1785610280664_0.webp torcedor/1785610280665_1.webp torcedor/1785610280665_2.webp torcedor/1785610280665_3.webp torcedor/1785610280666_4.webp torcedor/1785610284238_5.webp torcedor/1785610284239_6.webp torcedor/1785610284240_7.webp
3e3a046a-f286-425c-8b00-7d0a03ccb8a3	Arsenal Fan 26/27	R$ 189,00	TORCEDOR	Premier League (Inglaterra)	P,M,G,GG,2XG,3XG,4XG	+ R$ 60,00	TORCEDOR,JOGADOR	torcedor/1785610273701_0.webp torcedor/1785610273701_1.webp torcedor/1785610273702_2.webp torcedor/1785610273702_3.webp torcedor/1785610273702_4.webp torcedor/1785610277147_5.webp torcedor/1785610277147_6.webp
36e2c8bd-eb70-45eb-a1d4-180d467298b2	Arsenal Manga Longa Home 26/27	R$ 209,00	MANGA LONGA	Premier League (Inglaterra)	P,M,G,GG,2XG,3XG,4XG	+ R$ 60,00	MANGA_LONGA,FEMININA,JOGADOR,TORCEDOR	manga_longa/1785610450975_0.webp manga_longa/1785610450975_1.webp manga_longa/1785610450976_2.webp manga_longa/1785610450976_3.webp manga_longa/1785610450976_4.webp manga_longa/1785610454538_5.webp manga_longa/1785610454538_6.webp manga_longa/1785610454539_7.webp
22ecb07b-da63-4f39-ba4e-d33794b7fa8e	Arsenal Player 26/27	R$ 229,00	JOGADOR	Premier League (Inglaterra)	P,M,G,GG,2XG,3XG,4XG	+ R$ 60,00	JOGADOR,TORCEDOR	jogador/1785610449649_0.webp jogador/1785610449649_1.webp jogador/1785610449650_2.webp jogador/1785610449650_3.webp jogador/1785610449650_4.webp jogador/1785610453230_5.webp jogador/1785610453231_6.webp jogador/1785610453231_7.webp jogador/1785610453231_8.webp
9071c02c-b49b-4311-ace7-2adf12c42007	Arsenal Player Away 26/27	R$ 229,00	JOGADOR	Premier League (Inglaterra)	P,M,G,GG,2XG,3XG,4XG	+ R$ 60,00	JOGADOR,TORCEDOR,FEMININA	jogador/1785610449193_0.webp jogador/1785610449194_1.webp jogador/1785610449194_2.webp jogador/1785610449194_3.webp jogador/1785610449194_4.webp jogador/1785610452024_5.webp jogador/1785610452024_6.webp jogador/1785610452025_7.webp jogador/1785610452025_8.webp jogador/1785610452025_9.webp
a394cde1-d19a-4777-a5fc-95e91d04f9f2	Arsenal Player Home 26/27	R$ 229,00	JOGADOR	Premier League (Inglaterra)	P,M,G,GG,2XG,3XG,4XG	+ R$ 60,00	JOGADOR,MANGA_LONGA,FEMININA,TORCEDOR	jogador/1785610448274_0.webp jogador/1785610448274_1.webp jogador/1785610448275_2.webp jogador/1785610448275_3.webp jogador/1785610448275_4.webp jogador/1785610451844_5.webp jogador/1785610451845_6.webp jogador/1785610451846_7.webp jogador/1785610451846_8.webp jogador/1785610451846_9.webp
8d01d967-4fa5-46e1-b628-37893e8eeffb	Arsenal Feminina Away 26/27	R$ 179,00	FEMININO	Premier League (Inglaterra)	P,M,G,GG	+ R$ 60,00	FEMININA,TORCEDOR,JOGADOR	feminina/1785610265063_0.webp feminina/1785610265064_1.webp feminina/1785610265064_2.webp feminina/1785610265065_3.webp feminina/1785610265066_4.webp feminina/1785610267977_5.webp feminina/1785610267978_6.webp feminina/1785610267978_7.webp feminina/1785610267979_8.webp feminina/1785610267979_9.webp
9fa0e563-939f-49d5-9c70-9c607892c25c	Arsenal Feminina Home 26/27	R$ 179,00	FEMININO	Premier League (Inglaterra)	P,M,G,GG	+ R$ 60,00	FEMININA,MANGA_LONGA,JOGADOR,TORCEDOR	feminina/1785610265001_0.webp feminina/1785610265002_1.webp feminina/1785610265002_2.webp feminina/1785610265002_3.webp feminina/1785610265002_4.webp feminina/1785610268106_5.webp feminina/1785610268107_6.webp feminina/1785610268107_7.webp feminina/1785610268107_8.webp feminina/1785610268107_9.webp
6046fc79-8410-4499-a907-df8f53a0a340	Arsenal GK 25/26	R$ 189,00	TORCEDOR	Premier League (Inglaterra)	P,M,G,GG,2XG,3XG,4XG	+ R$ 60,00	TORCEDOR	torcedor/1785611325619_0.webp torcedor/1785611325620_1.webp torcedor/1785611325620_2.webp torcedor/1785611325621_3.webp torcedor/1785611325621_4.webp torcedor/1785611329198_5.webp torcedor/1785611329199_6.webp torcedor/1785611329199_7.webp
f7095216-8aa1-41e6-aaa9-5d111925176c	Arsenal Home 25/26	R$ 189,00	TORCEDOR	Premier League (Inglaterra)	P,M,G,GG,2XG,3XG,4XG	+ R$ 60,00	TORCEDOR,JOGADOR,KIT_INFANTIL	torcedor/1785611324572_0.webp torcedor/1785611324573_1.webp torcedor/1785611324573_2.webp torcedor/1785611324573_3.webp torcedor/1785611324573_4.webp torcedor/1785611327716_5.webp torcedor/1785611327717_6.webp torcedor/1785611327717_7.webp torcedor/1785611327718_8.webp
5dc25b29-3c8e-4706-81de-1367da12ed66	Arsenal Fan 25/26	R$ 189,00	TORCEDOR	Premier League (Inglaterra)	P,M,G,GG,2XG,3XG,4XG	+ R$ 60,00	TORCEDOR	jogador/1785610280492_0.webp jogador/1785610280492_1.webp jogador/1785610280492_2.webp jogador/1785610280493_3.webp jogador/1785610280493_4.webp jogador/1785610283440_5.webp jogador/1785610283441_6.webp jogador/1785610283441_7.webp jogador/1785610283441_8.webp
97fcc03b-f787-4d6b-8c22-4c5af04f1928	Arsenal Away 25/26	R$ 189,00	TORCEDOR	Premier League (Inglaterra)	P,M,G,GG,2XG,3XG,4XG	+ R$ 60,00	TORCEDOR,JOGADOR	torcedor/1785610136359_0.webp torcedor/1785610136359_1.webp torcedor/1785610136359_2.webp torcedor/1785610136359_3.webp torcedor/1785610136360_4.webp torcedor/1785610139184_5.webp torcedor/1785610139184_6.webp torcedor/1785610139185_7.webp
f13b7cc1-cfdc-4661-9a4a-4ca6af47950a	Arsenal Kids Home 25/26	R$ 199,00	KIDS	Premier League (Inglaterra)	14,16,18	+ R$ 60,00	KIT_INFANTIL,JOGADOR,TORCEDOR	torcedor/1785611323775_0.webp torcedor/1785611323776_1.webp torcedor/1785611323776_2.webp torcedor/1785611323776_3.webp torcedor/1785611323776_4.webp torcedor/1785611326760_5.webp torcedor/1785611326760_6.webp torcedor/1785611326761_7.webp torcedor/1785611326761_8.webp
7350cb05-557b-48df-a77c-da2228378b34	Arsenal Kids Third 25/26	R$ 199,00	KIDS	Premier League (Inglaterra)	14,16,18	+ R$ 60,00	KIT_INFANTIL,JOGADOR	torcedor/1785611323324_0.webp torcedor/1785611323324_1.webp torcedor/1785611323324_2.webp torcedor/1785611323324_3.webp torcedor/1785611323325_4.webp
1f1538e1-5d6a-4ad8-b2ee-a9078bed0c8d	Arsenal Player Away 25/26	R$ 229,00	JOGADOR	Premier League (Inglaterra)	P,M,G,GG,2XG,3XG,4XG	+ R$ 60,00	JOGADOR,TORCEDOR	jogador/1785611322964_0.webp jogador/1785611322965_1.webp jogador/1785611322965_2.webp jogador/1785611322966_3.webp jogador/1785611322966_4.webp jogador/1785611325795_5.webp jogador/1785611325795_6.webp
01b50989-3912-4c63-b4d5-083a7dec2661	Arsenal Player Home 25/26	R$ 229,00	JOGADOR	Premier League (Inglaterra)	P,M,G,GG,2XG,3XG,4XG	+ R$ 60,00	JOGADOR,KIT_INFANTIL,TORCEDOR	jogador/1785611322769_0.webp jogador/1785611322770_1.webp jogador/1785611322770_2.webp jogador/1785611322771_3.webp jogador/1785611322771_4.webp jogador/1785611325767_5.webp jogador/1785611325767_6.webp jogador/1785611325768_7.webp
a98260d5-5367-4b4c-818b-a958ec281245	Arsenal Player Third 25/26	R$ 229,00	JOGADOR	Premier League (Inglaterra)	P,M,G,GG,2XG,3XG,4XG	+ R$ 60,00	JOGADOR,KIT_INFANTIL	jogador/1785611322380_0.webp jogador/1785611322381_1.webp jogador/1785611322381_2.webp jogador/1785611322381_3.webp jogador/1785611322382_4.webp jogador/1785611325480_5.webp
d609e278-4208-4365-8855-8749fb99c25c	Arsenal Feminina Home 25/26	R$ 179,00	FEMININO	Premier League (Inglaterra)	P,M,G,GG	+ R$ 60,00	FEMININA	feminina/1785610272774_0.webp feminina/1785610272775_1.webp feminina/1785610272775_2.webp feminina/1785610272775_3.webp feminina/1785610272775_4.webp feminina/1785610275648_5.webp feminina/1785610275649_6.webp feminina/1785610275649_7.webp feminina/1785610275650_8.webp
1997b7cb-1187-4f93-a166-6575c5bbe43b	Camisa Arsenal Head Retrô Fan 98/99	R$ 229,00	TORCEDOR	Premier League (Inglaterra)	P,M,G,GG,2XG,3XG,4XG	+ R$ 60,00	RETRO	retro/1782827849104_8.jpeg retro/1782827846056_0.jpeg retro/1782827846057_1.jpeg retro/1782827846057_2.jpeg retro/1782827846057_3.jpeg retro/1782827846058_4.jpeg retro/1782827849103_5.jpeg retro/1782827849104_6.jpeg retro/1782827849104_7.jpeg retro/1782827849105_9.jpeg retro/1782827853816_10.jpeg
aeae3114-dc1b-4c83-ab81-28ada23c90db	Camisa Arsenal Away Retrô Fan 97/99	R$ 229,00	TORCEDOR	Premier League (Inglaterra)	P,M,G,GG,2XG,3XG,4XG	+ R$ 60,00	RETRO	retro/1782827900970_18.jpg retro/1782827887552_0.jpg retro/1782827887553_1.jpg retro/1782827887553_2.jpg retro/1782827887553_3.jpg retro/1782827887553_4.jpg retro/1782827891802_5.jpg retro/1782827891803_6.jpg retro/1782827891804_7.jpg retro/1782827891804_8.jpg retro/1782827891804_9.jpg retro/1782827896337_10.jpg retro/1782827896337_11.jpg retro/1782827896338_12.jpg retro/1782827896338_13.jpg retro/1782827896338_14.jpg retro/1782827900969_15.jpg retro/1782827900969_16.jpg retro/1782827900970_17.jpg retro/1782827900970_19.jpg retro/1782827905236_20.jpg retro/1782827905237_21.jpg retro/1782827905238_22.jpg
36bb76a7-0a9f-4ae9-97ee-40c5512e7c8d	Brentford FC Home 26/27	R$ 189,00	TORCEDOR	Premier League (Inglaterra)	P,M,G,GG,2XG,3XG,4XG	+ R$ 60,00	TORCEDOR	torcedor/1785857739228_0.jpg torcedor/1785857739228_1.jpg torcedor/1785857739229_2.jpg
d0405f78-7076-4fc8-addd-b9b7192d1c92	Brentford Home 25/26	R$ 189,00	TORCEDOR	Premier League (Inglaterra)	P,M,G,GG,2XG,3XG,4XG	+ R$ 60,00	TORCEDOR	torcedor/1785611366695_0.webp torcedor/1785611366695_1.webp torcedor/1785611366696_2.webp torcedor/1785611366696_3.webp torcedor/1785611366696_4.webp torcedor/1785611370574_5.webp torcedor/1785611370575_6.webp torcedor/1785611370575_7.webp torcedor/1785611370575_8.webp
ad2800b7-cccc-4b44-b957-0ee1bd930036	Brighton 120 Years Anniversary 26/27	R$ 189,00	TORCEDOR	Premier League (Inglaterra)	P,M,G,GG,2XG,3XG,4XG	+ R$ 60,00	TORCEDOR	torcedor/1785857738508_0.jpg torcedor/1785857738509_1.jpg torcedor/1785857738509_2.jpg torcedor/1785857738509_3.jpg torcedor/1785857738509_4.jpg
a99ab5b5-0ec3-4e0c-b9f9-d1051f069e26	Brighton Away 26/27	R$ 189,00	TORCEDOR	Premier League (Inglaterra)	P,M,G,GG,2XG,3XG,4XG	+ R$ 60,00	TORCEDOR,KIT_INFANTIL	torcedor/1785857738063_0.jpg torcedor/1785857738063_1.jpg
9cfe7beb-e5de-4ac1-a018-db85468c3e77	Brighton Home 26/27	R$ 189,00	TORCEDOR	Premier League (Inglaterra)	P,M,G,GG,2XG,3XG,4XG	+ R$ 60,00	TORCEDOR,KIT_INFANTIL	torcedor/1785857737496_1.jpg torcedor/1785857737496_2.jpg
0ab57336-d0f5-40a6-adb5-7b12c3870008	Brighton Home Kids 26/27	R$ 199,00	KIDS	Premier League (Inglaterra)	14,16,18	+ R$ 60,00	KIT_INFANTIL,TORCEDOR	kit_infantil/1785857737329_0.jpg kit_infantil/1785857737330_1.jpg
b117f0a9-ad99-47fc-a97a-7566caa80202	Brighton Away Kids 26/27	R$ 199,00	KIDS	Premier League (Inglaterra)	14,16,18	+ R$ 60,00	KIT_INFANTIL,TORCEDOR	torcedor/1785844275486_0.jpg torcedor/1785844275486_1.jpg
4f620861-dff1-47ab-8059-55ae08aef5c7	Brighton Home 25/26	R$ 189,00	TORCEDOR	Premier League (Inglaterra)	P,M,G,GG,2XG,3XG,4XG	+ R$ 60,00	TORCEDOR	torcedor/1785611365879_0.webp torcedor/1785611365880_1.webp torcedor/1785611365880_2.webp torcedor/1785611365881_3.webp torcedor/1785611365881_4.webp torcedor/1785611368623_5.webp torcedor/1785611368623_6.webp torcedor/1785611368624_7.webp
2fe9e645-2266-4065-b30d-e7fa2fa6842f	Burnley Alternativa 25/26	R$ 189,00	TORCEDOR	Premier League (Inglaterra)	P,M,G,GG,2XG,3XG,4XG	+ R$ 60,00	TORCEDOR	torcedor/1785611413544_0.webp torcedor/1785611413544_1.webp
d7706211-0341-460d-9158-9a1fa0ad3781	Burnley Away 25/26	R$ 189,00	TORCEDOR	Premier League (Inglaterra)	P,M,G,GG,2XG,3XG,4XG	+ R$ 60,00	TORCEDOR	torcedor/1785611413189_0.webp torcedor/1785611413190_1.webp
f2673cb1-1bf8-4107-9440-47a64920542c	Burnley Home 25/26	R$ 189,00	TORCEDOR	Premier League (Inglaterra)	P,M,G,GG,2XG,3XG,4XG	+ R$ 60,00	TORCEDOR	torcedor/1785611413014_0.webp torcedor/1785611413015_1.webp torcedor/1785611413015_2.webp torcedor/1785611413015_3.webp
397ed37b-fa7f-45de-9042-ae478782b924	Chelsea Goalkeeper 2 26/27	R$ 189,00	TORCEDOR	Premier League (Inglaterra)	P,M,G,GG,2XG,3XG,4XG	+ R$ 60,00	TORCEDOR	torcedor/1790208157351_0.jpg torcedor/1790208157352_1.jpg
5a05737d-9741-4fde-999d-c7f5cc6c7cb2	Chelsea Third 26/27	R$ 189,00	TORCEDOR	Premier League (Inglaterra)	P,M,G,GG,2XG,3XG,4XG	+ R$ 60,00	TORCEDOR,JOGADOR	torcedor/1785857839655_0.jpg torcedor/1785857839656_1.jpg
c628ea8f-5e09-4461-bafb-14b3e8d2a37c	Chelsea Goalkeeper Away 26/27	R$ 189,00	TORCEDOR	Premier League (Inglaterra)	P,M,G,GG,2XG,3XG,4XG	+ R$ 60,00	TORCEDOR,JOGADOR	torcedor/1785857757092_0.jpg torcedor/1785857757093_1.jpg
08ed4886-ea97-4d3c-a237-05a52c44526c	Chelsea Away 26/27	R$ 189,00	TORCEDOR	Premier League (Inglaterra)	P,M,G,GG,2XG,3XG,4XG	+ R$ 60,00	TORCEDOR,JOGADOR	torcedor/1785610824701_0.webp torcedor/1785610824702_1.webp torcedor/1785610824702_2.webp torcedor/1785610824702_3.webp torcedor/1785610824703_4.webp torcedor/1785610828002_5.webp torcedor/1785610828003_6.webp
2988e1ff-e59a-4fb5-9617-ee386a1b6302	Chelsea Home 26/27	R$ 189,00	TORCEDOR	Premier League (Inglaterra)	P,M,G,GG,2XG,3XG,4XG	+ R$ 60,00	TORCEDOR,MANGA_LONGA,FEMININA,JOGADOR	torcedor/1785610824677_0.webp torcedor/1785610824678_1.webp torcedor/1785610824678_2.webp torcedor/1785610824678_3.webp torcedor/1785610824678_4.webp torcedor/1785610827522_5.webp torcedor/1785610827523_6.webp torcedor/1785610827523_7.webp torcedor/1785610827523_8.webp torcedor/1785610827524_9.webp
7ed9924b-4a27-4442-95a4-12a7bf26f432	Chelsea Third Player 26/27	R$ 229,00	JOGADOR	Premier League (Inglaterra)	P,M,G,GG,2XG,3XG,4XG	+ R$ 60,00	JOGADOR,TORCEDOR	jogador/1785857839316_0.jpg jogador/1785857839317_1.jpg jogador/1785857839317_2.jpg jogador/1785857839317_3.jpg jogador/1785857839318_4.jpg jogador/1785857844919_5.jpg
bb4272f8-6688-489a-9048-0ab2f8bca1dd	Chelsea Home Long 26/27	R$ 209,00	Chelsea Home Long 26/27	Premier League (Inglaterra)	P,M,G,GG,2XG,3XG,4XG	+ R$ 60,00	MANGA_LONGA,TORCEDOR,FEMININA,JOGADOR	manga_longa/1785857782008_0.jpg manga_longa/1785857782009_1.jpg
c690f74c-8e31-4622-a829-354e64681e2a	Chelsea Home Feminina 26/27	R$ 179,00	FEMININO	Premier League (Inglaterra)	P,M,G,GG	+ R$ 60,00	FEMININA,TORCEDOR,MANGA_LONGA,JOGADOR	feminina/1785857781790_0.jpg feminina/1785857781791_1.jpg
d273e6a5-d359-461b-895b-ba24cfb49661	Chelsea Player Home 26/27	R$ 229,00	JOGADOR	Premier League (Inglaterra)	P,M,G,GG,2XG,3XG,4XG	+ R$ 60,00	JOGADOR,TORCEDOR,MANGA_LONGA,FEMININA	jogador/1785610824768_0.webp jogador/1785610824769_1.webp jogador/1785610824769_2.webp jogador/1785610824769_3.webp jogador/1785610824769_4.webp jogador/1785610828003_5.webp jogador/1785610828004_6.webp jogador/1785610828005_7.webp jogador/1785610828005_8.webp jogador/1785610828005_9.webp jogador/1785610831159_10.webp
c0c32926-d19b-4393-b376-d9de83ee26af	Chelsea Player Away 26/27	R$ 229,00	JOGADOR	Premier League (Inglaterra)	P,M,G,GG,2XG,3XG,4XG	+ R$ 60,00	JOGADOR,TORCEDOR	jogador/1785610824657_0.webp jogador/1785610824658_1.webp jogador/1785610824658_2.webp jogador/1785610824658_3.webp jogador/1785610824658_4.webp jogador/1785610827911_5.webp jogador/1785610827911_6.webp jogador/1785610827911_7.webp jogador/1785610827912_8.webp jogador/1785610827912_9.webp jogador/1785610830837_10.webp
76a60019-d209-42fb-965f-1c5ffb20908f	Chelsea Away 25/26	R$ 189,00	TORCEDOR	Premier League (Inglaterra)	P,M,G,GG,2XG,3XG,4XG	+ R$ 60,00	TORCEDOR,JOGADOR	torcedor/1785611497107_0.webp torcedor/1785611497107_1.webp torcedor/1785611497108_2.webp torcedor/1785611497108_3.webp torcedor/1785611497108_4.webp torcedor/1785611499948_5.webp torcedor/1785611499949_6.webp
5d456e43-2ff1-483b-8db4-b71119d700c7	Chelsea Home 25/26	R$ 189,00	TORCEDOR	Premier League (Inglaterra)	P,M,G,GG,2XG,3XG,4XG	+ R$ 60,00	TORCEDOR,FEMININA,JOGADOR	torcedor/1785611495396_0.webp torcedor/1785611495396_1.webp torcedor/1785611495396_2.webp torcedor/1785611495397_3.webp torcedor/1785611495397_4.webp torcedor/1785611498458_5.webp torcedor/1785611498459_6.webp torcedor/1785611498459_7.webp
0f2f451e-e1f4-4af3-bcae-a539b9720b0c	Chelsea Home 25/26 B	R$ 189,00	TORCEDOR	Premier League (Inglaterra)	P,M,G,GG,2XG,3XG,4XG	+ R$ 60,00	TORCEDOR,FEMININA,JOGADOR	torcedor/1785611494912_0.webp torcedor/1785611494912_1.webp torcedor/1785611494913_2.webp torcedor/1785611494913_3.webp torcedor/1785611494913_4.webp torcedor/1785611497913_5.webp torcedor/1785611497914_6.webp torcedor/1785611497914_7.webp
d827337a-8b80-4f3a-86ed-4172a706203e	Chelsea Third 25/26	R$ 189,00	TORCEDOR	Premier League (Inglaterra)	P,M,G,GG,2XG,3XG,4XG	+ R$ 60,00	TORCEDOR	torcedor/1785611493703_0.webp torcedor/1785611493704_1.webp torcedor/1785611493704_2.webp torcedor/1785611493704_3.webp torcedor/1785611493704_4.webp torcedor/1785611497592_5.webp torcedor/1785611497593_6.webp torcedor/1785611497593_7.webp
10577009-7de1-40a2-a936-ac0e16bc92ea	Chelsea Feminina Home 25/26	R$ 179,00	FEMININO	Premier League (Inglaterra)	P,M,G,GG	+ R$ 60,00	FEMININA,TORCEDOR,JOGADOR	feminina/1785611496151_0.webp feminina/1785611496152_1.webp feminina/1785611496153_2.webp feminina/1785611496153_3.webp feminina/1785611496153_4.webp feminina/1785611499080_5.webp feminina/1785611499081_6.webp feminina/1785611499081_7.webp
8a981981-48f6-47a3-a17e-55621b165ad9	Chelsea Player Away 25/26	R$ 229,00	JOGADOR	Premier League (Inglaterra)	P,M,G,GG,2XG,3XG,4XG	+ R$ 60,00	JOGADOR,TORCEDOR	jogador/1785611494583_0.webp jogador/1785611494584_1.webp jogador/1785611494584_2.webp jogador/1785611494584_3.webp jogador/1785611494585_4.webp
e7d3b59c-f3de-4041-a63b-53e0b736ef4e	Chelsea Player Home 25/26	R$ 229,00	JOGADOR	Premier League (Inglaterra)	P,M,G,GG,2XG,3XG,4XG	+ R$ 60,00	JOGADOR,TORCEDOR,FEMININA	jogador/1785611493734_0.webp jogador/1785611493735_1.webp jogador/1785611493735_2.webp jogador/1785611493735_3.webp jogador/1785611493736_4.webp jogador/1785611496617_5.webp
0d859dc5-cfac-4e1b-8984-16fb63423618	Chelsea Black Blue White 08/09	R$ 409,00	Chelsea Black Blue White 08/09	Premier League (Inglaterra)	P,M,G,GG,2XG,3XG,4XG	+ R$ 60,00	CORTA_VENTO	corta_vento/1790208157113_0.jpg corta_vento/1790208157114_1.jpg corta_vento/1790208157114_2.jpg corta_vento/1790208157114_3.jpg
94ccca2d-4d02-4bf4-a4de-7cb728afa983	Everton Away 26/27	R$ 189,00	TORCEDOR	Premier League (Inglaterra)	P,M,G,GG,2XG,3XG,4XG	+ R$ 60,00	TORCEDOR,KIT_INFANTIL	torcedor/1785857838933_0.jpg torcedor/1785857838934_1.jpg
a47fd618-2088-46a8-91e4-e5e299f5b4d4	Everton Home 26/27	R$ 189,00	TORCEDOR	Premier League (Inglaterra)	P,M,G,GG,2XG,3XG,4XG	+ R$ 60,00	TORCEDOR,KIT_INFANTIL,JOGADOR	torcedor/1785610760508_0.webp torcedor/1785610760509_1.webp torcedor/1785610760509_2.webp torcedor/1785610760509_3.webp torcedor/1785610760509_4.webp torcedor/1785610764323_5.webp torcedor/1785610764323_6.webp torcedor/1785610764324_7.webp torcedor/1785610764324_8.webp
dd29aced-4dc0-470e-8f32-2a13ba398e85	Everton Home Player 26/27	R$ 229,00	JOGADOR	Premier League (Inglaterra)	P,M,G,GG,2XG,3XG,4XG	+ R$ 60,00	JOGADOR,KIT_INFANTIL,TORCEDOR	jogador/1785857854194_0.jpg jogador/1785857854195_1.jpg jogador/1785857854196_2.jpg jogador/1785857854196_3.jpg jogador/1785857854196_4.jpg jogador/1785857859769_5.jpg jogador/1785857859770_6.jpg
820025b0-2480-45bb-823c-dc106a971321	Everton Away Kids 26/27	R$ 199,00	KIDS	Premier League (Inglaterra)	14,16,18	+ R$ 60,00	KIT_INFANTIL,TORCEDOR	kit_infantil/1785857838898_0.jpg kit_infantil/1785857838899_1.jpg
02f5ef19-4085-4725-994c-9a5cff7cdf52	Everton Home Kids 26/27	R$ 199,00	KIDS	Premier League (Inglaterra)	14,16,18	+ R$ 60,00	KIT_INFANTIL,TORCEDOR,JOGADOR	kit_infantil/1785857838138_0.jpg kit_infantil/1785857838138_1.jpg
656c7066-90e1-41e3-b8b4-7cafe82715f1	Everton Fan 25/26	R$ 189,00	TORCEDOR	Premier League (Inglaterra)	P,M,G,GG,2XG,3XG,4XG	+ R$ 60,00	TORCEDOR	torcedor/1785611535178_0.webp torcedor/1785611535179_1.webp torcedor/1785611535179_2.webp torcedor/1785611535179_3.webp torcedor/1785611535179_4.webp torcedor/1785611538166_5.webp
898ea5a4-8853-4676-81f5-795269e4376e	Everton Home 25/26	R$ 189,00	TORCEDOR	Premier League (Inglaterra)	P,M,G,GG,2XG,3XG,4XG	+ R$ 60,00	TORCEDOR	torcedor/1785611534822_0.webp torcedor/1785611534822_1.webp torcedor/1785611534822_2.webp torcedor/1785611534823_3.webp torcedor/1785611534823_4.webp torcedor/1785611537549_5.webp torcedor/1785611537550_6.webp torcedor/1785611537550_7.webp torcedor/1785611537551_8.webp torcedor/1785611537551_9.webp
0c6da363-a303-4741-8fbb-e71838493bf5	Fulham Third 26/27	R$ 189,00	TORCEDOR	Premier League (Inglaterra)	P,M,G,GG,2XG,3XG,4XG	+ R$ 60,00	TORCEDOR,JOGADOR	torcedor/1790208376165_0.jpg torcedor/1790208376166_1.jpg
6b04c3ed-0926-4165-b213-d2f17ed6c401	Fulham Home 26/27	R$ 189,00	TORCEDOR	Premier League (Inglaterra)	P,M,G,GG,2XG,3XG,4XG	+ R$ 60,00	TORCEDOR,JOGADOR,KIT_INFANTIL,RETRO	torcedor/1790208374091_0.jpg torcedor/1790208374091_1.jpg
40729686-b70c-4a2d-9f65-867391892ed1	Fulham Third Player 26/27	R$ 229,00	JOGADOR	Premier League (Inglaterra)	P,M,G,GG,2XG,3XG,4XG	+ R$ 60,00	JOGADOR,TORCEDOR	jogador/1790208376658_0.jpg jogador/1790208376658_1.jpg jogador/1790208376659_2.jpg jogador/1790208376659_3.jpg jogador/1790208376659_4.jpg
9a350f5a-72aa-4b7b-af1b-8e388c4bb8e9	Fulham Home Retro 01/02	R$ 229,00	RETRÔ	Premier League (Inglaterra)	P,M,G,GG,2XG,3XG,4XG	+ R$ 60,00	RETRO,JOGADOR,TORCEDOR,KIT_INFANTIL	retro/1790208375129_0.jpg retro/1790208375129_1.jpg retro/1790208375130_2.jpg retro/1790208375130_3.jpg retro/1790208375130_4.jpg
5c28fd7c-cbf2-46c5-9000-54248238d12e	Fulham Home Player Version 26/27	R$ 229,00	JOGADOR	Premier League (Inglaterra)	P,M,G,GG,2XG,3XG,4XG	+ R$ 60,00	JOGADOR,TORCEDOR,KIT_INFANTIL,RETRO	jogador/1790208374565_0.jpg jogador/1790208374566_1.jpg jogador/1790208374566_2.jpg jogador/1790208374566_3.jpg jogador/1790208374566_4.jpg
7c2fce01-d4e3-43ab-a457-a3642aa4771d	Fulham Home Kids 26/27	R$ 199,00	KIDS	Premier League (Inglaterra)	14,16,18	+ R$ 60,00	KIT_INFANTIL,JOGADOR,TORCEDOR,RETRO	kit_infantil/1790208374341_0.jpg kit_infantil/1790208374341_1.jpg
c835e28a-567b-486c-bc35-f5673e136aa9	Fulham Away Player 26/27	R$ 229,00	JOGADOR	Premier League (Inglaterra)	P,M,G,GG,2XG,3XG,4XG	+ R$ 60,00	JOGADOR	jogador/1790208373896_0.jpg jogador/1790208373896_1.jpg jogador/1790208373896_2.jpg jogador/1790208373896_3.jpg
2519e5b5-7fe2-4de8-96b1-b04f5ae3c58f	Fulham Home Retro 02/03	R$ 229,00	RETRÔ	Premier League (Inglaterra)	P,M,G,GG,2XG,3XG,4XG	+ R$ 60,00	RETRO	retro/1790208375505_0.jpg retro/1790208375506_1.jpg retro/1790208375506_2.jpg retro/1790208375506_3.jpg retro/1790208375506_4.jpg
9dad4d12-61ff-4810-9a7d-d45192f82b25	Fulham Home Retro 98/99	R$ 229,00	RETRÔ	Premier League (Inglaterra)	P,M,G,GG,2XG,3XG,4XG	+ R$ 60,00	RETRO	retro/1790208375785_0.jpg retro/1790208375786_1.jpg retro/1790208375786_2.jpg retro/1790208375786_3.jpg
37ca9875-f419-4741-82f4-4ed5538691e5	Leeds United Goalkeeper 26/27	R$ 189,00	TORCEDOR	Premier League (Inglaterra)	P,M,G,GG,2XG,3XG,4XG	+ R$ 60,00	TORCEDOR	kit_infantil/1785856928708_0.jpg kit_infantil/1785856928709_1.jpg
fcdfc5d4-41e9-4bf3-b82d-4b3b2001eba1	Leeds United Home 26/27	R$ 189,00	TORCEDOR	Premier League (Inglaterra)	P,M,G,GG,2XG,3XG,4XG	+ R$ 60,00	TORCEDOR	torcedor/1785856928251_0.jpg torcedor/1785856928252_1.jpg
27a9c121-2aa4-4be2-a5eb-3dac2f6ee1fe	Leeds Away 26/27	R$ 189,00	TORCEDOR	Premier League (Inglaterra)	P,M,G,GG,2XG,3XG,4XG	+ R$ 60,00	TORCEDOR,KIT_INFANTIL,JOGADOR	torcedor/1785610730357_0.webp torcedor/1785610730357_1.webp torcedor/1785610730357_2.webp torcedor/1785610730358_3.webp torcedor/1785610730358_4.webp torcedor/1785610733483_5.webp torcedor/1785610733483_6.webp torcedor/1785610733484_7.webp torcedor/1785610733484_8.webp
7275c0a4-2546-4974-8473-85e18eb9be5c	Leeds Home 26/27	R$ 189,00	TORCEDOR	Premier League (Inglaterra)	P,M,G,GG,2XG,3XG,4XG	+ R$ 60,00	TORCEDOR	torcedor/1785610729589_0.webp torcedor/1785610729589_1.webp torcedor/1785610729590_2.webp torcedor/1785610729590_3.webp torcedor/1785610729590_4.webp torcedor/1785610733312_5.webp torcedor/1785610733312_6.webp torcedor/1785610733313_7.webp
41fa056a-94f6-4c33-97a7-e60151637e96	Leeds United Away Player 26/27	R$ 229,00	JOGADOR	Premier League (Inglaterra)	P,M,G,GG,2XG,3XG,4XG	+ R$ 60,00	JOGADOR,TORCEDOR,KIT_INFANTIL	jogador/1785856929351_0.jpg jogador/1785856929351_1.jpg jogador/1785856929351_2.jpg jogador/1785856929352_3.jpg jogador/1785856929352_4.jpg jogador/1785856932898_5.jpg jogador/1785856932898_6.jpg
3e8a954f-4c7b-46c5-84f9-0c26ce079d6e	Leeds Away Kids 26/27	R$ 199,00	KIDS	Premier League (Inglaterra)	14,16,18	+ R$ 60,00	KIT_INFANTIL,TORCEDOR,JOGADOR	kit_infantil/1785856787143_0.jpg kit_infantil/1785856787144_1.jpg
d73e47f6-8097-427c-b215-63285b03d161	Leeds Home 25/26	R$ 189,00	TORCEDOR	Premier League (Inglaterra)	P,M,G,GG,2XG,3XG,4XG	+ R$ 60,00	TORCEDOR,JOGADOR	torcedor/1785611844575_0.webp torcedor/1785611844576_1.webp torcedor/1785611844576_2.webp torcedor/1785611844577_3.webp torcedor/1785611844577_4.webp torcedor/1785611847836_5.webp torcedor/1785611847837_6.webp torcedor/1785611847837_7.webp torcedor/1785611847838_8.webp
ea9fa3da-e850-4ee7-9c5f-b0ff2ab562fd	Leeds Player Home 25/26	R$ 229,00	JOGADOR	Premier League (Inglaterra)	P,M,G,GG,2XG,3XG,4XG	+ R$ 60,00	JOGADOR,TORCEDOR	jogador/1785611844039_0.webp jogador/1785611844040_1.webp
0a9a7d6c-ed83-4211-92bf-34fb335e68b8	2001 Leeds Home Retro	R$ 229,00	RETRÔ		P,M,G,GG,2XG,3XG,4XG	+ R$ 60,00	RETRO	torcedor/1782392254118_3.jpg torcedor/1782392254117_0.jpg torcedor/1782392254118_1.jpg torcedor/1782392254118_2.jpg torcedor/1782392254119_4.jpg torcedor/1782392257673_5.jpg torcedor/1782392257674_6.jpg torcedor/1782392257674_7.jpg torcedor/1782392257675_8.jpg torcedor/1782392257675_9.jpg torcedor/1782392260981_10.jpg torcedor/1782392260982_11.jpg torcedor/1782392260982_12.jpg torcedor/1782392260982_13.jpg torcedor/1782392260982_14.jpg torcedor/1782392395363_15.jpg torcedor/1782392395364_16.jpg torcedor/1782392395365_17.jpg torcedor/1782392395365_18.jpg torcedor/1782392395365_19.jpg
1ec279ce-3571-4976-b394-3fe47c9c3cf1	Liverpool Goalkeeper 26/27	R$ 189,00	TORCEDOR	Premier League (Inglaterra)	P,M,G,GG,2XG,3XG,4XG	+ R$ 60,00	TORCEDOR,JOGADOR,KIT_INFANTIL	torcedor/1785856930324_0.jpg torcedor/1785856930325_1.jpg
bb2f4a3e-8b6f-4705-9267-08c8cbe18761	Liverpool Away 26/27	R$ 189,00	TORCEDOR	Premier League (Inglaterra)	P,M,G,GG,2XG,3XG,4XG	+ R$ 60,00	TORCEDOR,KIT_INFANTIL,MANGA_LONGA,JOGADOR,FEMININA	torcedor/1785856927613_0.jpg torcedor/1785856927614_1.jpg torcedor/1785856927614_2.jpg torcedor/1785856927614_3.jpg torcedor/1785856927615_4.jpg torcedor/1785856931559_5.jpg
be4ea2f2-0ef5-49f5-bb4b-0b20e3763807	Liverpool Third 26/27	R$ 189,00	TORCEDOR	Premier League (Inglaterra)	P,M,G,GG,2XG,3XG,4XG	+ R$ 60,00	TORCEDOR	torcedor/1785856722958_0.jpg torcedor/1785856722959_1.jpg
21a4b63b-bf42-4df6-ae6d-275ef7cd45eb	Liverpool Home 26/27	R$ 189,00	TORCEDOR	Premier League (Inglaterra)	P,M,G,GG,2XG,3XG,4XG	+ R$ 60,00	TORCEDOR,MANGA_LONGA,JOGADOR	torcedor/1785610726528_0.webp torcedor/1785610726528_1.webp torcedor/1785610726529_2.webp torcedor/1785610726529_3.webp torcedor/1785610726529_4.webp torcedor/1785610730374_5.webp torcedor/1785610730375_6.webp torcedor/1785610730375_7.webp
50afc9cd-9589-4cb9-8260-8b07a8d65c0e	Liverpool Goalkeeper Player 26/27	R$ 229,00	JOGADOR	Premier League (Inglaterra)	P,M,G,GG,2XG,3XG,4XG	+ R$ 60,00	JOGADOR,TORCEDOR,KIT_INFANTIL	jogador/1785856932469_0.jpg jogador/1785856932470_1.jpg jogador/1785856932470_2.jpg jogador/1785856932470_3.jpg jogador/1785856932470_4.jpg jogador/1785856935869_5.jpg
f94d68ca-e14c-4eab-980f-a0cc5ab34206	Liverpool Goalkeeper Kids 26/27	R$ 199,00	KIDS	Premier League (Inglaterra)	14,16,18	+ R$ 60,00	KIT_INFANTIL,TORCEDOR,JOGADOR	kit_infantil/1785856930967_0.jpg kit_infantil/1785856930967_1.jpg
b45f212d-d978-43e5-bf9c-8f942f520294	Liverpool Away Kids 26/27	R$ 199,00	KIDS	Premier League (Inglaterra)	14,16,18	+ R$ 60,00	KIT_INFANTIL,TORCEDOR,MANGA_LONGA,JOGADOR,FEMININA	kit_infantil/1785856927251_0.jpg
dbfe8b29-5ea4-401a-ae37-996f5bc39653	Liverpool Away Long 26/27	R$ 209,00	Liverpool Away Long 26/27	Premier League (Inglaterra)	P,M,G,GG,2XG,3XG,4XG	+ R$ 60,00	MANGA_LONGA,KIT_INFANTIL,TORCEDOR,JOGADOR,FEMININA	manga_longa/1785856926979_0.jpg manga_longa/1785856926979_1.jpg
df60da0b-662f-4700-93a0-6647de33bf44	Liverpool Away Player 26/27	R$ 229,00	JOGADOR	Premier League (Inglaterra)	P,M,G,GG,2XG,3XG,4XG	+ R$ 60,00	JOGADOR,KIT_INFANTIL,TORCEDOR,MANGA_LONGA,FEMININA	jogador/1785856926370_0.jpg jogador/1785856926370_1.jpg jogador/1785856926371_2.jpg jogador/1785856926371_3.jpg jogador/1785856926371_4.jpg
f58c9832-f465-4d17-9b8d-4be94993294c	Liverpool Away Feminina 26/27	R$ 179,00	FEMININO	Premier League (Inglaterra)	P,M,G,GG	+ R$ 60,00	FEMININA,KIT_INFANTIL,TORCEDOR,MANGA_LONGA,JOGADOR	feminina/1785856926251_0.jpg feminina/1785856926252_1.jpg
47995e04-6359-455d-b169-b727904821ee	Liverpool Home Long Sleeve Player 26/27	R$ 209,00	JOGADOR	Premier League (Inglaterra)	P,M,G,GG,2XG,3XG,4XG	+ R$ 60,00	MANGA_LONGA,TORCEDOR,JOGADOR	jogador/1785856761460_0.jpg jogador/1785856761461_1.jpg jogador/1785856761461_2.jpg jogador/1785856761462_3.jpg jogador/1785856761462_4.jpg jogador/1785856765132_5.jpg
85c3636a-bf04-40e3-a3cd-c67b186ba28b	Liverpool Special Edition 26/27	R$ 229,00	JOGADOR	Premier League (Inglaterra)	P,M,G,GG,2XG,3XG,4XG	+ R$ 60,00	JOGADOR,TORCEDOR,KIT_INFANTIL	jogador/1785613314747_0.webp jogador/1785613314748_1.webp jogador/1785613314748_2.webp jogador/1785613314748_3.webp jogador/1785613314748_4.webp jogador/1785613317971_5.webp jogador/1785613317972_6.webp jogador/1785613317972_7.webp jogador/1785613317972_8.webp
b5997150-0fea-4bcc-8a1a-fa3a101ea469	Liverpool Player Home 26/27	R$ 229,00	JOGADOR	Premier League (Inglaterra)	P,M,G,GG,2XG,3XG,4XG	+ R$ 60,00	JOGADOR,TORCEDOR,MANGA_LONGA	jogador/1785610726568_0.webp jogador/1785610726569_1.webp jogador/1785610726569_2.webp jogador/1785610726570_3.webp jogador/1785610726570_4.webp jogador/1785610730288_5.webp jogador/1785610730289_6.webp jogador/1785610730289_7.webp jogador/1785610730289_8.webp
8e9a20a8-de35-4408-a922-0016d8d4358a	Liverpool Away 25/26	R$ 189,00	TORCEDOR	Premier League (Inglaterra)	P,M,G,GG,2XG,3XG,4XG	+ R$ 60,00	TORCEDOR	torcedor/1785611767291_0.webp torcedor/1785611767291_1.webp torcedor/1785611767292_2.webp torcedor/1785611767292_3.webp torcedor/1785611767292_4.webp torcedor/1785611770034_5.webp torcedor/1785611770034_6.webp torcedor/1785611770035_7.webp torcedor/1785611770035_8.webp torcedor/1785611770035_9.webp
f903a20e-7029-4661-8118-deb52fe6ad75	Liverpool Black 25/26	R$ 189,00	TORCEDOR	Premier League (Inglaterra)	P,M,G,GG,2XG,3XG,4XG	+ R$ 60,00	TORCEDOR,JOGADOR	torcedor/1785611766258_0.webp torcedor/1785611766259_1.webp torcedor/1785611766259_2.webp torcedor/1785611766259_3.webp torcedor/1785611766259_4.webp torcedor/1785611769123_5.webp torcedor/1785611769123_6.webp
44f5cf82-ba16-4eb4-adf7-e79ba911faeb	Liverpool Home 25/26	R$ 189,00	TORCEDOR	Premier League (Inglaterra)	P,M,G,GG,2XG,3XG,4XG	+ R$ 60,00	TORCEDOR	torcedor/1785611765980_0.webp torcedor/1785611765980_1.webp torcedor/1785611765981_2.webp torcedor/1785611765981_3.webp torcedor/1785611765981_4.webp torcedor/1785611769639_5.webp torcedor/1785611769640_6.webp torcedor/1785611769640_7.webp torcedor/1785611769641_8.webp
9b78eb50-2706-4472-99d0-675403f2a783	Liverpool Lwp 25/26	R$ 189,00	TORCEDOR	Premier League (Inglaterra)	P,M,G,GG,2XG,3XG,4XG	+ R$ 60,00	TORCEDOR,JOGADOR	torcedor/1785611765173_0.webp torcedor/1785611765174_1.webp torcedor/1785611765175_2.webp torcedor/1785611765175_3.webp torcedor/1785611765175_4.webp torcedor/1785611768121_5.webp
138a50be-7ded-470b-b28b-53b5acf627fc	Liverpool Lwp Black 25/26	R$ 189,00	TORCEDOR	Premier League (Inglaterra)	P,M,G,GG,2XG,3XG,4XG	+ R$ 60,00	TORCEDOR,JOGADOR	torcedor/1785611764787_0.webp torcedor/1785611764787_1.webp torcedor/1785611764788_2.webp torcedor/1785611764788_3.webp torcedor/1785611764788_4.webp torcedor/1785611768330_5.webp torcedor/1785611768331_6.webp torcedor/1785611768331_7.webp
e432247d-1201-401f-aaa6-57488fc5c70c	Liverpool Player Liv Grey 25/26	R$ 229,00	JOGADOR	Premier League (Inglaterra)	P,M,G,GG,2XG,3XG,4XG	+ R$ 60,00	JOGADOR,TORCEDOR	jogador/1785611764121_0.webp jogador/1785611764121_1.webp jogador/1785611764122_2.webp jogador/1785611764122_3.webp jogador/1785611764122_4.webp
99a7bbdb-618c-4661-831d-0727b64b46ea	2001 Liverpool Home Retro	R$ 229,00	RETRÔ		P,M,G,GG,2XG,3XG,4XG	+ R$ 60,00	RETRO	torcedor/1782392806414_17.jpeg torcedor/1782392796144_0.jpeg torcedor/1782392796145_1.jpeg torcedor/1782392796145_2.jpeg torcedor/1782392796145_3.jpeg torcedor/1782392796146_4.jpeg torcedor/1782392799998_5.jpeg torcedor/1782392799999_6.jpeg torcedor/1782392799999_7.jpeg torcedor/1782392800000_8.jpeg torcedor/1782392800000_9.jpeg torcedor/1782392803434_10.jpeg torcedor/1782392803434_11.jpeg torcedor/1782392803435_12.jpeg torcedor/1782392803435_13.jpeg torcedor/1782392803435_14.jpeg torcedor/1782392806413_15.jpeg torcedor/1782392806414_16.jpeg torcedor/1782392806414_18.jpeg torcedor/1782392806415_19.jpeg torcedor/1782392809693_20.jpeg torcedor/1782392809694_21.jpeg torcedor/1782392809695_22.jpeg
9e9a70e3-d4b8-4a90-94ce-b62b8d7813ca	Manchester City Third 26/27	R$ 189,00	TORCEDOR	Premier League (Inglaterra)	P,M,G,GG,2XG,3XG,4XG	+ R$ 60,00	TORCEDOR,MANGA_LONGA	torcedor/1785856726322_0.jpg torcedor/1785856726323_1.jpg
a95be33e-faf2-4135-b27f-1c2120c026e9	Manchester City Away 26/27	R$ 189,00	TORCEDOR	Premier League (Inglaterra)	P,M,G,GG,2XG,3XG,4XG	+ R$ 60,00	TORCEDOR,KIT_INFANTIL,MANGA_LONGA	torcedor/1785856723051_0.jpg torcedor/1785856723052_1.jpg torcedor/1785856723052_2.jpg torcedor/1785856723053_3.jpg torcedor/1785856723053_4.jpg torcedor/1785856726041_5.jpg
acf411f7-f7c7-45dc-a35a-6fc31c33c0a2	Manchester City Home 26/27	R$ 189,00	TORCEDOR	Premier League (Inglaterra)	P,M,G,GG,2XG,3XG,4XG	+ R$ 60,00	TORCEDOR,KIT_INFANTIL,MANGA_LONGA	torcedor/1785610726525_0.webp torcedor/1785610726526_1.webp torcedor/1785610726526_2.webp torcedor/1785610726527_3.webp torcedor/1785610726527_4.webp torcedor/1785610730014_5.webp torcedor/1785610730015_6.webp torcedor/1785610730015_7.webp torcedor/1785610730016_8.webp torcedor/1785610730016_9.webp
0304f2aa-7181-4402-aaaf-ff63ddb224ae	Manchester City Third Long 26/27	R$ 209,00	Manchester City Third Long 26/27	Premier League (Inglaterra)	P,M,G,GG,2XG,3XG,4XG	+ R$ 60,00	MANGA_LONGA,TORCEDOR	manga_longa/1785856726849_0.jpg manga_longa/1785856726850_1.jpg
e14a3a62-0d67-403c-93eb-500abd05fd36	Manchester City Home Long Sleeve 26/27	R$ 209,00	MANGA LONGA	Premier League (Inglaterra)	P,M,G,GG,2XG,3XG,4XG	+ R$ 60,00	MANGA_LONGA,KIT_INFANTIL,TORCEDOR	manga_longa/1785856725805_0.jpg manga_longa/1785856725806_1.jpg
683c601c-313a-4883-80fc-16fba612ac0a	Manchester City Home Kids 26/27	R$ 199,00	KIDS	Premier League (Inglaterra)	14,16,18	+ R$ 60,00	KIT_INFANTIL,TORCEDOR,MANGA_LONGA	kit_infantil/1785856725477_0.jpg kit_infantil/1785856725478_1.jpg
5ca714fb-5b7e-4e55-b2e6-13e4bb0b7ae5	Manchester City Goalkeeper kids 26/27	R$ 199,00	KIDS	Premier League (Inglaterra)	14,16,18	+ R$ 60,00	KIT_INFANTIL	kit_infantil/1785856724500_0.jpg kit_infantil/1785856724501_1.jpg
9eab3738-d251-4bfa-b175-d543b529cfd6	Manchester City Away Long Sleeve Player 26/27	R$ 209,00	JOGADOR	Premier League (Inglaterra)	P,M,G,GG,2XG,3XG,4XG	+ R$ 60,00	MANGA_LONGA,KIT_INFANTIL,TORCEDOR	manga_longa/1785856723846_0.jpg manga_longa/1785856723847_1.jpg manga_longa/1785856723847_2.jpg manga_longa/1785856723848_3.jpg manga_longa/1785856723848_4.jpg manga_longa/1785856727036_5.jpg manga_longa/1785856727037_6.jpg
4bf2c398-23b6-4120-8b0e-8b253bc10c0b	Manchester City Away Kids 26/27	R$ 199,00	KIDS	Premier League (Inglaterra)	14,16,18	+ R$ 60,00	KIT_INFANTIL,MANGA_LONGA,TORCEDOR	kit_infantil/1785856723435_0.jpg kit_infantil/1785856723436_1.jpg
04951038-b4ac-434b-a554-e061ce102511	Manchester City Fan 25/26	R$ 189,00	TORCEDOR	Premier League (Inglaterra)	P,M,G,GG,2XG,3XG,4XG	+ R$ 60,00	TORCEDOR,JOGADOR,KIT_INFANTIL	torcedor/1785612174544_0.webp torcedor/1785612174545_1.webp torcedor/1785612174545_2.webp torcedor/1785612174545_3.webp torcedor/1785612174545_4.webp torcedor/1785612177159_5.webp torcedor/1785612177160_6.webp torcedor/1785612177160_7.webp
e4cc65bd-9039-4339-9b1f-185d23d6c441	Manchester City Fan 25/26 B	R$ 189,00	TORCEDOR	Premier League (Inglaterra)	P,M,G,GG,2XG,3XG,4XG	+ R$ 60,00	TORCEDOR,JOGADOR,KIT_INFANTIL	torcedor/1785612173224_0.webp torcedor/1785612173224_1.webp torcedor/1785612173224_2.webp torcedor/1785612173225_3.webp torcedor/1785612173225_4.webp torcedor/1785612176180_5.webp torcedor/1785612176181_6.webp
b95e4711-24d2-4925-a3a3-f1105d7bbbd9	Manchester City Fan 25/26 C	R$ 189,00	TORCEDOR	Premier League (Inglaterra)	P,M,G,GG,2XG,3XG,4XG	+ R$ 60,00	TORCEDOR,JOGADOR,KIT_INFANTIL	torcedor/1785612171948_0.webp torcedor/1785612171949_1.webp torcedor/1785612171949_2.webp torcedor/1785612171949_3.webp torcedor/1785612171949_4.webp torcedor/1785612174804_5.webp
5c1faa35-56a0-410e-8d70-4acc0412d473	Manchester City Fan 25/26 D	R$ 189,00	TORCEDOR	Premier League (Inglaterra)	P,M,G,GG,2XG,3XG,4XG	+ R$ 60,00	TORCEDOR,JOGADOR,KIT_INFANTIL	torcedor/1785612171041_0.webp torcedor/1785612171042_1.webp torcedor/1785612171042_2.webp torcedor/1785612171042_3.webp torcedor/1785612171042_4.webp torcedor/1785612174205_5.webp torcedor/1785612174206_6.webp
d725b71d-b3dc-470e-9e6a-031498323f44	Manchester City Home 25/26	R$ 189,00	TORCEDOR	Premier League (Inglaterra)	P,M,G,GG,2XG,3XG,4XG	+ R$ 60,00	TORCEDOR,KIT_INFANTIL,FEMININA,JOGADOR	torcedor/1785612169584_0.webp torcedor/1785612169585_1.webp torcedor/1785612169585_2.webp torcedor/1785612169585_3.webp torcedor/1785612169585_4.webp torcedor/1785612173320_5.webp torcedor/1785612173321_6.webp torcedor/1785612173322_7.webp torcedor/1785612173322_8.webp torcedor/1785612173322_9.webp
39cd3260-86ba-4551-a5e3-34b5f0f93dfb	Manchester City Home 25/26 B	R$ 189,00	TORCEDOR	Premier League (Inglaterra)	P,M,G,GG,2XG,3XG,4XG	+ R$ 60,00	TORCEDOR,KIT_INFANTIL,FEMININA,JOGADOR	torcedor/1785612168856_0.webp torcedor/1785612168856_1.webp torcedor/1785612168857_2.webp torcedor/1785612168857_3.webp torcedor/1785612168857_4.webp torcedor/1785612171894_5.webp torcedor/1785612171895_6.webp torcedor/1785612171895_7.webp torcedor/1785612171895_8.webp torcedor/1785612171895_9.webp torcedor/1785612175222_10.webp
7258290d-9677-4d61-9340-8696a3d276aa	Manchester City Purple 25/26	R$ 189,00	TORCEDOR	Premier League (Inglaterra)	P,M,G,GG,2XG,3XG,4XG	+ R$ 60,00	TORCEDOR,JOGADOR,KIT_INFANTIL	torcedor/1785612160900_0.webp torcedor/1785612160901_1.webp torcedor/1785612160901_2.webp torcedor/1785612160901_3.webp torcedor/1785612160901_4.webp torcedor/1785612163660_5.webp torcedor/1785612163661_6.webp
31647cb1-73f7-462f-8f73-cb57ca2afa0d	Manchester City Quarta 25/26	R$ 189,00	TORCEDOR	Premier League (Inglaterra)	P,M,G,GG,2XG,3XG,4XG	+ R$ 60,00	TORCEDOR,JOGADOR,KIT_INFANTIL	torcedor/1785612160241_0.webp torcedor/1785612160242_1.webp torcedor/1785612160242_2.webp torcedor/1785612160242_3.webp torcedor/1785612160243_4.webp torcedor/1785612163363_5.webp torcedor/1785612163364_6.webp torcedor/1785612163364_7.webp torcedor/1785612163364_8.webp
67d02bb4-4fc5-4c6c-9569-7dc153c1d207	Manchester City Quarta 25/26 B	R$ 189,00	TORCEDOR	Premier League (Inglaterra)	P,M,G,GG,2XG,3XG,4XG	+ R$ 60,00	TORCEDOR,JOGADOR,KIT_INFANTIL	torcedor/1785612155477_0.webp torcedor/1785612155477_1.webp torcedor/1785612155478_2.webp torcedor/1785612155478_3.webp torcedor/1785612155478_4.webp torcedor/1785612158968_5.webp torcedor/1785612158969_6.webp torcedor/1785612158969_7.webp torcedor/1785612158969_8.webp torcedor/1785612158970_9.webp torcedor/1785612162250_10.webp
c822a386-7b8b-4a52-9f65-1d6413676d6d	Manchester City Suit 25/26	R$ 189,00	TORCEDOR	Premier League (Inglaterra)	P,M,G,GG,2XG,3XG,4XG	+ R$ 60,00	TORCEDOR,JOGADOR,KIT_INFANTIL	torcedor/1785612154718_0.webp torcedor/1785612154719_1.webp torcedor/1785612154719_2.webp torcedor/1785612154720_3.webp torcedor/1785612154720_4.webp torcedor/1785612158776_5.webp
396d651b-4666-4749-b66c-628604fbcac3	Manchester City Version 25/26	R$ 189,00	TORCEDOR	Premier League (Inglaterra)	P,M,G,GG,2XG,3XG,4XG	+ R$ 60,00	TORCEDOR,JOGADOR,KIT_INFANTIL	torcedor/1785612154431_0.webp torcedor/1785612154432_1.webp torcedor/1785612154432_2.webp torcedor/1785612154432_3.webp torcedor/1785612154432_4.webp torcedor/1785612157839_5.webp torcedor/1785612157840_6.webp torcedor/1785612157840_7.webp torcedor/1785612157840_8.webp
40d34a2d-949e-4d5a-a823-e008b0c2eaec	Manchester City Third 25/26	R$ 189,00	TORCEDOR	Premier League (Inglaterra)	P,M,G,GG,2XG,3XG,4XG	+ R$ 60,00	TORCEDOR,JOGADOR	torcedor/1785612154382_0.webp torcedor/1785612154383_1.webp torcedor/1785612154383_2.webp torcedor/1785612154384_3.webp torcedor/1785612154384_4.webp torcedor/1785612157102_5.webp torcedor/1785612157103_6.webp
de4dab00-cf83-4912-89ea-0284a7c12602	Manchester City Third 25/26 B	R$ 189,00	TORCEDOR	Premier League (Inglaterra)	P,M,G,GG,2XG,3XG,4XG	+ R$ 60,00	TORCEDOR,JOGADOR	torcedor/1785612154324_0.webp torcedor/1785612154325_1.webp torcedor/1785612154325_2.webp torcedor/1785612154326_3.webp torcedor/1785612154326_4.webp torcedor/1785612157447_5.webp torcedor/1785612157448_6.webp torcedor/1785612157448_7.webp
7c7776a9-7502-4c2a-9a3c-e28ef0ade20e	Manchester City Away 25/26	R$ 189,00	TORCEDOR	Premier League (Inglaterra)	P,M,G,GG,2XG,3XG,4XG	+ R$ 60,00	TORCEDOR,KIT_INFANTIL,JOGADOR	torcedor/1785611760287_0.webp torcedor/1785611760288_1.webp torcedor/1785611760289_2.webp torcedor/1785611760289_3.webp torcedor/1785611760290_4.webp torcedor/1785611764121_5.webp torcedor/1785611764122_6.webp torcedor/1785611764122_7.webp torcedor/1785611764122_8.webp
1f34f44e-520d-4282-8ab3-d95dc5551d0c	Manchester City Feminina Home 25/26	R$ 179,00	FEMININO	Premier League (Inglaterra)	P,M,G,GG	+ R$ 60,00	FEMININA,KIT_INFANTIL,TORCEDOR,JOGADOR	torcedor/1785612169827_0.webp torcedor/1785612169828_1.webp torcedor/1785612169828_2.webp torcedor/1785612169828_3.webp torcedor/1785612169828_4.webp torcedor/1785612173392_5.webp torcedor/1785612173392_6.webp torcedor/1785612173393_7.webp torcedor/1785612173393_8.webp torcedor/1785612173393_9.webp
d52f96e3-12eb-47e3-95c9-ab1f5a5ef4e6	Manchester City Kids Away 25/26	R$ 199,00	KIDS	Premier League (Inglaterra)	14,16,18	+ R$ 60,00	KIT_INFANTIL,TORCEDOR,JOGADOR	kit_infantil/1785612168248_0.webp kit_infantil/1785612168248_1.webp kit_infantil/1785612168248_2.webp kit_infantil/1785612168248_3.webp kit_infantil/1785612168249_4.webp kit_infantil/1785612171205_5.webp
92cd34d9-420b-4e06-9672-0576f4dc32c6	Manchester City Kids Away 25/26 B	R$ 199,00	KIDS	Premier League (Inglaterra)	14,16,18	+ R$ 60,00	KIT_INFANTIL,TORCEDOR,JOGADOR	kit_infantil/1785612167834_0.webp kit_infantil/1785612167835_1.webp kit_infantil/1785612167835_2.webp kit_infantil/1785612167835_3.webp kit_infantil/1785612167835_4.webp kit_infantil/1785612170837_5.webp
12d5c568-d0e7-4436-b99f-7b3aefa46f40	Manchester City Kids Home 25/26	R$ 199,00	KIDS	Premier League (Inglaterra)	14,16,18	+ R$ 60,00	KIT_INFANTIL,FEMININA,TORCEDOR,JOGADOR	kit_infantil/1785612166822_0.webp kit_infantil/1785612166823_1.webp kit_infantil/1785612166823_2.webp kit_infantil/1785612166823_3.webp kit_infantil/1785612166823_4.webp kit_infantil/1785612170120_5.webp
d67dc083-40f9-4c35-945e-f6de0435d3e4	Manchester City Kids Quarta 25/26	R$ 199,00	KIDS	Premier League (Inglaterra)	14,16,18	+ R$ 60,00	KIT_INFANTIL,TORCEDOR,JOGADOR	kit_infantil/1785612165891_0.webp kit_infantil/1785612165891_1.webp kit_infantil/1785612165891_2.webp kit_infantil/1785612165892_3.webp kit_infantil/1785612165892_4.webp kit_infantil/1785612169514_5.webp
d19c05e0-05cf-4b28-bd44-ff8d741663d8	Manchester City Player Away 25/26	R$ 229,00	JOGADOR	Premier League (Inglaterra)	P,M,G,GG,2XG,3XG,4XG	+ R$ 60,00	JOGADOR,TORCEDOR,KIT_INFANTIL	torcedor/1785612164051_0.webp torcedor/1785612164052_1.webp torcedor/1785612164052_2.webp torcedor/1785612164052_3.webp torcedor/1785612164052_4.webp
e0660657-5367-4ae7-9689-b4bfcc8f6d78	Manchester City Player Black Color 25/26	R$ 229,00	JOGADOR	Premier League (Inglaterra)	P,M,G,GG,2XG,3XG,4XG	+ R$ 60,00	JOGADOR,TORCEDOR,KIT_INFANTIL	jogador/1785612163517_0.webp jogador/1785612163518_1.webp jogador/1785612163518_2.webp jogador/1785612163518_3.webp jogador/1785612163519_4.webp jogador/1785612166754_5.webp
2355164d-ca5c-4fcc-86d5-e99ebca3b9c3	Manchester City Player Blue 25/26	R$ 229,00	JOGADOR	Premier League (Inglaterra)	P,M,G,GG,2XG,3XG,4XG	+ R$ 60,00	JOGADOR,TORCEDOR,KIT_INFANTIL	jogador/1785612162915_0.webp jogador/1785612162916_1.webp jogador/1785612162916_2.webp jogador/1785612162917_3.webp jogador/1785612162917_4.webp jogador/1785612166088_5.webp jogador/1785612166088_6.webp
51d4fabb-7905-4efd-8a71-9e36ed24343e	Manchester City Player Home 25/26	R$ 229,00	JOGADOR	Premier League (Inglaterra)	P,M,G,GG,2XG,3XG,4XG	+ R$ 60,00	JOGADOR,KIT_INFANTIL,FEMININA,TORCEDOR	jogador/1785612162480_0.webp jogador/1785612162480_1.webp jogador/1785612162480_2.webp jogador/1785612162481_3.webp jogador/1785612162481_4.webp
057f0f45-73f4-4c35-b74c-8a5878c42fa2	Manchester City Player Third 25/26	R$ 229,00	JOGADOR	Premier League (Inglaterra)	P,M,G,GG,2XG,3XG,4XG	+ R$ 60,00	JOGADOR,TORCEDOR	jogador/1785612161922_0.webp jogador/1785612161923_1.webp jogador/1785612161923_2.webp jogador/1785612161924_3.webp jogador/1785612161924_4.webp
2ee216cc-e679-4c2c-a897-43cc9147412d	Manchester United Fourth 125 Years Anniversary 2026	R$ 189,00	TORCEDOR		P,M,G,GG,2XG,3XG,4XG	+ R$ 60,00	TORCEDOR,CORTA_VENTO	torcedor/1785885783259_0.jpg torcedor/1785885783260_1.jpg torcedor/1785885783260_2.jpg
acc44904-04fe-42af-a4b2-dd7f7c7b74d1	Manchester United Home 26/27	R$ 189,00	TORCEDOR	Premier League (Inglaterra)	P,M,G,GG,2XG,3XG,4XG	+ R$ 60,00	TORCEDOR,MANGA_LONGA,FEMININA,JOGADOR	torcedor/1785885756823_0.jpg torcedor/1785885756824_1.jpg torcedor/1785885756824_2.jpg torcedor/1785885756824_3.jpg torcedor/1785885756824_4.jpg
98cfb3cc-162f-40d0-b0b9-b6f2c864980c	Manchester United Away 26/27	R$ 189,00	TORCEDOR	Premier League (Inglaterra)	P,M,G,GG,2XG,3XG,4XG	+ R$ 60,00	TORCEDOR,MANGA_LONGA,KIT_INFANTIL,FEMININA	torcedor/1785881849507_0.jpg torcedor/1785881849507_1.jpg torcedor/1785881849508_2.jpg torcedor/1785881849508_3.jpg torcedor/1785881849508_4.jpg
4f41b7a3-4247-4071-9081-2e5613377e48	Manchester United Third 26/27	R$ 189,00	TORCEDOR	Premier League (Inglaterra)	P,M,G,GG,2XG,3XG,4XG	+ R$ 60,00	TORCEDOR	torcedor/1785881788209_0.jpg torcedor/1785881788210_1.jpg
25b00f56-cd6f-4bc7-b08d-963aaab8d395	Manchester United Cultural Story Reversible Red Black Jacket 26/27	R$ 409,00	Manchester United Cultural Story Reversible Red Black Jacket 26/27	Premier League (Inglaterra)	P,M,G,GG,2XG,3XG,4XG	+ R$ 60,00	CORTA_VENTO,TORCEDOR	corta_vento/1785885774486_0.jpg corta_vento/1785885774487_1.jpg corta_vento/1785885774487_2.jpg corta_vento/1785885774487_3.jpg corta_vento/1785885774488_4.jpg corta_vento/1785885778584_5.jpg
4f289215-789c-4016-99b9-6ea53f73da9f	Manchester United Home Long 26/27	R$ 209,00	Manchester United Home Long 26/27	Premier League (Inglaterra)	P,M,G,GG,2XG,3XG,4XG	+ R$ 60,00	MANGA_LONGA,FEMININA,TORCEDOR,JOGADOR	manga_longa/1785885755525_0.jpg manga_longa/1785885755525_1.jpg
4352c298-1a8e-4785-9a95-9e717c3607f3	Manchester United Home Long Sleeve Player 26/27	R$ 209,00	JOGADOR	Premier League (Inglaterra)	P,M,G,GG,2XG,3XG,4XG	+ R$ 60,00	MANGA_LONGA,FEMININA,TORCEDOR,JOGADOR	jogador/1785885658364_0.jpg jogador/1785885658364_1.jpg jogador/1785885658365_2.jpg jogador/1785885658365_3.jpg jogador/1785885658365_4.jpg jogador/1785885663609_5.jpg
f27ee4b5-238f-4318-881e-b82efc79aa9a	Manchester United Home Player 26/27	R$ 229,00	JOGADOR	Premier League (Inglaterra)	P,M,G,GG,2XG,3XG,4XG	+ R$ 60,00	JOGADOR,MANGA_LONGA,FEMININA,TORCEDOR	jogador/1785885658060_0.jpg jogador/1785885658061_1.jpg jogador/1785885658061_2.jpg jogador/1785885658061_3.jpg jogador/1785885658062_4.jpg jogador/1785885661833_5.jpg jogador/1785885661834_6.jpg
9f303b28-fb34-4177-9849-bef4f3717573	Manchester United Away Feminina 26/27	R$ 179,00	FEMININO	Premier League (Inglaterra)	P,M,G,GG	+ R$ 60,00	FEMININA,MANGA_LONGA,KIT_INFANTIL,TORCEDOR	feminina/1785881977967_0.jpg feminina/1785881977968_1.jpg
4fbc178b-4e64-4411-bf61-b71dcce9cda7	Manchester United Away Long Sleeve Player 26/27	R$ 209,00	JOGADOR	Premier League (Inglaterra)	P,M,G,GG,2XG,3XG,4XG	+ R$ 60,00	MANGA_LONGA,KIT_INFANTIL,TORCEDOR,FEMININA	jogador/1785881885986_0.jpg jogador/1785881885986_1.jpg jogador/1785881885986_2.jpg jogador/1785881885986_3.jpg jogador/1785881885987_4.jpg jogador/1785881889687_5.jpg
338c9879-f7fc-44d3-864b-b6adc0275011	Manchester United Away Long 26/27	R$ 209,00	Manchester United Away Long 26/27	Premier League (Inglaterra)	P,M,G,GG,2XG,3XG,4XG	+ R$ 60,00	MANGA_LONGA,KIT_INFANTIL,TORCEDOR,FEMININA	manga_longa/1785881850077_0.jpg manga_longa/1785881850077_1.jpg
65344eba-5d16-47cc-a14d-54caae7102c2	Manchester United Away Kids 26/27	R$ 199,00	KIDS	Premier League (Inglaterra)	14,16,18	+ R$ 60,00	KIT_INFANTIL,MANGA_LONGA,TORCEDOR,FEMININA	kit_infantil/1785881849564_0.jpg kit_infantil/1785881849564_1.jpg
6173cac4-4d91-4ab8-b334-7d369780e9d1	Manchester United Home Feminina 26/27	R$ 179,00	FEMININO	Premier League (Inglaterra)	P,M,G,GG	+ R$ 60,00	FEMININA,MANGA_LONGA,TORCEDOR,JOGADOR	feminina/1785881790285_0.jpg feminina/1785881790286_1.jpg
900023bf-c308-4096-a32d-bae606241ca7	Manchester United Third 25/26	R$ 189,00	TORCEDOR	Premier League (Inglaterra)	P,M,G,GG,2XG,3XG,4XG	+ R$ 60,00	TORCEDOR	torcedor/1785881788209_0.jpg torcedor/1785881788209_1.jpg torcedor/1785881788210_2.jpg
2d993a57-06d3-4223-aba2-a6b4539be272	Manchester United All Black Windbreaker 25/26	R$ 409,00	CORTA VENTO	Premier League (Inglaterra)	P,M,G,GG,2XG,3XG,4XG	+ R$ 60,00	CORTA_VENTO	corta_vento/1785881828149_0.jpg corta_vento/1785881828150_1.jpg corta_vento/1785881828150_2.jpg corta_vento/1785881828150_3.jpg corta_vento/1785881828150_4.jpg
47dcce07-481d-4b44-a738-bd4556e606ea	Manchester United Black Red Sripe Windbreaker 24/25	R$ 409,00	CORTA VENTO	Premier League (Inglaterra)	P,M,G,GG,2XG,3XG,4XG	+ R$ 60,00	CORTA_VENTO	corta_vento/1785881971983_0.jpg corta_vento/1785881971984_1.jpg corta_vento/1785881971984_2.jpg corta_vento/1785881971984_3.jpg corta_vento/1785881971984_4.jpg
2c3354ef-78e2-46fb-9b99-7773efb8d8a7	Manchester United Red Windbreaker 24/25	R$ 409,00	CORTA VENTO	Premier League (Inglaterra)	P,M,G,GG,2XG,3XG,4XG	+ R$ 60,00	CORTA_VENTO	corta_vento/1785881788576_0.jpg corta_vento/1785881788577_1.jpg corta_vento/1785881788577_2.jpg corta_vento/1785881788577_3.jpg corta_vento/1785881788578_4.jpg
39edbf75-365c-45f7-8f59-a595cc1bb239	Manchester United White Red Sripe Windbreaker 24/25	R$ 409,00	CORTA VENTO	Premier League (Inglaterra)	P,M,G,GG,2XG,3XG,4XG	+ R$ 60,00	CORTA_VENTO	corta_vento/1785881655822_0.jpg corta_vento/1785881655823_1.jpg corta_vento/1785881655823_2.jpg corta_vento/1785881655823_3.jpg corta_vento/1785881655823_4.jpg corta_vento/1785881658822_5.jpg
b0e5eac4-440c-423a-ade3-12ebb44b5eb0	Manchester United Home Long Retro 22/23	R$ 229,00	RETRÔ	Premier League (Inglaterra)	P,M,G,GG,2XG,3XG,4XG	+ R$ 60,00	RETRO	retro/1785885754284_0.jpg retro/1785885754284_1.jpg retro/1785885754285_2.jpg retro/1785885754285_3.jpg
d2f170ea-f627-4267-bada-f189b7751865	Manchester United Home Retro 22/23	R$ 229,00	RETRÔ	Premier League (Inglaterra)	P,M,G,GG,2XG,3XG,4XG	+ R$ 60,00	RETRO	retro/1785885621178_0.jpg retro/1785885621179_1.jpg retro/1785885621179_2.jpg
0d3ad5b0-5937-4675-8f05-92f27570b7f7	Manchester United Home Retro 21/22	R$ 229,00	RETRÔ	Premier League (Inglaterra)	P,M,G,GG,2XG,3XG,4XG	+ R$ 60,00	RETRO	retro/1785885621061_0.jpg retro/1785885621062_1.jpg
8234701d-2ded-45d0-83ff-bc65a5c60f9d	Manchester United Home Retro 19/20	R$ 229,00	RETRÔ	Premier League (Inglaterra)	P,M,G,GG,2XG,3XG,4XG	+ R$ 60,00	RETRO	retro/1785885619940_0.jpg retro/1785885619940_1.jpg retro/1785885619941_2.jpg retro/1785885619941_3.jpg retro/1785885619941_4.jpg retro/1785885623266_5.jpg
f1c9ebed-eeb1-4cea-b792-ac4b43804f95	Manchester United Away Retro 19/20	R$ 229,00	RETRÔ	Premier League (Inglaterra)	P,M,G,GG,2XG,3XG,4XG	+ R$ 60,00	RETRO	retro/1785882028452_0.jpg retro/1785882028453_1.jpg retro/1785882028453_2.jpg
2a3534a7-f921-42c2-8149-18dbff403c57	Manchester United Home Retro 18/19	R$ 229,00	RETRÔ	Premier League (Inglaterra)	P,M,G,GG,2XG,3XG,4XG	+ R$ 60,00	RETRO	retro/1785885619003_0.jpg retro/1785885619004_1.jpg retro/1785885619004_2.jpg retro/1785885619004_3.jpg retro/1785885619004_4.jpg retro/1785885623239_5.jpg retro/1785885623240_6.jpg
9b01c575-c995-43dd-9bf9-0176fdda8352	Manchester United Third Retro 15/16	R$ 229,00	RETRÔ	Premier League (Inglaterra)	P,M,G,GG,2XG,3XG,4XG	+ R$ 60,00	RETRO	retro/1785881658291_1.jpg retro/1785881658290_0.jpg
9725563e-2bec-4b8b-921d-8d4013c439a4	Manchester United Home Retro 13/14	R$ 229,00	RETRÔ	Premier League (Inglaterra)	P,M,G,GG,2XG,3XG,4XG	+ R$ 60,00	RETRO	retro/1785885616008_0.jpg retro/1785885616009_1.jpg retro/1785885616009_2.jpg retro/1785885616009_3.jpg retro/1785885616009_4.jpg retro/1785885619747_5.jpg retro/1785885619747_6.jpg retro/1785885619748_7.jpg
bbab4c44-76dc-4057-897c-7097aba54fe3	Manchester United Away 13/14	R$ 229,00	RETRÔ	Premier League (Inglaterra)	P,M,G,GG,2XG,3XG,4XG	+ R$ 60,00	RETRO	retro/1785881835800_1.jpg retro/1785881835800_0.jpg retro/1785881835801_2.jpg retro/1785881835801_3.jpg retro/1785881835801_4.jpg retro/1785881839321_5.jpg
bb76ca33-8dc0-42c5-a477-84346a95a2ee	Manchester United Home Retro 12/13	R$ 229,00	RETRÔ	Premier League (Inglaterra)	P,M,G,GG,2XG,3XG,4XG	+ R$ 60,00	RETRO	retro/1785885618673_0.jpg retro/1785885618673_1.jpg retro/1785885618674_2.jpg retro/1785885618674_3.jpg retro/1785885618674_4.jpg retro/1785885622523_5.jpg
6b6a47b8-3b37-4f86-8f59-123c8e0bb9fc	Manchester United Home Retro 10/11	R$ 229,00	RETRÔ	Premier League (Inglaterra)	P,M,G,GG,2XG,3XG,4XG	+ R$ 60,00	RETRO	retro/1785885618190_0.jpg retro/1785885618190_1.jpg retro/1785885618191_2.jpg retro/1785885618191_3.jpg retro/1785885618191_4.jpg retro/1785885621692_5.jpg retro/1785885621693_6.jpg
814991dd-af84-4994-97da-760aa08ac4b7	Manchester United Champions League Final Away Retro 10/11	R$ 229,00	RETRÔ	Premier League (Inglaterra)	P,M,G,GG,2XG,3XG,4XG	+ R$ 60,00	RETRO	retro/1785881971948_0.jpg retro/1785881971949_1.jpg retro/1785881971949_2.jpg retro/1785881971949_3.jpg retro/1785881971949_4.jpg retro/1785881976770_5.jpg
530f00d6-ba2d-4129-b8c2-bdf696be96c8	Manchester United Red Windbreaker 10/11	R$ 409,00	CORTA VENTO	Premier League (Inglaterra)	P,M,G,GG,2XG,3XG,4XG	+ R$ 60,00	CORTA_VENTO	corta_vento/1785881788843_0.jpg corta_vento/1785881788843_1.jpg corta_vento/1785881788843_2.jpg corta_vento/1785881788844_3.jpg corta_vento/1785881788844_4.jpg
9ce29fd7-cd5f-4c9d-bb21-ac45a5d4319b	Manchester United Home Long 09/10	R$ 229,00	RETRÔ	Premier League (Inglaterra)	P,M,G,GG,2XG,3XG,4XG	+ R$ 60,00	RETRO	retro/1785885755114_0.jpg retro/1785885755114_1.jpg retro/1785885755115_2.jpg retro/1785885755115_3.jpg retro/1785885755115_4.jpg
24e1dcbf-4c3b-4218-b394-9833cb2744f7	Manchester United Away Retro 08/09	R$ 229,00	RETRÔ	Premier League (Inglaterra)	P,M,G,GG,2XG,3XG,4XG	+ R$ 60,00	RETRO	retro/1785882028947_0.jpg retro/1785882028948_1.jpg retro/1785882028948_2.jpg retro/1785882028948_3.jpg retro/1785882028949_4.jpg
58a95fd4-b28a-42b5-9818-b7a9b73cd382	Manchester United Home Retro 07/08	R$ 229,00	RETRÔ	Premier League (Inglaterra)	P,M,G,GG,2XG,3XG,4XG	+ R$ 60,00	RETRO	retro/1785885617703_0.jpg retro/1785885617704_1.jpg retro/1785885617704_2.jpg retro/1785885617705_3.jpg retro/1785885617705_4.jpg retro/1785885621981_5.jpg
3a3496e1-b53c-4a5d-b5d9-b6b5b7e79d8f	Manchester United Away Retro 07/08	R$ 229,00	RETRÔ	Premier League (Inglaterra)	P,M,G,GG,2XG,3XG,4XG	+ R$ 60,00	RETRO	retro/1785882029875_0.jpg retro/1785882029876_1.jpg retro/1785882029877_2.jpg retro/1785882029877_3.jpg retro/1785882029877_4.jpg
f17453d6-ef9c-49fb-b997-afb2de887de4	Manchester United Home Retro 06/07	R$ 229,00	RETRÔ	Premier League (Inglaterra)	P,M,G,GG,2XG,3XG,4XG	+ R$ 60,00	RETRO	retro/1785885617388_0.jpg retro/1785885617389_1.jpg retro/1785885617389_2.jpg retro/1785885617390_3.jpg retro/1785885617390_4.jpg retro/1785885621317_5.jpg
9bc97e87-7f76-4eca-96fd-defae1bf8b59	Manchester United Away Retro 06/07	R$ 229,00	RETRÔ	Premier League (Inglaterra)	P,M,G,GG,2XG,3XG,4XG	+ R$ 60,00	RETRO	retro/1785882029654_0.jpg retro/1785882029654_1.jpg retro/1785882029655_2.jpg retro/1785882029655_3.jpg retro/1785882029655_4.jpg
b3fe4311-1ead-4e60-b027-de833408e661	Manchester United Black Red Retro Windbreaker 06/07	R$ 409,00	RETRÔ	Premier League (Inglaterra)	P,M,G,GG,2XG,3XG,4XG	+ R$ 60,00	CORTA_VENTO	corta_vento/1785881972408_0.jpg corta_vento/1785881972408_1.jpg corta_vento/1785881972409_2.jpg corta_vento/1785881972409_3.jpg corta_vento/1785881972409_4.jpg
cb538fcb-e2e3-49b7-b65e-d687ae2e31f9	Manchester United Red Black Retro Windbreaker 06/07	R$ 409,00	RETRÔ	Premier League (Inglaterra)	P,M,G,GG,2XG,3XG,4XG	+ R$ 60,00	CORTA_VENTO	corta_vento/1785881789710_0.jpg corta_vento/1785881789711_1.jpg corta_vento/1785881789711_2.jpg corta_vento/1785881789711_3.jpg corta_vento/1785881789711_4.jpg
3d1fc3bc-b95e-47af-b06b-16d3416b887c	Manchester United Away Retro 05/06	R$ 229,00	RETRÔ	Premier League (Inglaterra)	P,M,G,GG,2XG,3XG,4XG	+ R$ 60,00	RETRO	retro/1785881885759_0.jpg retro/1785881885760_1.jpg retro/1785881885760_2.jpg retro/1785881885760_3.jpg retro/1785881885760_4.jpg retro/1785881889212_5.jpg
389dd767-f9d8-4ac5-844a-07017eaaccf7	Manchester United Home Retro 04/06	R$ 229,00	RETRÔ	Premier League (Inglaterra)	P,M,G,GG,2XG,3XG,4XG	+ R$ 60,00	RETRO	retro/1785885616929_0.jpg retro/1785885616929_1.jpg retro/1785885616930_2.jpg retro/1785885616930_3.jpg retro/1785885616930_4.jpg retro/1785885621242_5.jpg retro/1785885621243_6.jpg
9e34c0a5-4e4a-4051-9d42-fc6930f056f4	Manchester United Home Retro 02/04	R$ 229,00	RETRÔ	Premier League (Inglaterra)	P,M,G,GG,2XG,3XG,4XG	+ R$ 60,00	RETRO	retro/1785885616672_0.jpg retro/1785885616672_1.jpg retro/1785885616673_2.jpg retro/1785885616673_3.jpg retro/1785885616673_4.jpg retro/1785885621072_5.jpg
7057b330-b58a-4d34-8b7e-882bcf85e8ad	Manchester United Away Retro 01/02	R$ 229,00	RETRÔ	Premier League (Inglaterra)	P,M,G,GG,2XG,3XG,4XG	+ R$ 60,00	RETRO	retro/1785881885566_0.jpg retro/1785881885567_1.jpg retro/1785881885567_2.jpg retro/1785881885568_3.jpg retro/1785881885568_4.jpg
92a4be13-8ede-412c-bd85-7506477f5e6f	Manchester United Third Retro 01/02	R$ 229,00	RETRÔ	Premier League (Inglaterra)	P,M,G,GG,2XG,3XG,4XG	+ R$ 60,00	RETRO	retro/1785881658833_0.jpg retro/1785881658834_1.jpg retro/1785881658834_2.jpg retro/1785881658835_3.jpg retro/1785881658835_4.jpg
38b598bd-10f5-4aa6-8356-2fdf8989725f	Manchester United Home Retro 00/02	R$ 229,00	RETRÔ	Premier League (Inglaterra)	P,M,G,GG,2XG,3XG,4XG	+ R$ 60,00	RETRO	retro/1785885615768_0.jpg retro/1785885615769_1.jpg retro/1785885615769_2.jpg retro/1785885615769_3.jpg retro/1785885615769_4.jpg retro/1785885618900_5.jpg retro/1785885618901_6.jpg retro/1785885618901_7.jpg retro/1785885618901_8.jpg retro/1785885618901_9.jpg
9aa45a34-ab94-4e37-a3e7-e0cd11e9315a	2001 Manchester United F.C. Retro	R$ 229,00	RETRÔ		P,M,G,GG,2XG,3XG,4XG	+ R$ 60,00	RETRO	torcedor/1782392867413_26.jpg torcedor/1782392850292_0.jpg torcedor/1782392850293_1.jpg torcedor/1782392850293_2.jpg torcedor/1782392850294_3.jpg torcedor/1782392850294_4.jpg torcedor/1782392853450_5.jpg torcedor/1782392853451_6.jpg torcedor/1782392853451_7.jpg torcedor/1782392853451_8.jpg torcedor/1782392853452_9.jpg torcedor/1782392857741_10.jpg torcedor/1782392857742_11.jpg torcedor/1782392857742_12.jpg torcedor/1782392857742_13.jpg torcedor/1782392857742_14.jpg torcedor/1782392861069_15.jpg torcedor/1782392861070_16.jpg torcedor/1782392861070_17.jpg torcedor/1782392861070_18.jpg torcedor/1782392861070_19.jpg torcedor/1782392864181_20.jpg torcedor/1782392864181_21.jpg torcedor/1782392864182_22.jpg torcedor/1782392864182_23.jpg torcedor/1782392864182_24.jpg torcedor/1782392867413_25.jpg torcedor/1782392867414_27.jpg
fafde0bc-04c2-4308-8fb7-35417ca68f1f	Manchester United Champions League Final Retro 98/99	R$ 229,00	RETRÔ	Premier League (Inglaterra)	P,M,G,GG,2XG,3XG,4XG	+ R$ 60,00	RETRO,KIT_INFANTIL	retro/1785885821735_0.jpg retro/1785885821736_1.jpg retro/1785885821736_2.jpg retro/1785885821737_3.jpg retro/1785885821737_4.jpg retro/1785885825887_5.jpg retro/1785885825888_6.jpg
a1ed0c05-adc8-4bb8-9f3d-433fb0fae835	Manchester United Champions League Final Long Sleeve Retro 98/99	R$ 229,00	MANGA LONGA	Premier League (Inglaterra)	P,M,G,GG,2XG,3XG,4XG	+ R$ 60,00	RETRO,KIT_INFANTIL	retro/1785885821679_0.jpg retro/1785885821680_1.jpg retro/1785885821680_2.jpg retro/1785885821680_3.jpg retro/1785885821681_4.jpg retro/1785885825873_5.jpg retro/1785885825874_6.jpg retro/1785885825874_7.jpg
2eb2bf02-1d2b-4978-821d-36e9fe7708e7	Manchester United Goalkeeper Long Sleeve Retro 98/99	R$ 229,00	MANGA LONGA	Premier League (Inglaterra)	P,M,G,GG,2XG,3XG,4XG	+ R$ 60,00	RETRO,KIT_INFANTIL	retro/1785885782656_0.jpg retro/1785885782657_1.jpg retro/1785885782657_2.jpg retro/1785885782657_3.jpg retro/1785885782657_4.jpg retro/1785885786092_5.jpg retro/1785885786093_6.jpg
ecc11809-ce24-40e7-8b73-dc02c39ffeeb	Manchester United home kids Retro 98/99	R$ 199,00	RETRÔ	Premier League (Inglaterra)	14,16,18	+ R$ 60,00	KIT_INFANTIL	kit_infantil/1785885755828_0.jpg kit_infantil/1785885755829_1.jpg
203e7c2c-d881-446d-9a22-dacabe9e1ef8	Manchester United Away Retro 98/99	R$ 229,00	RETRÔ	Premier League (Inglaterra)	P,M,G,GG,2XG,3XG,4XG	+ R$ 60,00	RETRO	retro/1785882027806_0.jpg retro/1785882027806_1.jpg retro/1785882027807_2.jpg retro/1785882027807_3.jpg retro/1785882027807_4.jpg retro/1785882031399_5.jpg
3cd6c659-fd09-4ade-b870-98ac9b598ea8	Manchester United Home Retro 98/00	R$ 229,00	RETRÔ	Premier League (Inglaterra)	P,M,G,GG,2XG,3XG,4XG	+ R$ 60,00	RETRO	retro/1785881790682_0.jpg retro/1785881790683_1.jpg retro/1785881790683_2.jpg retro/1785881790684_3.jpg retro/1785881790684_4.jpg
3a67f6bd-c035-4a7f-9b5c-dbffeec5be3c	Manchester United White Kids Retro 98/99	R$ 199,00	RETRÔ	Premier League (Inglaterra)	14,16,18	+ R$ 60,00	KIT_INFANTIL,RETRO	kit_infantil/1785881656378_0.jpg kit_infantil/1785881656379_1.jpg
e9d87bdf-9cd7-4b86-8e8a-b03e054dda98	Manchester United White Retro 98/99	R$ 229,00	RETRÔ	Premier League (Inglaterra)	P,M,G,GG,2XG,3XG,4XG	+ R$ 60,00	RETRO,KIT_INFANTIL	retro/1785881655742_0.jpg retro/1785881655742_1.jpg retro/1785881655743_2.jpg retro/1785881655743_3.jpg retro/1785881655743_4.jpg retro/1785881659306_5.jpg retro/1785881659307_6.jpg
a49e957d-d3fc-4071-b39a-c8eef9e74241	Manchester United Home Retro 96/98	R$ 229,00	RETRÔ	Premier League (Inglaterra)	P,M,G,GG,2XG,3XG,4XG	+ R$ 60,00	RETRO	retro/1785881790963_0.jpg retro/1785881790963_1.jpg retro/1785881790964_2.jpg retro/1785881790964_3.jpg retro/1785881790964_4.jpg retro/1785881796863_5.jpg
832c59ef-c46c-4e06-bc13-b57db28c5310	Manchester United Third Retro 96/98	R$ 229,00	RETRÔ	Premier League (Inglaterra)	P,M,G,GG,2XG,3XG,4XG	+ R$ 60,00	RETRO	retro/1785881657165_0.jpg retro/1785881657165_1.jpg retro/1785881657166_2.jpg retro/1785881657166_3.jpg retro/1785881657166_4.jpg retro/1785881661375_5.jpg
31362646-a354-455e-8fd5-0d6c7d596b4b	Manchester United Home Retro 94/96	R$ 229,00	RETRÔ	Premier League (Inglaterra)	P,M,G,GG,2XG,3XG,4XG	+ R$ 60,00	RETRO	retro/1785881791307_0.jpg retro/1785881791308_1.jpg retro/1785881791308_2.jpg retro/1785881791308_3.jpg retro/1785881791308_4.jpg
1fc04372-53da-4a55-8bcf-667782d9301b	Manchester United Home Retro 92/94	R$ 229,00	RETRÔ	Premier League (Inglaterra)	P,M,G,GG,2XG,3XG,4XG	+ R$ 60,00	RETRO	retro/1785881791845_0.jpg retro/1785881791846_1.jpg retro/1785881791846_2.jpg retro/1785881791846_3.jpg retro/1785881791846_4.jpg retro/1785881797074_5.jpg retro/1785881797074_6.jpg retro/1785881797075_7.jpg
5a5afb32-3467-49ce-9c3e-5c475386f7d5	Manchester United Third Retro 92/94	R$ 229,00	RETRÔ	Premier League (Inglaterra)	P,M,G,GG,2XG,3XG,4XG	+ R$ 60,00	RETRO	retro/1785881657723_0.jpg retro/1785881657724_1.jpg retro/1785881657724_2.jpg retro/1785881657724_3.jpg retro/1785881657724_4.jpg retro/1785881661401_5.jpg retro/1785881661402_6.jpg retro/1785881661402_7.jpg
a79f1a1e-8974-4fc1-b078-5c45e0652bfc	Manchester United European Cup Winner’s Cup Final Retro 90/91	R$ 229,00	RETRÔ	Premier League (Inglaterra)	P,M,G,GG,2XG,3XG,4XG	+ R$ 60,00	RETRO	retro/1785885821308_0.jpg retro/1785885821309_1.jpg retro/1785885821309_2.jpg retro/1785885821309_3.jpg retro/1785885821310_4.jpg retro/1785885827499_5.jpg
556fb4c8-76cb-45a7-b815-112600a5b87b	Manchester United Away Retro 90/92	R$ 229,00	RETRÔ	Premier League (Inglaterra)	P,M,G,GG,2XG,3XG,4XG	+ R$ 60,00	RETRO	retro/1785882027847_0.jpg
64ac1349-eb0c-4513-aa13-9c57d8d3272c	Manchester United Home Retro 90/92	R$ 229,00	RETRÔ	Premier League (Inglaterra)	P,M,G,GG,2XG,3XG,4XG	+ R$ 60,00	RETRO	retro/1785881792262_0.jpg retro/1785881792262_1.jpg retro/1785881792263_2.jpg retro/1785881792263_3.jpg retro/1785881792263_4.jpg retro/1785881798542_5.jpg
8c391abb-aa5e-4779-9474-22c4f4429a52	Manchester United Home Retro 88/90	R$ 229,00	RETRÔ	Premier League (Inglaterra)	P,M,G,GG,2XG,3XG,4XG	+ R$ 60,00	RETRO	retro/1785885622184_0.jpg
c7d926c6-b862-4cae-9904-839175cb3b5f	Manchester United Away Retro 88/90	R$ 229,00	RETRÔ	Premier League (Inglaterra)	P,M,G,GG,2XG,3XG,4XG	+ R$ 60,00	RETRO	retro/1785882028246_0.jpg retro/1785882028246_1.svg retro/1785882028246_2.jpg retro/1785882028247_3.jpg retro/1785882028247_4.jpg
0b651166-0931-4f7f-84c4-62545f63da8c	Manchester United Home Retro 84/86	R$ 229,00	RETRÔ	Premier League (Inglaterra)	P,M,G,GG,2XG,3XG,4XG	+ R$ 60,00	RETRO	retro/1785885621496_0.jpg retro/1785885621497_1.jpg retro/1785885621497_2.jpg retro/1785885621497_3.jpg retro/1785885621497_4.jpg retro/1785885625793_5.jpg
dff12eb2-5d25-4d60-99f1-b6adcbe95ce5	Manchester United FA Charity Shield Retro 83/84	R$ 229,00	RETRÔ	Premier League (Inglaterra)	P,M,G,GG,2XG,3XG,4XG	+ R$ 60,00	RETRO	retro/1785885821675_0.jpg retro/1785885821675_1.jpg retro/1785885821675_2.jpg retro/1785885821676_3.jpg retro/1785885821676_4.jpg retro/1785885825815_5.jpg retro/1785885825816_6.jpg retro/1785885825816_7.jpg
78dd5f91-3064-4e60-85e1-fbe40a3c81ce	Manchester united away white long Retro 1983	R$ 229,00	RETRÔ		P,M,G,GG,2XG,3XG,4XG	+ R$ 60,00	RETRO	retro/1785881984057_0.jpg retro/1785881984058_1.jpg
0995828a-ffdd-4ce0-a91c-45eff5b57cd3	Newcastle United Goalkeeper 26/27	R$ 189,00	TORCEDOR	Premier League (Inglaterra)	P,M,G,GG,2XG,3XG,4XG	+ R$ 60,00	TORCEDOR	torcedor/1789489491434_0.jpg torcedor/1789489491435_1.jpg
0966f3d6-07ad-46b8-99e5-6699fcc63133	Newcastle Home 26/27	R$ 189,00	TORCEDOR	Premier League (Inglaterra)	P,M,G,GG,2XG,3XG,4XG	+ R$ 60,00	TORCEDOR,JOGADOR	torcedor/1785611075179_0.webp torcedor/1785611075180_1.webp torcedor/1785611075180_2.webp torcedor/1785611075180_3.webp torcedor/1785611075181_4.webp torcedor/1785611080605_5.webp torcedor/1785611080606_6.webp torcedor/1785611080606_7.webp torcedor/1785611080607_8.webp torcedor/1785611080607_9.webp torcedor/1785611083766_10.webp
7c500f92-72cf-4733-813c-a286e4a26488	Newcastle Player Home 26/27	R$ 229,00	JOGADOR	Premier League (Inglaterra)	P,M,G,GG,2XG,3XG,4XG	+ R$ 60,00	JOGADOR,TORCEDOR	torcedor/1785611075175_0.webp torcedor/1785611075176_1.webp torcedor/1785611075176_2.webp torcedor/1785611075177_3.webp torcedor/1785611075177_4.webp torcedor/1785611080625_5.webp torcedor/1785611080626_6.webp torcedor/1785611080626_7.webp torcedor/1785611080627_8.webp torcedor/1785611080627_9.webp torcedor/1785611084196_10.webp
0a9fa692-1ce3-4fbd-85bc-4e7ce22c5c75	Newcastle Treino 25/26	R$ 189,00	TORCEDOR	Premier League (Inglaterra)	P,M,G,GG,2XG,3XG,4XG	+ R$ 60,00	TORCEDOR	torcedor/1785612480671_0.webp torcedor/1785612480671_1.webp torcedor/1785612480671_2.webp torcedor/1785612480672_3.webp torcedor/1785612480672_4.webp torcedor/1785612527230_5.webp torcedor/1785612527231_6.webp torcedor/1785612527232_7.webp
98f608c8-2144-469a-b182-97129048f663	Newcastle Third 25/26	R$ 189,00	TORCEDOR	Premier League (Inglaterra)	P,M,G,GG,2XG,3XG,4XG	+ R$ 60,00	TORCEDOR	torcedor/1785612479589_0.webp torcedor/1785612479590_1.webp torcedor/1785612479590_2.webp torcedor/1785612479590_3.webp torcedor/1785612479590_4.webp torcedor/1785612522574_5.webp torcedor/1785612522575_6.webp
eaa61696-b535-4ec9-a15e-0f8fb17b69a2	Newcastle Home 25/26	R$ 189,00	TORCEDOR	Premier League (Inglaterra)	P,M,G,GG,2XG,3XG,4XG	+ R$ 60,00	TORCEDOR,JOGADOR,KIT_INFANTIL	torcedor/1785612477619_1.webp torcedor/1785612477620_2.webp torcedor/1785612477620_3.webp torcedor/1785612477620_4.webp
dacd8ff2-8645-4006-823a-4156b50acd1c	Newcastle Away 25/26	R$ 189,00	TORCEDOR	Premier League (Inglaterra)	P,M,G,GG,2XG,3XG,4XG	+ R$ 60,00	TORCEDOR	torcedor/1785612477619_0.webp torcedor/1785612477620_1.webp torcedor/1785612477620_2.webp torcedor/1785612477620_3.webp torcedor/1785612477621_4.webp torcedor/1785612480699_5.webp torcedor/1785612480700_6.webp torcedor/1785612480700_7.webp torcedor/1785612480700_8.webp
400af54f-1d54-4c74-af98-1cb546d0622a	Newcastle Player Home 25/26	R$ 229,00	JOGADOR	Premier League (Inglaterra)	P,M,G,GG,2XG,3XG,4XG	+ R$ 60,00	JOGADOR,KIT_INFANTIL,TORCEDOR	jogador/1785612478578_0.webp jogador/1785612478579_1.webp jogador/1785612478579_2.webp jogador/1785612478579_3.webp
a6f8fa64-9b32-4c4d-8aee-37d71f5c3dfb	Newcastle Kids Home 25/26	R$ 199,00	KIDS	Premier League (Inglaterra)	14,16,18	+ R$ 60,00	KIT_INFANTIL,JOGADOR,TORCEDOR	kit_infantil/1785612477992_0.webp kit_infantil/1785612477993_1.webp kit_infantil/1785612477993_2.webp kit_infantil/1785612477994_3.webp kit_infantil/1785612477994_4.webp kit_infantil/1785612482896_5.webp kit_infantil/1785612482897_6.webp
657fa79c-2b0c-4d39-b963-fdc6a6e48d74	Nottm Forest Home 25/26	R$ 189,00	TORCEDOR	Premier League (Inglaterra)	P,M,G,GG,2XG,3XG,4XG	+ R$ 60,00	TORCEDOR	torcedor/1785612481675_0.webp torcedor/1785612481676_1.webp torcedor/1785612481676_2.webp torcedor/1785612481676_3.webp
e0f11acb-910e-44e5-bc00-58616453a40c	Nottm Forest Away 25/26	R$ 189,00	TORCEDOR	Premier League (Inglaterra)	P,M,G,GG,2XG,3XG,4XG	+ R$ 60,00	TORCEDOR	torcedor/1785612481269_0.webp torcedor/1785612481269_1.webp torcedor/1785612481269_2.webp torcedor/1785612481270_3.webp torcedor/1785612481270_4.webp torcedor/1785612484675_5.webp torcedor/1785612484675_6.webp torcedor/1785612484676_7.webp
47a3123d-d03b-4800-ba42-c8ea779ba8fb	Sunderland Treino 26/27	R$ 189,00	TORCEDOR	Premier League (Inglaterra)	P,M,G,GG,2XG,3XG,4XG	+ R$ 60,00	TORCEDOR	torcedor/1785611147525_0.webp torcedor/1785611147525_1.webp torcedor/1785611147526_2.webp torcedor/1785611147526_3.webp torcedor/1785611147526_4.webp torcedor/1785611150347_5.webp torcedor/1785611150347_6.webp torcedor/1785611150348_7.webp torcedor/1785611150348_8.webp
e0445e52-b841-475a-a296-37c0815178f4	Tottenham Anniversary 125 25/26	R$ 189,00	TORCEDOR	Premier League (Inglaterra)	P,M,G,GG,2XG,3XG,4XG	+ R$ 60,00	TORCEDOR,MANGA_LONGA,JOGADOR	torcedor/1785613074303_0.webp torcedor/1785613074304_1.webp torcedor/1785613074304_2.webp torcedor/1785613074304_3.webp torcedor/1785613074305_4.webp torcedor/1785613077603_5.webp
b31c2db7-57e6-4461-9a1e-55f98206101c	Tottenham Away 25/26	R$ 189,00	TORCEDOR	Premier League (Inglaterra)	P,M,G,GG,2XG,3XG,4XG	+ R$ 60,00	TORCEDOR,JOGADOR	torcedor/1785613073946_0.webp torcedor/1785613073947_1.webp torcedor/1785613073947_2.webp torcedor/1785613073947_3.webp torcedor/1785613073948_4.webp torcedor/1785613077552_5.webp torcedor/1785613077553_6.webp torcedor/1785613077553_7.webp
54558287-7b1a-47bd-bf48-d021265a9fc1	Tottenham Color 25/26	R$ 189,00	TORCEDOR	Premier League (Inglaterra)	P,M,G,GG,2XG,3XG,4XG	+ R$ 60,00	TORCEDOR,MANGA_LONGA,JOGADOR	torcedor/1785613073207_0.webp torcedor/1785613073208_1.webp torcedor/1785613073208_2.webp torcedor/1785613073208_3.webp torcedor/1785613073208_4.webp torcedor/1785613077091_5.webp torcedor/1785613077092_6.webp
0b5b9769-35cd-4ac9-a579-51888e900540	Tottenham Home 25/26	R$ 189,00	TORCEDOR	Premier League (Inglaterra)	P,M,G,GG,2XG,3XG,4XG	+ R$ 60,00	TORCEDOR,KIT_INFANTIL,JOGADOR	torcedor/1785612713049_0.webp torcedor/1785612713050_1.webp torcedor/1785612713050_2.webp torcedor/1785612713050_3.webp torcedor/1785612713050_4.webp torcedor/1785612716665_5.webp torcedor/1785612716666_6.webp
c6185e7e-7660-48ab-a167-45640512a61e	Tottenham Fan 25/26	R$ 189,00	TORCEDOR	Premier League (Inglaterra)	P,M,G,GG,2XG,3XG,4XG	+ R$ 60,00	TORCEDOR,MANGA_LONGA,JOGADOR	torcedor/1785612711860_0.webp torcedor/1785612711860_1.webp torcedor/1785612711861_2.webp torcedor/1785612711861_3.webp torcedor/1785612711861_4.webp torcedor/1785612715483_5.webp torcedor/1785612715483_6.webp
dec5718d-3593-4ed9-b290-65d7739f98ed	Tottenham Player Home 25/26	R$ 229,00	JOGADOR	Premier League (Inglaterra)	P,M,G,GG,2XG,3XG,4XG	+ R$ 60,00	JOGADOR,TORCEDOR,KIT_INFANTIL	jogador/1785612716477_0.webp jogador/1785612716478_1.webp jogador/1785612716479_2.webp jogador/1785612716479_3.webp jogador/1785612716479_4.webp
badf022f-2b76-4a32-9c4f-ec7a3a0c7879	Tottenham Player Away 25/26	R$ 229,00	JOGADOR	Premier League (Inglaterra)	P,M,G,GG,2XG,3XG,4XG	+ R$ 60,00	JOGADOR,TORCEDOR	jogador/1785612715293_0.webp jogador/1785612715293_1.webp jogador/1785612715293_2.webp jogador/1785612715294_3.webp jogador/1785612715294_4.webp jogador/1785612718789_5.webp jogador/1785612718790_6.webp jogador/1785612718790_7.webp
f597c8df-af42-41ac-9fe9-db72da05b7ba	Tottenham Player 25/26	R$ 229,00	JOGADOR	Premier League (Inglaterra)	P,M,G,GG,2XG,3XG,4XG	+ R$ 60,00	JOGADOR,TORCEDOR,MANGA_LONGA	jogador/1785612714454_0.webp
c80fae23-a8ec-4833-99a9-903870b5f9ae	Tottenham Manga Longa Anniversary 125 25/26	R$ 209,00	MANGA LONGA	Premier League (Inglaterra)	P,M,G,GG,2XG,3XG,4XG	+ R$ 60,00	MANGA_LONGA,TORCEDOR,JOGADOR	manga_longa/1785612714012_0.webp manga_longa/1785612714012_1.webp manga_longa/1785612714013_2.webp manga_longa/1785612714013_3.webp manga_longa/1785612714013_4.webp manga_longa/1785612717058_5.webp manga_longa/1785612717059_6.webp manga_longa/1785612717059_7.webp
1960ad9c-913c-45f1-b945-3855ade34eab	Tottenham Kids Home 25/26	R$ 199,00	KIDS	Premier League (Inglaterra)	14,16,18	+ R$ 60,00	KIT_INFANTIL,TORCEDOR,JOGADOR	kit_infantil/1785612713476_0.webp kit_infantil/1785612713477_1.webp kit_infantil/1785612713477_2.webp kit_infantil/1785612713477_3.webp kit_infantil/1785612713477_4.webp kit_infantil/1785612716742_5.webp kit_infantil/1785612716743_6.webp kit_infantil/1785612716743_7.webp kit_infantil/1785612716743_8.webp
4ffe0ddc-38d8-4a5a-876b-1797c1a4f0ae	West Ham Fan 25/26	R$ 189,00	TORCEDOR	Premier League (Inglaterra)	P,M,G,GG,2XG,3XG,4XG	+ R$ 60,00	TORCEDOR	torcedor/1785613048714_0.webp torcedor/1785613048715_1.webp torcedor/1785613048715_2.webp torcedor/1785613048715_3.webp torcedor/1785613048716_4.webp torcedor/1785613051721_5.webp torcedor/1785613051722_6.webp torcedor/1785613051722_7.webp
7f52b9f3-023f-4578-816a-cd2a21d7bb8f	Wolves Anniversary 70 25/26	R$ 189,00	TORCEDOR	Premier League (Inglaterra)	P,M,G,GG,2XG,3XG,4XG	+ R$ 60,00	TORCEDOR	torcedor/1785613047945_0.webp torcedor/1785613047946_1.webp torcedor/1785613047946_2.webp torcedor/1785613047946_3.webp torcedor/1785613047947_4.webp torcedor/1785613051689_5.webp torcedor/1785613051690_6.webp torcedor/1785613051690_7.webp torcedor/1785613051690_8.webp
7252f4e8-9c44-4f8b-8a09-1a4795f2e2f3	Wolves Home 25/26	R$ 189,00	TORCEDOR	Premier League (Inglaterra)	P,M,G,GG,2XG,3XG,4XG	+ R$ 60,00	TORCEDOR	torcedor/1785613047614_0.webp torcedor/1785613047615_1.webp torcedor/1785613047615_2.webp torcedor/1785613047615_3.webp torcedor/1785613047615_4.webp torcedor/1785613051364_5.webp torcedor/1785613051364_6.webp torcedor/1785613051365_7.webp
7ef42aa8-1140-4f11-a050-8ce9a3ed8bb6	Atalanta Home 25/26	R$ 189,00	TORCEDOR	Serie A (Itália)	P,M,G,GG,2XG,3XG,4XG	+ R$ 60,00	TORCEDOR	torcedor/1785363882570_0.jpg torcedor/1785363882571_1.jpg torcedor/1785363882571_2.jpg
61bad619-b64f-4bad-a0b5-ecb4c6ab82fa	Atalanta Third 25/26	R$ 189,00	TORCEDOR	Serie A (Itália)	P,M,G,GG,2XG,3XG,4XG	+ R$ 60,00	TORCEDOR,KIT_INFANTIL	torcedor/1785363881774_0.jpg torcedor/1785363881774_1.jpg torcedor/1785363881775_2.jpg
3af926ba-c05f-4656-8767-2592b1015c8a	Atalanta Home Retro 91/93	R$ 229,00	RETRÔ	Serie A (Itália)	P,M,G,GG,2XG,3XG,4XG	+ R$ 60,00	RETRO	retro/1785363882138_0.jpg retro/1785363882139_1.jpg retro/1785363882139_2.jpg retro/1785363882139_3.jpg
be70b6b8-4ae8-4baf-a07b-4b56d171cbdd	Bologna Home 26/27	R$ 189,00	TORCEDOR	Serie A (Itália)	P,M,G,GG,2XG,3XG,4XG	+ R$ 60,00	TORCEDOR,KIT_INFANTIL	torcedor/1785363924329_0.jpg torcedor/1785363924330_1.jpg torcedor/1785363924330_2.jpg torcedor/1785363924330_3.jpg
6f8a6c46-0f9d-47e3-8550-f92efc0786b1	Bologna Home Kids 26/27	R$ 199,00	KIDS	Serie A (Itália)	14,16,18	+ R$ 60,00	KIT_INFANTIL,TORCEDOR	kit_infantil/1785363923892_0.jpg kit_infantil/1785363923892_1.jpg
bd0c751a-f59e-4c98-93d5-13e484a3c97b	Bologna Home Retro 96/97	R$ 229,00	RETRÔ	Serie A (Itália)	P,M,G,GG,2XG,3XG,4XG	+ R$ 60,00	RETRO	retro/1785363923260_0.jpg retro/1785363923261_1.jpg retro/1785363923261_2.jpg retro/1785363923261_3.jpg
5de07344-b86b-45a4-99ac-6312c75ac736	Cagliari Away 26/27	R$ 189,00	TORCEDOR	Serie A (Itália)	P,M,G,GG,2XG,3XG,4XG	+ R$ 60,00	TORCEDOR	torcedor/1785363972854_0.jpg torcedor/1785363972855_1.jpg torcedor/1785363972855_2.jpg torcedor/1785363972855_3.jpg torcedor/1785363972855_4.jpg torcedor/1785363976231_5.jpg torcedor/1785363976232_6.jpg
ae651d3b-a3cf-43f2-a7d4-0669965615d3	Cagliari Home Retro 92/93	R$ 229,00	RETRÔ	Serie A (Itália)	P,M,G,GG,2XG,3XG,4XG	+ R$ 60,00	RETRO	retro/1785363995605_0.jpg retro/1785363995605_1.jpg retro/1785363995605_2.jpg retro/1785363995606_3.jpg
0e91e13a-b4ed-432e-8d8f-aa7f90f96f38	Cagliari home Retro 70	R$ 229,00	RETRÔ		P,M,G,GG,2XG,3XG,4XG	+ R$ 60,00	RETRO	retro/1785363975391_0.jpg retro/1785363975392_1.jpg retro/1785363975392_2.jpg retro/1785363975392_3.jpg
71169b0a-e56e-491b-872b-faf7eb5502c8	Como x Rhude Limited Edition 25/26	R$ 189,00	TORCEDOR	Serie A (Itália)	P,M,G,GG,2XG,3XG,4XG	+ R$ 60,00	TORCEDOR	torcedor/1785364264225_0.jpg torcedor/1785364264226_1.jpg
64fc4479-ed34-430d-9518-87f9ded45dbf	Como Home 25/26	R$ 189,00	TORCEDOR	Serie A (Itália)	P,M,G,GG,2XG,3XG,4XG	+ R$ 60,00	TORCEDOR	torcedor/1785364263666_0.jpg torcedor/1785364263666_1.jpg torcedor/1785364263666_2.jpg
934d6e0d-2138-4e25-bba4-339d2c937b75	Como Away 25/26	R$ 189,00	TORCEDOR	Serie A (Itália)	P,M,G,GG,2XG,3XG,4XG	+ R$ 60,00	TORCEDOR	torcedor/1785364263369_0.jpg torcedor/1785364263370_1.jpg
ca639a28-3d1d-4f84-92dd-0e4abb55a4af	Fiorentina Away 25/26	R$ 189,00	TORCEDOR	Serie A (Itália)	P,M,G,GG,2XG,3XG,4XG	+ R$ 60,00	TORCEDOR	torcedor/1785449481560_0.jpg torcedor/1785449481560_1.jpg
084370cf-4e8f-4939-bf90-d7fb3d27e4c6	Fiorentina Fourth 25/26	R$ 189,00	TORCEDOR	Serie A (Itália)	P,M,G,GG,2XG,3XG,4XG	+ R$ 60,00	TORCEDOR	torcedor/1785449480836_0.jpg torcedor/1785449480836_1.jpg
b6e3292a-2c2c-4b29-bd66-fce4094ac906	Fiorentina Home 25/26	R$ 189,00	TORCEDOR	Serie A (Itália)	P,M,G,GG,2XG,3XG,4XG	+ R$ 60,00	TORCEDOR	torcedor/1785449480357_0.jpg torcedor/1785449480358_1.jpg
897bebee-de2f-4c4e-b763-b107b2d36555	Fiorentina Home Retro 99/00	R$ 229,00	RETRÔ	Serie A (Itália)	P,M,G,GG,2XG,3XG,4XG	+ R$ 60,00	RETRO	retro/1785449477635_0.jpg retro/1785449477636_1.jpg retro/1785449477636_2.jpg retro/1785449477637_3.jpg retro/1785449477637_4.jpg retro/1785449481803_5.jpg retro/1785449481804_6.jpg retro/1785449481804_7.jpg
8cf01367-fa7f-43d6-b211-76a29b79c9f7	Fiorentina Track Jacket 99/00	R$ 229,00	RETRÔ	Serie A (Itália)	P,M,G,GG,2XG,3XG,4XG	+ R$ 60,00	RETRO	retro/1785449476225_0.jpg retro/1785449476226_1.jpg retro/1785449476226_2.jpg retro/1785449476226_3.jpg retro/1785449476226_4.jpg
7c330979-057a-4abf-b53f-371043389cf0	Fiorentina Home 98/99	R$ 229,00	RETRÔ	Serie A (Itália)	P,M,G,GG,2XG,3XG,4XG	+ R$ 60,00	RETRO,KIT_INFANTIL	retro/1785449483333_0.jpg retro/1785449483334_1.jpg retro/1785449483334_2.jpg retro/1785449483335_3.jpg retro/1785449483335_4.jpg retro/1785449487425_5.jpg
7d8b9df9-14fa-4846-a42f-ebeb4562abb0	Fiorentina home Kids Retro 98/99	R$ 199,00	RETRÔ	Serie A (Itália)	14,16,18	+ R$ 60,00	KIT_INFANTIL,RETRO	retro/1785449479333_0.jpg retro/1785449479334_1.jpg
2a9fabc7-5917-4171-89f3-536096e08127	Fiorentina Home Long Sleeve Retro 98/99	R$ 229,00	MANGA LONGA	Serie A (Itália)	P,M,G,GG,2XG,3XG,4XG	+ R$ 60,00	RETRO,KIT_INFANTIL	retro/1785449479109_0.jpg retro/1785449479109_1.jpg retro/1785449479109_2.jpg retro/1785449479110_3.jpg retro/1785449479110_4.jpg retro/1785449482267_5.jpg
175f72d2-b14b-44e5-af62-73fad57692a5	Fiorentina Home Retro 97/98	R$ 229,00	RETRÔ	Serie A (Itália)	P,M,G,GG,2XG,3XG,4XG	+ R$ 60,00	RETRO	retro/1785449478075_0.jpg retro/1785449478076_1.jpg retro/1785449478077_2.jpg retro/1785449478077_3.jpg retro/1785449478077_4.jpg retro/1785449481552_5.jpg retro/1785449481553_6.jpg retro/1785449481553_7.jpg
f74fba49-c182-4bea-8d93-bcf64c9ca85d	Fiorentina Jacket 86/87	R$ 229,00	RETRÔ	Serie A (Itália)	P,M,G,GG,2XG,3XG,4XG	+ R$ 60,00	RETRO	retro/1785449477231_0.jpg retro/1785449477231_1.jpg retro/1785449477231_2.jpg retro/1785449477232_3.jpg retro/1785449477232_4.jpg
31fe0e49-7de8-45eb-8bc5-9377717678ba	Inter Milan Home 26/27	R$ 189,00	TORCEDOR	Serie A (Itália)	P,M,G,GG,2XG,3XG,4XG	+ R$ 60,00	TORCEDOR,MANGA_LONGA,KIT_INFANTIL	torcedor/1785450444670_0.jpg torcedor/1785450444671_1.jpg torcedor/1785450444672_2.jpg torcedor/1785450444672_3.jpg torcedor/1785450444672_4.jpg
b0f3ee8e-009f-488e-8a50-bff85b936f7e	Inter Milan Away 26/27	R$ 189,00	TORCEDOR	Serie A (Itália)	P,M,G,GG,2XG,3XG,4XG	+ R$ 60,00	TORCEDOR,MANGA_LONGA	torcedor/1785450443319_0.jpg torcedor/1785450443319_1.jpg torcedor/1785450443320_2.jpg torcedor/1785450443320_3.jpg torcedor/1785450443320_4.jpg
13f694a1-50e2-4acc-8609-c722c0b12251	Inter Milan Third Player 26/27	R$ 229,00	JOGADOR	Serie A (Itália)	P,M,G,GG,2XG,3XG,4XG	+ R$ 60,00	JOGADOR	torcedor/1785450446443_0.jpg torcedor/1785450446443_1.jpg torcedor/1785450446443_2.jpg torcedor/1785450446443_3.jpg torcedor/1785450446444_4.jpg torcedor/1785450449383_5.jpg
1e7d5e46-7552-4f05-908c-5345fdaba7cc	Inter Milan Player 26/27	R$ 229,00	JOGADOR	Serie A (Itália)	P,M,G,GG,2XG,3XG,4XG	+ R$ 60,00	JOGADOR	jogador/1785450446008_0.jpg jogador/1785450446009_1.jpg jogador/1785450446009_2.jpg jogador/1785450446009_3.jpg jogador/1785450446009_4.jpg jogador/1785450449125_5.jpg
23e431b3-8aac-4b4f-af6f-96e997ecefff	Inter Milan Home Long 26/27	R$ 209,00	Inter Milan Home Long 26/27	Serie A (Itália)	P,M,G,GG,2XG,3XG,4XG	+ R$ 60,00	MANGA_LONGA,TORCEDOR,KIT_INFANTIL	manga_longa/1785450445605_0.jpg manga_longa/1785450445606_1.jpg
a1477f77-c599-4204-a9cd-c06581ad5b2c	Inter Milan Home Kids 26/27	R$ 199,00	KIDS	Serie A (Itália)	14,16,18	+ R$ 60,00	KIT_INFANTIL,MANGA_LONGA,TORCEDOR	kit_infantil/1785450445058_0.jpg kit_infantil/1785450445059_1.jpg
82bc8333-d919-4ebe-af73-38dafd13e296	Inter Milan Away Long Sleeve Player 26/27	R$ 209,00	JOGADOR	Serie A (Itália)	P,M,G,GG,2XG,3XG,4XG	+ R$ 60,00	MANGA_LONGA,TORCEDOR	manga_longa/1785450443736_0.jpg manga_longa/1785450443737_1.jpg manga_longa/1785450443737_2.jpg manga_longa/1785450443737_3.jpg manga_longa/1785450443738_4.jpg manga_longa/1785450447992_5.jpg
42658a87-55af-4e40-844f-6bbb8e9ebd0e	Camisa Inter de Milão Fan Third 25/26	R$ 189,00	TORCEDOR	Serie A (Itália)	P,M,G,GG,2XG,3XG,4XG	+ R$ 60,00	TORCEDOR,JOGADOR	torcedor/1781873714342_2.jpg torcedor/1781873714341_0.jpg torcedor/1781873714342_1.jpg torcedor/1781873714342_3.jpg torcedor/1781873714343_4.jpg torcedor/1781873718121_5.jpg torcedor/1781873718122_6.jpg torcedor/1781873718123_7.jpg torcedor/1781873718123_8.jpg torcedor/1781873718123_9.jpg torcedor/1781873722137_10.jpg torcedor/1781873722138_11.jpg torcedor/1781873722139_12.jpg torcedor/1781873722139_13.jpg torcedor/1781873722139_14.jpg torcedor/1781873727339_15.jpg torcedor/1781873727339_16.jpg torcedor/1781873727340_17.jpg torcedor/1781873727340_18.jpg torcedor/1781873727340_19.jpg torcedor/1781873732018_20.jpg torcedor/1781873732019_21.jpg torcedor/1781873732019_22.jpg torcedor/1781873732019_23.jpg torcedor/1781873732020_24.jpg torcedor/1781873736962_25.jpg torcedor/1781873736963_26.jpg torcedor/1781873736963_27.jpg torcedor/1781873736963_28.jpg torcedor/1781873736964_29.jpg torcedor/1781873741174_30.jpg torcedor/1781873741175_31.jpg torcedor/1781873741175_32.jpg torcedor/1781873741176_33.jpg torcedor/1781873741176_34.jpg torcedor/1781873745727_35.jpg torcedor/1781873745728_36.jpg torcedor/1781873745728_37.jpg torcedor/1781873745729_38.jpg torcedor/1781873745729_39.jpg torcedor/1781873750176_40.jpg torcedor/1781873750177_41.jpg torcedor/1781873750177_42.jpg torcedor/1781873750178_43.jpg torcedor/1781873750178_44.jpg torcedor/1781873754263_45.jpg
2827d6d1-986e-49c9-84ee-9721023feba3	Camisa Inter de Milão Fan Home 25/26	R$ 189,00	TORCEDOR	Serie A (Itália)	P,M,G,GG,2XG,3XG,4XG	+ R$ 60,00	TORCEDOR,JOGADOR,FEMININA	torcedor/1781873625073_8.jpg torcedor/1781873621297_0.jpg torcedor/1781873621298_1.jpg torcedor/1781873621299_2.jpg torcedor/1781873621299_3.jpg torcedor/1781873621299_4.jpg torcedor/1781873625071_5.jpg torcedor/1781873625072_6.jpg torcedor/1781873625073_7.jpg torcedor/1781873625073_9.jpg torcedor/1781873628978_10.jpg torcedor/1781873628979_11.jpg torcedor/1781873628980_12.jpg torcedor/1781873628980_13.jpg torcedor/1781873628980_14.jpg torcedor/1781873633022_15.jpg torcedor/1781873633023_16.jpg torcedor/1781873633024_17.jpg torcedor/1781873633024_18.jpg torcedor/1781873633024_19.jpg torcedor/1781873637006_20.jpg torcedor/1781873637007_21.jpg torcedor/1781873637007_22.jpg torcedor/1781873637008_23.jpg torcedor/1781873637008_24.jpg
510392e5-4e39-413a-8c71-4e77c88fb554	Camisa Inter de Milão Fan Away 25/26	R$ 189,00	TORCEDOR	Serie A (Itália)	P,M,G,GG,2XG,3XG,4XG	+ R$ 60,00	TORCEDOR,JOGADOR	torcedor/1781873539074_15.jpg torcedor/1781873527686_0.jpg torcedor/1781873527687_1.jpg torcedor/1781873527687_2.jpg torcedor/1781873527688_3.jpg torcedor/1781873527688_4.jpg torcedor/1781873531324_5.jpg torcedor/1781873531325_6.jpg torcedor/1781873531325_7.jpg torcedor/1781873531325_8.jpg torcedor/1781873531325_9.jpg torcedor/1781873535418_10.jpg torcedor/1781873535419_11.jpg torcedor/1781873535419_12.jpg torcedor/1781873535419_13.jpg torcedor/1781873535420_14.jpg torcedor/1781873539075_16.jpg torcedor/1781873539076_17.jpg torcedor/1781873539076_18.jpg torcedor/1781873539076_19.jpg torcedor/1781873542629_20.jpg torcedor/1781873542630_21.jpg torcedor/1781873542630_22.jpg
abcdd94a-4d72-4f77-b90f-dc39034fb4ba	Inter Milan Black Windbreaker 25/26	R$ 409,00	CORTA VENTO	Serie A (Itália)	P,M,G,GG,2XG,3XG,4XG	+ R$ 60,00	CORTA_VENTO	corta_vento/1785787407569_0.jpg corta_vento/1785787407570_1.jpg corta_vento/1785787407571_2.jpg corta_vento/1785787407571_3.jpg
16657c33-fccd-4294-90a1-72e75216dfa9	Camisa Inter de Milão Player Third 25/26	R$ 229,00	JOGADOR	Serie A (Itália)	P,M,G,GG,2XG,3XG,4XG	+ R$ 60,00	JOGADOR,TORCEDOR	jogador/1781873759874_21.jpg jogador/1781873740338_0.jpg jogador/1781873740339_1.jpg jogador/1781873740339_2.jpg jogador/1781873740339_3.jpg jogador/1781873740339_4.jpg jogador/1781873747405_5.jpg jogador/1781873747406_6.jpg jogador/1781873747406_7.jpg jogador/1781873747406_8.jpg jogador/1781873747407_9.jpg jogador/1781873752105_10.jpg jogador/1781873752106_11.jpg jogador/1781873752107_12.jpg jogador/1781873752107_13.jpg jogador/1781873752107_14.jpg jogador/1781873755782_15.jpg jogador/1781873755783_16.jpg jogador/1781873755784_17.jpg jogador/1781873755784_18.jpg jogador/1781873755784_19.jpg jogador/1781873759873_20.jpg
4f36eae8-6a01-4628-8d61-e82a73a43285	Camisa Inter de Milão Feminina Home 25/26	R$ 179,00	FEMININO	Serie A (Itália)	P,M,G,GG	+ R$ 60,00	FEMININA,JOGADOR,TORCEDOR	feminina/1781873702129_22.jpg feminina/1781873684711_0.jpg feminina/1781873684712_1.jpg feminina/1781873684712_2.jpg feminina/1781873684712_3.jpg feminina/1781873684713_4.jpg feminina/1781873689156_5.jpg feminina/1781873689158_6.jpg feminina/1781873689158_7.jpg feminina/1781873689158_8.jpg feminina/1781873689159_9.jpg feminina/1781873693856_10.jpg feminina/1781873693857_11.jpg feminina/1781873693857_12.jpg feminina/1781873693857_13.jpg feminina/1781873693857_14.jpg feminina/1781873697821_15.jpg feminina/1781873697822_16.jpg feminina/1781873697822_17.jpg feminina/1781873697823_18.jpg feminina/1781873697823_19.jpg feminina/1781873702128_20.jpg feminina/1781873702129_21.jpg feminina/1781873702129_23.jpg
13aeef57-da21-4d6e-95d9-e29c9356c367	Camisa Inter de Milão Player Home 25/26	R$ 229,00	JOGADOR	Serie A (Itália)	P,M,G,GG,2XG,3XG,4XG	+ R$ 60,00	JOGADOR,TORCEDOR,FEMININA	jogador/1781873646791_0.jpg jogador/1781873646792_1.jpg jogador/1781873646792_2.jpg jogador/1781873646792_3.jpg jogador/1781873646793_4.jpg jogador/1781873650673_5.jpg jogador/1781873650674_6.jpg jogador/1781873650675_7.jpg jogador/1781873650675_8.jpg jogador/1781873650675_9.jpg jogador/1781873655630_10.jpg jogador/1781873655630_11.jpg jogador/1781873655631_12.jpg jogador/1781873655631_13.jpg jogador/1781873655631_14.jpg jogador/1781873660393_15.jpg jogador/1781873660394_16.jpg jogador/1781873660395_17.jpg jogador/1781873660395_18.jpg jogador/1781873660395_19.jpg jogador/1781873664622_20.jpg jogador/1781873664623_21.jpg jogador/1781873664624_22.jpg jogador/1781873664624_23.jpg
5ab92464-021f-4b56-8e34-e10b92beee4e	Camisa Inter de Milão Player Away 25/26	R$ 229,00	JOGADOR	Serie A (Itália)	P,M,G,GG,2XG,3XG,4XG	+ R$ 60,00	JOGADOR,TORCEDOR	jogador/1781873590206_18.jpg jogador/1781873579175_0.jpg jogador/1781873579176_1.jpg jogador/1781873579176_2.jpg jogador/1781873579177_3.jpg jogador/1781873579177_4.jpg jogador/1781873582853_5.jpg jogador/1781873582854_6.jpg jogador/1781873582854_7.jpg jogador/1781873582854_8.jpg jogador/1781873582854_9.jpg jogador/1781873586435_10.jpg jogador/1781873586436_11.jpg jogador/1781873586436_12.jpg jogador/1781873586437_13.jpg jogador/1781873586437_14.jpg jogador/1781873590204_15.jpg jogador/1781873590205_16.jpg jogador/1781873590205_17.jpg jogador/1781873590206_19.jpg jogador/1781873594426_20.jpg jogador/1781873594427_21.jpg jogador/1781873594427_22.jpg
c4962308-dfc0-4563-9364-fe20e6ff72a5	Camisa Inter de Milão Fan Third 24/25	R$ 189,00	TORCEDOR	Serie A (Itália)	P,M,G,GG,2XG,3XG,4XG	+ R$ 60,00	TORCEDOR,JOGADOR	torcedor/1781867463018_0.jpg torcedor/1781867463018_1.jpg torcedor/1781867463019_2.jpg torcedor/1781867463019_3.jpg torcedor/1781867463019_4.jpg torcedor/1781867467539_5.jpg torcedor/1781867467540_6.jpg torcedor/1781867467540_7.jpg torcedor/1781867467541_8.jpg torcedor/1781867467541_9.jpg torcedor/1781867471326_10.jpg torcedor/1781867471326_11.jpg torcedor/1781867471327_12.jpg torcedor/1781867471327_13.jpg torcedor/1781867471327_14.jpg torcedor/1781867475231_15.jpg torcedor/1781867475232_16.jpg torcedor/1781867475232_17.jpg torcedor/1781867475232_18.jpg torcedor/1781867475233_19.jpg torcedor/1781867480093_20.jpg torcedor/1781867480094_21.jpg torcedor/1781867480094_22.jpg torcedor/1781867480094_23.jpg torcedor/1781867480094_24.jpg torcedor/1781867483857_25.jpg torcedor/1781867483858_26.jpg torcedor/1781867483858_27.jpg torcedor/1781867483858_28.jpg torcedor/1781867483858_29.jpg torcedor/1781867487807_30.jpg torcedor/1781867487808_31.jpg torcedor/1781867487809_32.jpg torcedor/1781867487809_33.jpg torcedor/1781867487809_34.jpg torcedor/1781867492047_35.jpg torcedor/1781867492048_36.jpg torcedor/1781867492049_37.jpg torcedor/1781867492049_38.jpg torcedor/1781867492049_39.jpg torcedor/1781867496472_40.jpg torcedor/1781867496473_41.jpg torcedor/1781867496473_42.jpg torcedor/1781867496474_43.jpg torcedor/1781867496474_44.jpg torcedor/1781867500333_45.jpg torcedor/1781867500334_46.jpg torcedor/1781867500335_47.jpg torcedor/1781867500335_48.jpg torcedor/1781867500335_49.jpg torcedor/1781867503828_50.jpg
8da4a134-2db0-4aa8-8ee6-6e9e4eeefd5c	Camisa Inter de Milão Fan Home 24/25	R$ 189,00	TORCEDOR	Serie A (Itália)	P,M,G,GG,2XG,3XG,4XG	+ R$ 60,00	TORCEDOR,JOGADOR	torcedor/1781867434863_17.jpg torcedor/1781867422447_0.jpg torcedor/1781867422448_1.jpg torcedor/1781867422449_2.jpg torcedor/1781867422449_3.jpg torcedor/1781867422449_4.jpg torcedor/1781867426341_5.jpg torcedor/1781867426342_6.jpg torcedor/1781867426342_7.jpg torcedor/1781867426342_8.jpg torcedor/1781867426343_9.jpg torcedor/1781867431049_10.jpg torcedor/1781867431049_11.jpg torcedor/1781867431050_12.jpg torcedor/1781867431050_13.jpg torcedor/1781867431050_14.jpg torcedor/1781867434861_15.jpg torcedor/1781867434862_16.jpg torcedor/1781867434863_18.jpg torcedor/1781867434863_19.jpg torcedor/1781867438475_20.jpg torcedor/1781867438476_21.jpg torcedor/1781867438477_22.jpg torcedor/1781867438477_23.jpg torcedor/1781867438477_24.jpg torcedor/1781867442441_25.jpg torcedor/1781867442442_26.jpg torcedor/1781867442443_27.jpg torcedor/1781867442443_28.jpg torcedor/1781867442443_29.jpg
d5ae662f-fa1c-415b-b705-7bf0b06cb678	Camisa Inter de Milão Fan Away 24/25	R$ 189,00	TORCEDOR	Serie A (Itália)	P,M,G,GG,2XG,3XG,4XG	+ R$ 60,00	TORCEDOR,JOGADOR	torcedor/1781867392923_20.jpg torcedor/1781867376695_0.jpg torcedor/1781867376696_1.jpg torcedor/1781867376696_2.jpg torcedor/1781867376696_3.jpg torcedor/1781867376697_4.jpg torcedor/1781867381362_5.jpg torcedor/1781867381363_6.jpg torcedor/1781867381363_7.jpg torcedor/1781867381364_8.jpg torcedor/1781867381364_9.jpg torcedor/1781867384865_10.jpg torcedor/1781867384866_11.jpg torcedor/1781867384866_12.jpg torcedor/1781867384866_13.jpg torcedor/1781867384867_14.jpg torcedor/1781867388510_15.jpg torcedor/1781867388511_16.jpg torcedor/1781867388512_17.jpg torcedor/1781867388512_18.jpg torcedor/1781867388512_19.jpg torcedor/1781867392924_21.jpg torcedor/1781867392924_22.jpg torcedor/1781867392924_23.jpg torcedor/1781867392925_24.jpg torcedor/1781867396792_25.jpg torcedor/1781867396793_26.jpg
9b570443-c575-4e03-a8d2-eed0cb7059cc	Camisa Inter de Milão Player Third 24/25	R$ 229,00	JOGADOR	Serie A (Itália)	P,M,G,GG,2XG,3XG,4XG	+ R$ 60,00	JOGADOR,TORCEDOR	jogador/1781867518803_23.jpg jogador/1781867501159_0.jpg jogador/1781867501159_1.jpg jogador/1781867501160_2.jpg jogador/1781867501160_3.jpg jogador/1781867501160_4.jpg jogador/1781867507287_5.jpg jogador/1781867507288_6.jpg jogador/1781867507289_7.jpg jogador/1781867507289_8.jpg jogador/1781867507289_9.jpg jogador/1781867510708_10.jpg jogador/1781867510708_11.jpg jogador/1781867510708_12.jpg jogador/1781867510709_13.jpg jogador/1781867510709_14.jpg jogador/1781867514591_15.jpg jogador/1781867514592_16.jpg jogador/1781867514593_17.jpg jogador/1781867514593_18.jpg jogador/1781867514593_19.jpg jogador/1781867518802_20.jpg jogador/1781867518803_21.jpg jogador/1781867518803_22.jpg jogador/1781867518804_24.jpg jogador/1781867522930_25.jpg jogador/1781867522930_26.jpg jogador/1781867522931_27.jpg jogador/1781867522931_28.jpg jogador/1781867522931_29.jpg jogador/1781867527541_30.jpg jogador/1781867527542_31.jpg jogador/1781867527542_32.jpg jogador/1781867527542_33.jpg jogador/1781867527543_34.jpg jogador/1781867531188_35.jpg jogador/1781867531189_36.jpg jogador/1781867531189_37.jpg jogador/1781867531189_38.jpg jogador/1781867531190_39.jpg jogador/1781867535942_40.jpg jogador/1781867535943_41.jpg jogador/1781867535943_42.jpg jogador/1781867535944_43.jpg jogador/1781867535944_44.jpg jogador/1781867545552_45.jpg jogador/1781867545553_46.jpg jogador/1781867545553_47.jpg jogador/1781867545553_48.jpg jogador/1781867545553_49.jpg jogador/1781867550188_50.jpg jogador/1781867550189_51.jpg jogador/1781867550190_52.jpg jogador/1781867550190_53.jpg jogador/1781867550190_54.jpg
e6461e08-7bcc-4d00-b471-af89d05f4546	Camisa Inter de Milão Player Home 24/25	R$ 229,00	JOGADOR	Serie A (Itália)	P,M,G,GG,2XG,3XG,4XG	+ R$ 60,00	JOGADOR,TORCEDOR	jogador/1781867456038_16.jpg jogador/1781867439141_0.jpg jogador/1781867439142_1.jpg jogador/1781867439142_2.jpg jogador/1781867439143_3.jpg jogador/1781867439143_4.jpg jogador/1781867447731_5.jpg jogador/1781867447732_6.jpg jogador/1781867447732_7.jpg jogador/1781867447732_8.jpg jogador/1781867447733_9.jpg jogador/1781867452067_10.jpg jogador/1781867452068_11.jpg jogador/1781867452069_12.jpg jogador/1781867452069_13.jpg jogador/1781867452069_14.jpg jogador/1781867456037_15.jpg jogador/1781867456038_17.jpg jogador/1781867456039_18.jpg jogador/1781867456039_19.jpg jogador/1781867459507_20.jpg jogador/1781867459508_21.jpg jogador/1781867459508_22.jpg jogador/1781867459509_23.jpg jogador/1781867459509_24.jpg jogador/1781867463658_25.jpg jogador/1781867463659_26.jpg jogador/1781867463660_27.jpg jogador/1781867463660_28.jpg
acd3f829-6c4f-4516-ae50-1a64fd3ae32c	Camisa Inter de Milão Player Away 24/25	R$ 229,00	JOGADOR	Serie A (Itália)	P,M,G,GG,2XG,3XG,4XG	+ R$ 60,00	JOGADOR,TORCEDOR	jogador/1781867419594_27.jpg jogador/1781867398862_0.jpg jogador/1781867398863_1.jpg jogador/1781867398863_2.jpg jogador/1781867398864_3.jpg jogador/1781867398864_4.jpg jogador/1781867403226_5.jpg jogador/1781867403227_6.jpg jogador/1781867403227_7.jpg jogador/1781867403227_8.jpg jogador/1781867403228_9.jpg jogador/1781867407150_10.jpg jogador/1781867407151_11.jpg jogador/1781867407152_12.jpg jogador/1781867407152_13.jpg jogador/1781867407152_14.jpg jogador/1781867411649_15.jpg jogador/1781867411649_16.jpg jogador/1781867411650_17.jpg jogador/1781867411650_18.jpg jogador/1781867411650_19.jpg jogador/1781867415710_20.jpg jogador/1781867415711_21.jpg jogador/1781867415711_22.jpg jogador/1781867415711_23.jpg jogador/1781867415711_24.jpg jogador/1781867419593_25.jpg jogador/1781867419594_26.jpg jogador/1781867419594_28.jpg
64dfb5f6-fa0a-4c92-8fbf-ee0221aa7c88	Inter Milan Home 11/12	R$ 229,00	RETRÔ	Serie A (Itália)	P,M,G,GG,2XG,3XG,4XG	+ R$ 60,00	RETRO	retro/1785787994837_0.jpg retro/1785787994838_1.jpg retro/1785787994838_2.jpg retro/1785787994838_3.jpg retro/1785787994839_4.jpg retro/1785787997736_5.jpg
93d81804-e62f-4583-bc29-670494b03859	Inter Milan Away Retro 11/12	R$ 229,00	RETRÔ	Serie A (Itália)	P,M,G,GG,2XG,3XG,4XG	+ R$ 60,00	RETRO	retro/1785787503764_0.jpg retro/1785787503765_1.jpg retro/1785787503766_2.jpg retro/1785787503766_3.jpg retro/1785787503766_4.jpg retro/1785787506849_5.jpg retro/1785787506849_6.jpg
22f3446d-9ddf-4e1e-b3d2-4c5e7c494537	Inter Milan Home Retro 10/11	R$ 229,00	RETRÔ	Serie A (Itália)	P,M,G,GG,2XG,3XG,4XG	+ R$ 60,00	RETRO	retro/1785787747992_0.jpg retro/1785787747992_1.jpg retro/1785787747992_2.jpg retro/1785787747993_3.jpg retro/1785787747993_4.jpg retro/1785787750951_5.jpg retro/1785787750952_6.jpg
b3890abb-6bce-4481-bf1c-53770589d72a	Inter Milan Away Retro 10/11	R$ 229,00	RETRÔ	Serie A (Itália)	P,M,G,GG,2XG,3XG,4XG	+ R$ 60,00	RETRO	retro/1785787503362_0.jpg retro/1785787503362_1.jpg retro/1785787503363_2.jpg retro/1785787503363_3.jpg retro/1785787503363_4.jpg retro/1785787507403_5.jpg
956074b1-472e-4c0d-84e2-cde0eef39bfc	Inter Milan Home Champions Final Long 09/10	R$ 229,00	RETRÔ	Serie A (Itália)	P,M,G,GG,2XG,3XG,4XG	+ R$ 60,00	RETRO	retro/1785787992985_0.jpg retro/1785787992986_1.jpg retro/1785787992986_2.jpg retro/1785787992986_3.jpg retro/1785787992987_4.jpg retro/1785787996518_5.jpg
6203bccf-8f1a-4156-8534-5cacc4f463f0	Inter Milan Home Champions Final Retro 09/10	R$ 229,00	RETRÔ	Serie A (Itália)	P,M,G,GG,2XG,3XG,4XG	+ R$ 60,00	RETRO	retro/1785787992666_0.jpg retro/1785787992667_1.jpg retro/1785787992667_2.jpg retro/1785787992667_3.jpg retro/1785787992667_4.jpg retro/1785787995557_5.jpg retro/1785787995558_6.jpg
168a13d8-663b-4c77-857b-9fb8ec3360bb	Inter Milan Home Retro 08/09	R$ 229,00	RETRÔ	Serie A (Itália)	P,M,G,GG,2XG,3XG,4XG	+ R$ 60,00	RETRO	retro/1785787736181_0.jpg retro/1785787736182_1.jpg retro/1785787736182_2.jpg retro/1785787736183_3.jpg retro/1785787736183_4.jpg retro/1785787739318_5.jpg retro/1785787739319_6.jpg
429ca1a6-30a9-4769-a7ce-10353d86e879	Inter Milan Away 08/09	R$ 229,00	RETRÔ	Serie A (Itália)	P,M,G,GG,2XG,3XG,4XG	+ R$ 60,00	RETRO	retro/1785787500963_0.jpg retro/1785787500964_1.jpg retro/1785787500964_2.jpg retro/1785787500964_3.jpg retro/1785787500965_4.jpg
993cd367-ef44-4e28-8a0b-9382ba699fd2	Inter Milan Home Retro 07/08	R$ 229,00	RETRÔ	Serie A (Itália)	P,M,G,GG,2XG,3XG,4XG	+ R$ 60,00	RETRO	retro/1785787736500_0.jpg retro/1785787736501_1.jpg retro/1785787736501_2.jpg retro/1785787736502_3.jpg retro/1785787736502_4.jpg retro/1785787739721_5.jpg
433308b3-bff6-4ec0-a605-db414f8cb698	Inter Milan Away Retro 07/08	R$ 229,00	RETRÔ	Serie A (Itália)	P,M,G,GG,2XG,3XG,4XG	+ R$ 60,00	RETRO	retro/1785787503270_0.jpg
902101e4-dc8a-437e-a906-4b676c8603e7	Inter Milan Third Retro 04/05	R$ 229,00	RETRÔ	Serie A (Itália)	P,M,G,GG,2XG,3XG,4XG	+ R$ 60,00	RETRO	retro/1785787917040_0.jpg
86bef7b4-a926-4975-a380-8b16b3e28fd4	Inter Milan Home Long Sleeve Retro 04/05	R$ 229,00	MANGA LONGA	Serie A (Itália)	P,M,G,GG,2XG,3XG,4XG	+ R$ 60,00	RETRO	retro/1785787739476_0.jpg retro/1785787739477_1.jpg retro/1785787739477_2.jpg retro/1785787739478_3.jpg retro/1785787739478_4.jpg retro/1785787742608_5.jpg
dc7413c9-43e4-41ab-b202-4666004bf256	Inter Milan Home Retro 04/05	R$ 229,00	RETRÔ	Serie A (Itália)	P,M,G,GG,2XG,3XG,4XG	+ R$ 60,00	RETRO	retro/1785787737095_0.jpg retro/1785787737096_1.jpg retro/1785787737096_2.jpg retro/1785787737096_3.jpg retro/1785787737097_4.jpg
9e58a7ba-35d3-46a4-9bc2-432599e298b3	Inter Milan Away Retro Soccer 04/05	R$ 229,00	RETRÔ	Serie A (Itália)	P,M,G,GG,2XG,3XG,4XG	+ R$ 60,00	RETRO	retro/1785787504365_0.jpg retro/1785787504366_1.jpg retro/1785787504366_2.jpg retro/1785787504366_3.jpg retro/1785787504366_4.jpg retro/1785787516748_5.jpg retro/1785787516749_6.jpg
2b621e79-b239-4a1b-89ff-56a7f92543fd	Inter Milan Home Retro 01/02	R$ 229,00	RETRÔ	Serie A (Itália)	P,M,G,GG,2XG,3XG,4XG	+ R$ 60,00	RETRO	retro/1785787737513_0.jpg retro/1785787737513_1.jpg retro/1785787737514_2.jpg retro/1785787737514_3.jpg retro/1785787737514_4.jpg retro/1785787740297_5.jpg
a5afcb1f-415b-47d8-aa33-5c709d3237bd	Inter Milan Home Retro 99/00	R$ 229,00	RETRÔ	Serie A (Itália)	P,M,G,GG,2XG,3XG,4XG	+ R$ 60,00	RETRO	retro/1785787910401_0.jpg retro/1785787910402_1.jpg retro/1785787910402_2.jpg retro/1785787910402_3.jpg retro/1785787910402_4.jpg retro/1785787914144_5.jpg retro/1785787914145_6.jpg
ca7b33f4-42bb-4437-a60a-91b5c457675e	Camisa Inter de Milão Fan Home 98/99	R$ 189,00	TORCEDOR	Serie A (Itália)	P,M,G,GG,2XG,3XG,4XG	+ R$ 60,00	TORCEDOR,RETRO,KIT_INFANTIL	torcedor/1781874052308_8.jpg torcedor/1781874043539_0.jpg torcedor/1781874043540_1.jpg torcedor/1781874043540_2.jpg torcedor/1781874043540_3.jpg torcedor/1781874043541_4.jpg torcedor/1781874052307_5.jpg torcedor/1781874052308_6.jpg torcedor/1781874052308_7.jpg torcedor/1781874052309_9.jpg torcedor/1781874057545_10.jpg torcedor/1781874057546_11.jpg torcedor/1781874057547_12.jpg torcedor/1781874057547_13.jpg torcedor/1781874057547_14.jpg torcedor/1781874063908_15.jpg torcedor/1781874063908_16.jpg torcedor/1781874063909_17.jpg torcedor/1781874063909_18.jpg torcedor/1781874063909_19.jpg torcedor/1781874074245_20.jpg torcedor/1781874074246_21.jpg torcedor/1781874074247_22.jpg torcedor/1781874074247_23.jpg torcedor/1781874074247_24.jpg torcedor/1781874078156_25.jpg torcedor/1781874078157_26.jpg torcedor/1781874078157_27.jpg torcedor/1781874078157_28.jpg torcedor/1781874078158_29.jpg torcedor/1781874082318_30.jpg torcedor/1781874082319_31.jpg torcedor/1781874082319_32.jpg torcedor/1781874082319_33.jpg torcedor/1781874082320_34.jpg torcedor/1781874086422_35.jpg torcedor/1781874086423_36.jpg torcedor/1781874086423_37.jpg torcedor/1781874086424_38.jpg torcedor/1781874086424_39.jpg torcedor/1781874090157_40.jpg torcedor/1781874090158_41.jpg torcedor/1781874090159_42.jpg torcedor/1781874090159_43.jpg torcedor/1781874090159_44.jpg torcedor/1781874094006_45.jpg torcedor/1781874094007_46.jpg torcedor/1781874094007_47.jpg torcedor/1781874094007_48.jpg
d289ac31-e32f-4405-a737-cdefa9d0de48	Inter Milan Home Retro 98/99	R$ 229,00	RETRÔ	Serie A (Itália)	P,M,G,GG,2XG,3XG,4XG	+ R$ 60,00	RETRO,TORCEDOR,KIT_INFANTIL	retro/1785787910332_0.jpg retro/1785787910332_1.jpg retro/1785787910332_2.jpg retro/1785787910333_3.jpg retro/1785787910333_4.jpg
ed62eea1-6098-4a3b-bcd9-4f221a2583b5	Inter Milan Home Kids Retro 98/99	R$ 199,00	RETRÔ	Serie A (Itália)	14,16,18	+ R$ 60,00	KIT_INFANTIL,TORCEDOR,RETRO	kit_infantil/1785787533590_0.jpg kit_infantil/1785787533591_1.jpg kit_infantil/1785787533591_2.jpg kit_infantil/1785787533591_3.jpg kit_infantil/1785787533591_4.jpg kit_infantil/1785787537258_5.jpg
8bf65b98-f67f-43de-ab0b-6402d1e86693	Camisa Inter de Milão Fan Away 97/98	R$ 189,00	TORCEDOR	Serie A (Itália)	P,M,G,GG,2XG,3XG,4XG	+ R$ 60,00	TORCEDOR	torcedor/1781874025032_12.jpg torcedor/1781874007137_0.jpg torcedor/1781874007137_1.jpg torcedor/1781874007137_2.jpg torcedor/1781874007138_3.jpg torcedor/1781874007138_4.jpg torcedor/1781874010872_5.jpg torcedor/1781874010872_6.jpg torcedor/1781874010873_7.jpg torcedor/1781874010873_8.jpg torcedor/1781874010873_9.jpg torcedor/1781874025031_10.jpg torcedor/1781874025032_11.jpg torcedor/1781874025032_13.jpg torcedor/1781874025033_14.jpg torcedor/1781874043672_15.jpg torcedor/1781874043673_16.jpg torcedor/1781874043674_17.jpg torcedor/1781874043674_18.jpg torcedor/1781874043674_19.jpg torcedor/1781874064279_20.jpg
229039e9-5a9c-4872-a444-8a02027f5c76	Camisa Milan Fan Home Retro 97/98	R$ 229,00	TORCEDOR	Serie A (Itália)	P,M,G,GG,2XG,3XG,4XG	+ R$ 60,00	RETRO	torcedor/1781668120252_25.jpg torcedor/1781668100306_0.jpg torcedor/1781668100306_1.jpg torcedor/1781668100306_2.jpg torcedor/1781668100307_3.jpg torcedor/1781668100307_4.jpg torcedor/1781668104388_5.jpg torcedor/1781668104389_6.jpg torcedor/1781668104390_7.jpg torcedor/1781668104390_8.jpg torcedor/1781668104390_9.jpg torcedor/1781668108166_10.jpg torcedor/1781668108167_11.jpg torcedor/1781668108167_12.jpg torcedor/1781668108167_13.jpg torcedor/1781668108168_14.jpg torcedor/1781668112344_15.jpg torcedor/1781668112356_16.jpg torcedor/1781668112356_17.jpg torcedor/1781668112356_18.jpg torcedor/1781668112357_19.jpg torcedor/1781668116384_20.jpg torcedor/1781668116385_21.jpg torcedor/1781668116385_22.jpg torcedor/1781668116385_23.jpg torcedor/1781668116386_24.jpg
c80787f9-c742-4678-bcf6-15b269b0b847	Inter Milan Home 97/98	R$ 229,00	RETRÔ	Serie A (Itália)	P,M,G,GG,2XG,3XG,4XG	+ R$ 60,00	RETRO	retro/1785787993497_0.jpg retro/1785787993498_1.jpg retro/1785787993498_2.jpg retro/1785787993498_3.jpg retro/1785787993498_4.jpg retro/1785787996839_5.jpg retro/1785787996840_6.jpg
fca87702-5860-4a74-b319-7c7111ead294	Inter Milan Third 97/98	R$ 229,00	RETRÔ	Serie A (Itália)	P,M,G,GG,2XG,3XG,4XG	+ R$ 60,00	RETRO,KIT_INFANTIL	retro/1785787913566_0.jpg retro/1785787913566_1.jpg retro/1785787913566_2.jpg retro/1785787913567_3.jpg retro/1785787913567_4.jpg
6109306e-d2ca-48e9-a8ca-ac056f75ab7d	Inter Milan Third Long 97/98	R$ 229,00	RETRÔ	Serie A (Itália)	P,M,G,GG,2XG,3XG,4XG	+ R$ 60,00	RETRO,KIT_INFANTIL	retro/1785787912997_0.jpg retro/1785787912998_1.jpg retro/1785787912998_2.jpg retro/1785787912998_3.jpg retro/1785787912999_4.jpg retro/1785787916698_5.jpg retro/1785787916699_6.jpg retro/1785787916700_7.jpg
99eb7a91-8cce-4ab3-959a-c4ec145b9dc0	Inter Milan Third Kids 97/98	R$ 199,00	KIDS	Serie A (Itália)	14,16,18	+ R$ 60,00	KIT_INFANTIL,RETRO	retro/1785787912241_0.jpg retro/1785787912242_1.jpg
b5e74239-effc-4aea-8941-460d57590521	Inter Milan Home Long 97/98	R$ 229,00	RETRÔ	Serie A (Itália)	P,M,G,GG,2XG,3XG,4XG	+ R$ 60,00	RETRO	retro/1785787740266_0.jpg retro/1785787740267_1.jpg retro/1785787740268_2.jpg retro/1785787740268_3.jpg retro/1785787740268_4.jpg
5aa9a46f-333b-478e-a6ae-c6e272d5b01d	Camisa Inter de Milão Fan Third 96/97	R$ 189,00	TORCEDOR	Serie A (Itália)	P,M,G,GG,2XG,3XG,4XG	+ R$ 60,00	TORCEDOR	torcedor/1781873964818_17.jpg torcedor/1781873953221_0.jpg torcedor/1781873953222_1.jpg torcedor/1781873953222_2.jpg torcedor/1781873953223_3.jpg torcedor/1781873953223_4.jpg torcedor/1781873957383_5.jpg torcedor/1781873957383_6.jpg torcedor/1781873957384_7.jpg torcedor/1781873957384_8.jpg torcedor/1781873957384_9.jpg torcedor/1781873961119_10.jpg torcedor/1781873961120_11.jpg torcedor/1781873961121_12.jpg torcedor/1781873961121_13.jpg torcedor/1781873961121_14.jpg torcedor/1781873964817_15.jpg torcedor/1781873964817_16.jpg torcedor/1781873964818_18.jpg torcedor/1781873964818_19.jpg
5453bcbe-ac1b-4893-a412-e013bafa9047	Camisa Inter de Milão Fan Third Away 95/96	R$ 189,00	TORCEDOR	Serie A (Itália)	P,M,G,GG,2XG,3XG,4XG	+ R$ 60,00	TORCEDOR	torcedor/1781873905042_4.jpg torcedor/1781873905040_0.jpg torcedor/1781873905041_1.jpg torcedor/1781873905041_2.jpg torcedor/1781873905041_3.jpg torcedor/1781873908227_5.jpg torcedor/1781873908228_6.jpg torcedor/1781873908228_7.jpg torcedor/1781873908228_8.jpg torcedor/1781873908229_9.jpg torcedor/1781873912586_10.jpg torcedor/1781873912587_11.jpg torcedor/1781873912587_12.jpg torcedor/1781873912588_13.jpg torcedor/1781873912588_14.jpg torcedor/1781873916359_15.jpg torcedor/1781873916360_16.jpg torcedor/1781873916360_17.jpg torcedor/1781873916361_18.jpg
f71b9047-5049-417b-a965-81e471854dad	Inter Milan Home 95/96	R$ 229,00	RETRÔ	Serie A (Itália)	P,M,G,GG,2XG,3XG,4XG	+ R$ 60,00	RETRO	retro/1785787994004_0.jpg retro/1785787994004_1.jpg retro/1785787994005_2.jpg retro/1785787994005_3.jpg retro/1785787994005_4.jpg retro/1785787997605_5.jpg retro/1785787997606_6.jpg
7b25a6fe-627a-48ce-a967-0346956593e5	Camisa Inter de Milão Fan Away Retro 94/95	R$ 229,00	TORCEDOR	Serie A (Itália)	P,M,G,GG,2XG,3XG,4XG	+ R$ 60,00	RETRO	torcedor/1781873865468_5.jpg
260c21c6-77a3-4eee-8a43-43b76175408b	Camisa Inter de Milão Fan Third Retro 92/94	R$ 229,00	TORCEDOR	Serie A (Itália)	P,M,G,GG,2XG,3XG,4XG	+ R$ 60,00	RETRO	torcedor/1781873811241_7.jpg
c45b4090-2388-420e-aece-0f5b26d4510f	Inter Milan Away 91/92	R$ 229,00	RETRÔ	Serie A (Itália)	P,M,G,GG,2XG,3XG,4XG	+ R$ 60,00	RETRO	retro/1785787501412_0.jpg
45769514-3a86-48a5-8c73-0f50e7bc8c0b	Juventus Turin Standium 26/27	R$ 189,00	TORCEDOR	Serie A (Itália)	P,M,G,GG,2XG,3XG,4XG	+ R$ 60,00	TORCEDOR	torcedor/1785450561962_0.jpg
1cb4e5fe-fb1c-4aef-a962-b316104dd19e	Juventus Third 26/27	R$ 189,00	TORCEDOR	Serie A (Itália)	P,M,G,GG,2XG,3XG,4XG	+ R$ 60,00	TORCEDOR	torcedor/1785450561558_0.jpg
7f523286-2b81-49d3-9f01-74855d38886e	Juventus Home 26/27	R$ 189,00	TORCEDOR	Serie A (Itália)	P,M,G,GG,2XG,3XG,4XG	+ R$ 60,00	TORCEDOR,MANGA_LONGA,KIT_INFANTIL,JOGADOR	torcedor/1785450446995_0.jpg torcedor/1785450446996_1.jpg torcedor/1785450446996_2.jpg torcedor/1785450446996_3.jpg torcedor/1785450446996_4.jpg torcedor/1785450450121_5.jpg
3c338621-8592-4057-9c41-d6f25f2da1fc	Juventus Away Player 26/27	R$ 229,00	JOGADOR	Serie A (Itália)	P,M,G,GG,2XG,3XG,4XG	+ R$ 60,00	JOGADOR	jogador/1786970510894_0.jpg jogador/1786970510894_1.jpg jogador/1786970510895_2.jpg jogador/1786970510895_3.jpg
ea37e3e8-b1e6-4d50-8d05-b8491f4c895d	Juventus Home Player 26/27	R$ 229,00	JOGADOR	Serie A (Itália)	P,M,G,GG,2XG,3XG,4XG	+ R$ 60,00	JOGADOR,TORCEDOR,MANGA_LONGA,KIT_INFANTIL	jogador/1785450561131_0.jpg jogador/1785450561132_1.jpg jogador/1785450561132_2.jpg jogador/1785450561132_3.jpg jogador/1785450561132_4.jpg jogador/1785450564728_5.jpg jogador/1785450564728_6.jpg
91554f5e-a955-4d62-84ee-fb164e237e7e	Juventus Home Long 26/27	R$ 209,00	Juventus Home Long 26/27	Serie A (Itália)	P,M,G,GG,2XG,3XG,4XG	+ R$ 60,00	MANGA_LONGA,TORCEDOR,KIT_INFANTIL,JOGADOR	manga_longa/1785450560553_0.jpg manga_longa/1785450560553_1.jpg manga_longa/1785450560554_2.jpg manga_longa/1785450560554_3.jpg manga_longa/1785450560554_4.jpg manga_longa/1785450563632_5.jpg
e2756cdc-6f88-4baa-a54f-a03b159e65f2	Juventus Home Kids 26/27	R$ 199,00	KIDS	Serie A (Itália)	14,16,18	+ R$ 60,00	KIT_INFANTIL,TORCEDOR,MANGA_LONGA,JOGADOR	kit_infantil/1785450447413_0.jpg kit_infantil/1785450447414_1.jpg
5ac0fd64-8876-40b9-932d-95a345a1490a	Juventus Third Retro 16/17	R$ 229,00	RETRÔ	Serie A (Itália)	P,M,G,GG,2XG,3XG,4XG	+ R$ 60,00	RETRO	retro/1785788086816_0.jpg retro/1785788086816_1.jpg
0a7957ac-26ea-4913-a83c-f0ccbcdbcafc	Juventus Third Retro 15/16	R$ 229,00	RETRÔ	Serie A (Itália)	P,M,G,GG,2XG,3XG,4XG	+ R$ 60,00	RETRO	retro/1785788086095_0.jpg retro/1785788086096_1.jpg retro/1785788086097_2.jpg retro/1785788086097_3.jpg retro/1785788086097_4.jpg retro/1785788090538_5.jpg
9b7ca920-db05-4f76-8aff-f6f5849aace1	Juventus Third Retro 05/06	R$ 229,00	RETRÔ	Serie A (Itália)	P,M,G,GG,2XG,3XG,4XG	+ R$ 60,00	RETRO	retro/1785788085515_0.jpg retro/1785788085516_1.jpg retro/1785788085516_2.jpg retro/1785788085516_3.jpg retro/1785788085516_4.jpg retro/1785788093018_5.jpg retro/1785788093019_6.jpg retro/1785788093020_7.jpg
5f338117-8d42-4472-a788-8923cf8f8332	Juventus Home Retro 99/00	R$ 229,00	RETRÔ	Serie A (Itália)	P,M,G,GG,2XG,3XG,4XG	+ R$ 60,00	RETRO	retro/1785788084584_0.jpg retro/1785788084584_1.jpg retro/1785788084584_2.jpg retro/1785788084584_3.jpg retro/1785788084585_4.jpg retro/1785788088271_5.jpg retro/1785788088271_6.jpg
79158e6e-5869-4763-b531-1f5653544198	Juventus Third Retro 95/96	R$ 229,00	RETRÔ	Serie A (Itália)	P,M,G,GG,2XG,3XG,4XG	+ R$ 60,00	RETRO	retro/1785788087397_0.jpg retro/1785788087398_1.jpg retro/1785788087398_2.jpg retro/1785788087398_3.jpg retro/1785788087398_4.jpg retro/1785788093441_5.jpg retro/1785788093442_6.jpg retro/1785788093442_7.jpg
b49b118a-05e7-41da-99de-4b1a25d79cae	Juventus Home Retro 95/96	R$ 229,00	RETRÔ	Serie A (Itália)	P,M,G,GG,2XG,3XG,4XG	+ R$ 60,00	RETRO	retro/1785788084249_0.jpg retro/1785788084249_1.jpg retro/1785788084250_2.jpg retro/1785788084250_3.jpg retro/1785788084250_4.jpg retro/1785788088060_5.jpg retro/1785788088061_6.jpg
91732468-71a1-4b0c-8896-5b8ee897f377	Lazio Away 26/27	R$ 189,00	TORCEDOR	Serie A (Itália)	P,M,G,GG,2XG,3XG,4XG	+ R$ 60,00	TORCEDOR,KIT_INFANTIL	torcedor/1789041340362_0.jpg torcedor/1789041340363_1.jpg
8b51d981-c15c-4364-af27-ec3e2f468e24	Lazio Away Kids 26/27	R$ 199,00	KIDS	Serie A (Itália)	14,16,18	+ R$ 60,00	KIT_INFANTIL,TORCEDOR	kit_infantil/1789041341534_0.jpg kit_infantil/1789041341535_1.jpg
76d16c25-31e3-49c3-9d49-5269205b9e11	Milan Training Black 26/27	R$ 189,00	TORCEDOR	Serie A (Itália)	P,M,G,GG,2XG,3XG,4XG	+ R$ 60,00	TORCEDOR	torcedor/1790208266278_0.jpg torcedor/1790208266279_1.jpg
68418491-f64b-42a6-a7ca-e3f6622e9119	Milan Home Soccer 26/27	R$ 189,00	TORCEDOR	Serie A (Itália)	P,M,G,GG,2XG,3XG,4XG	+ R$ 60,00	TORCEDOR,JOGADOR,KIT_INFANTIL,FEMININA	torcedor/1785450624700_0.jpg torcedor/1785450624701_1.jpg torcedor/1785450624701_2.jpg torcedor/1785450624701_3.jpg torcedor/1785450624701_4.jpg torcedor/1785450628139_5.jpg
990584bc-6de9-4b30-b400-29478531d87c	Milan Pre-Match Home 26/27	R$ 189,00	TORCEDOR	Serie A (Itália)	P,M,G,GG,2XG,3XG,4XG	+ R$ 60,00	TORCEDOR,JOGADOR,KIT_INFANTIL,FEMININA	torcedor/1785450623421_0.jpg torcedor/1785450623422_1.jpg
c5e4a311-c40d-4d3b-9658-7ac2ef099129	Milan Third Soccer 26/27	R$ 189,00	TORCEDOR	Serie A (Itália)	P,M,G,GG,2XG,3XG,4XG	+ R$ 60,00	TORCEDOR,JOGADOR	torcedor/1785450622851_0.jpg torcedor/1785450622851_1.jpg torcedor/1785450622852_2.jpg torcedor/1785450622852_3.jpg torcedor/1785450622852_4.jpg
0f15fe71-d8a0-4173-a248-239048974525	Milan Home GK 26/27	R$ 189,00	TORCEDOR	Serie A (Itália)	P,M,G,GG,2XG,3XG,4XG	+ R$ 60,00	TORCEDOR,JOGADOR,KIT_INFANTIL,FEMININA	torcedor/1785450606676_0.jpg torcedor/1785450606677_1.jpg
c0570494-d7bb-442d-94be-8a451bc005dc	Milan Away 26/27	R$ 189,00	TORCEDOR	Serie A (Itália)	P,M,G,GG,2XG,3XG,4XG	+ R$ 60,00	TORCEDOR,JOGADOR	torcedor/1785450606083_0.jpg torcedor/1785450606083_1.jpg torcedor/1785450606084_2.jpg torcedor/1785450606084_3.jpg torcedor/1785450606084_4.jpg torcedor/1785450609372_5.jpg
288d3608-0ecb-4070-8a3c-42729e4b3aa9	Milan Home Feminina 26/27	R$ 179,00	FEMININO	Serie A (Itália)	P,M,G,GG	+ R$ 60,00	FEMININA,JOGADOR,KIT_INFANTIL,TORCEDOR	feminina/1790208265719_0.jpg feminina/1790208265720_1.jpg
0614d7fe-626e-4eeb-b266-91b130f5e4ec	Milan Home Player 26/27	R$ 229,00	JOGADOR	Serie A (Itália)	P,M,G,GG,2XG,3XG,4XG	+ R$ 60,00	JOGADOR,KIT_INFANTIL,TORCEDOR,FEMININA	jogador/1785450624041_1.jpg jogador/1785450624040_0.jpg jogador/1785450624041_2.jpg jogador/1785450624041_3.jpg jogador/1785450624042_4.jpg jogador/1785450631955_5.jpg jogador/1785450631956_6.jpg
48fb1ae3-954e-4d3c-829a-36464e424c8f	Milan Third Player 26/27	R$ 229,00	JOGADOR	Serie A (Itália)	P,M,G,GG,2XG,3XG,4XG	+ R$ 60,00	JOGADOR,TORCEDOR	jogador/1785450623073_1.jpg jogador/1785450623073_0.jpg jogador/1785450623074_2.jpg jogador/1785450623074_3.jpg jogador/1785450623074_4.jpg jogador/1785450634049_5.jpg
09e954d1-6daf-4b5f-bc66-42c2b4aa1e31	Milan Home Kids 26/27	R$ 199,00	KIDS	Serie A (Itália)	14,16,18	+ R$ 60,00	KIT_INFANTIL,JOGADOR,TORCEDOR,FEMININA	kit_infantil/1785450607114_0.jpg kit_infantil/1785450607115_1.jpg
d40b85cf-60ae-4cab-9942-78f764ffad64	Milan Away Player 26/27	R$ 229,00	JOGADOR	Serie A (Itália)	P,M,G,GG,2XG,3XG,4XG	+ R$ 60,00	JOGADOR,TORCEDOR	jogador/1785450606321_0.jpg jogador/1785450606322_1.jpg jogador/1785450606322_2.jpg jogador/1785450606323_3.jpg jogador/1785450606323_4.jpg jogador/1785450609652_5.jpg jogador/1785450609653_6.jpg
d9b631df-1e4c-44ac-af6a-e17037f32860	Camisa Milan Fan Third 25/26	R$ 189,00	TORCEDOR	Serie A (Itália)	P,M,G,GG,2XG,3XG,4XG	+ R$ 60,00	TORCEDOR,JOGADOR	torcedor/1781667557520_20.jpg torcedor/1781667539221_0.jpg torcedor/1781667539222_1.jpg torcedor/1781667539222_2.jpg torcedor/1781667539222_3.jpg torcedor/1781667539222_4.jpg torcedor/1781667544016_5.jpg torcedor/1781667544017_6.jpg torcedor/1781667544017_7.jpg torcedor/1781667544018_8.jpg torcedor/1781667544018_9.jpg torcedor/1781667548670_10.jpg torcedor/1781667548671_11.jpg torcedor/1781667548671_12.jpg torcedor/1781667548671_13.jpg torcedor/1781667548671_14.jpg torcedor/1781667553156_15.jpg torcedor/1781667553157_16.jpg torcedor/1781667553157_17.jpg torcedor/1781667553158_18.jpg torcedor/1781667553158_19.jpg torcedor/1781667557521_21.jpg torcedor/1781667557521_22.jpg torcedor/1781667557521_23.jpg torcedor/1781667557522_24.jpg
1dd5413c-9fba-440c-97db-ff03ee468077	Camisa Milan Fan Home 25/26	R$ 189,00	TORCEDOR	Serie A (Itália)	P,M,G,GG,2XG,3XG,4XG	+ R$ 60,00	TORCEDOR,JOGADOR	torcedor/1781667480114_16.jpg torcedor/1781667467402_0.jpg torcedor/1781667467403_1.jpg torcedor/1781667467404_2.jpg torcedor/1781667467404_3.jpg torcedor/1781667467404_4.jpg torcedor/1781667470730_5.jpg torcedor/1781667470730_6.jpg torcedor/1781667470730_7.jpg torcedor/1781667470731_8.jpg torcedor/1781667470731_9.jpg torcedor/1781667475181_10.jpg torcedor/1781667475182_11.jpg torcedor/1781667475182_12.jpg torcedor/1781667475183_13.jpg torcedor/1781667475183_14.jpg torcedor/1781667480113_15.jpg torcedor/1781667480115_17.jpg torcedor/1781667480115_18.jpg torcedor/1781667480116_19.jpg torcedor/1781667484627_20.jpg torcedor/1781667484628_21.jpg torcedor/1781667484629_22.jpg torcedor/1781667484629_23.jpg
c3716319-d9fc-4249-a8ec-aa5e917a1923	Camisa Milan Fan Away 25/26	R$ 189,00	TORCEDOR	Serie A (Itália)	P,M,G,GG,2XG,3XG,4XG	+ R$ 60,00	TORCEDOR,JOGADOR	torcedor/1781667415686_23.jpg torcedor/1781667398309_0.jpg torcedor/1781667398310_1.jpg torcedor/1781667398310_2.jpg torcedor/1781667398310_3.jpg torcedor/1781667398311_4.jpg torcedor/1781667402502_5.jpg torcedor/1781667402503_6.jpg torcedor/1781667402504_7.jpg torcedor/1781667402504_8.jpg torcedor/1781667402504_9.jpg torcedor/1781667406457_10.jpg torcedor/1781667406458_11.jpg torcedor/1781667406458_12.jpg torcedor/1781667406458_13.jpg torcedor/1781667406459_14.jpg torcedor/1781667411450_15.jpg torcedor/1781667411450_16.jpg torcedor/1781667411451_17.jpg torcedor/1781667411451_18.jpg torcedor/1781667411451_19.jpg torcedor/1781667415684_20.jpg torcedor/1781667415685_21.jpg torcedor/1781667415685_22.jpg torcedor/1781667415686_24.jpg
7c57afd6-eaec-4f97-bb79-64103270d760	Camisa Milan Player Third 25/26	R$ 229,00	JOGADOR	Serie A (Itália)	P,M,G,GG,2XG,3XG,4XG	+ R$ 60,00	JOGADOR,TORCEDOR	jogador/1781667571357_12.jpg jogador/1781667563311_0.jpg jogador/1781667563311_1.jpg jogador/1781667563311_2.jpg jogador/1781667563312_3.jpg jogador/1781667563312_4.jpg jogador/1781667567000_5.jpg jogador/1781667567001_6.jpg jogador/1781667567001_7.jpg jogador/1781667567001_8.jpg jogador/1781667567002_9.jpg jogador/1781667571356_10.jpg jogador/1781667571357_11.jpg jogador/1781667571358_13.jpg jogador/1781667571358_14.jpg jogador/1781667575128_15.jpg jogador/1781667575129_16.jpg jogador/1781667575129_17.jpg jogador/1781667575129_18.jpg jogador/1781667575130_19.jpg jogador/1781667578714_20.jpg jogador/1781667578715_21.jpg jogador/1781667578716_22.jpg jogador/1781667578716_23.jpg jogador/1781667578716_24.jpg jogador/1781667583271_25.jpg
b467aed2-c639-4433-80a1-3ea99b975799	Camisa Milan Player Home 25/26	R$ 229,00	JOGADOR	Serie A (Itália)	P,M,G,GG,2XG,3XG,4XG	+ R$ 60,00	JOGADOR,TORCEDOR	jogador/1781667502847_0.jpg jogador/1781667502848_1.jpg jogador/1781667502848_2.jpg jogador/1781667502849_3.jpg jogador/1781667502849_4.jpg jogador/1781667506918_5.jpg jogador/1781667506919_6.jpg jogador/1781667506919_7.jpg jogador/1781667506919_8.jpg jogador/1781667506919_9.jpg jogador/1781667510872_10.jpg jogador/1781667510873_11.jpg jogador/1781667510873_12.jpg jogador/1781667510873_13.jpg jogador/1781667510874_14.jpg jogador/1781667514035_15.jpg jogador/1781667514035_16.jpg jogador/1781667514036_17.jpg jogador/1781667514036_18.jpg jogador/1781667514036_19.jpg jogador/1781667518404_20.jpg jogador/1781667518405_21.jpg jogador/1781667518406_22.jpg jogador/1781667518406_23.jpg jogador/1781667518406_24.jpg jogador/1781667522931_25.jpg jogador/1781667522932_26.jpg jogador/1781667522933_27.jpg jogador/1781667522933_28.jpg jogador/1781667522933_29.jpg jogador/1781667528082_30.jpg jogador/1781667528082_31.jpg jogador/1781667528083_32.jpg
243b729a-d07c-4cbf-8596-9e28e64dff72	Camisa Milan Player Away 25/26	R$ 229,00	JOGADOR	Serie A (Itália)	P,M,G,GG,2XG,3XG,4XG	+ R$ 60,00	JOGADOR,TORCEDOR	jogador/1781667426980_0.jpg jogador/1781667426981_1.jpg jogador/1781667426981_2.jpg jogador/1781667426982_3.jpg jogador/1781667426982_4.jpg jogador/1781667431080_5.jpg jogador/1781667431081_6.jpg jogador/1781667431081_7.jpg jogador/1781667431081_8.jpg jogador/1781667431082_9.jpg jogador/1781667434770_10.jpg jogador/1781667434771_11.jpg jogador/1781667434771_12.jpg jogador/1781667434772_13.jpg jogador/1781667434772_14.jpg jogador/1781667438939_15.jpg jogador/1781667438940_16.jpg jogador/1781667438940_17.jpg jogador/1781667438940_18.jpg jogador/1781667438940_19.jpg jogador/1781667442841_20.jpg jogador/1781667442842_21.jpg jogador/1781667442842_22.jpg jogador/1781667442842_23.jpg jogador/1781667442843_24.jpg
aebbacd5-f255-48c1-b77a-588546e3d30e	Camisa Milan Fan Home 24/25	R$ 189,00	TORCEDOR	Serie A (Itália)	P,M,G,GG,2XG,3XG,4XG	+ R$ 60,00	TORCEDOR	torcedor/1781667285793_17.jpg torcedor/1781667273520_0.jpg torcedor/1781667273520_1.jpg torcedor/1781667273520_2.jpg torcedor/1781667273521_3.jpg torcedor/1781667273521_4.jpg torcedor/1781667277735_5.jpg torcedor/1781667277736_6.jpg torcedor/1781667277737_7.jpg torcedor/1781667277737_8.jpg torcedor/1781667277737_9.jpg torcedor/1781667282087_10.jpg torcedor/1781667282088_11.jpg torcedor/1781667282088_12.jpg torcedor/1781667282089_13.jpg torcedor/1781667282089_14.jpg torcedor/1781667285792_15.jpg torcedor/1781667285793_16.jpg torcedor/1781667285793_18.jpg torcedor/1781667285794_19.jpg torcedor/1781667289805_20.jpg torcedor/1781667289806_21.jpg torcedor/1781667289807_22.jpg torcedor/1781667289807_23.jpg torcedor/1781667289807_24.jpg torcedor/1781667293271_25.jpg torcedor/1781667293272_26.jpg
cb3c8caa-5d4c-4bc8-9931-224ceeb44e46	Camisa Milan Fan Away 24/25	R$ 189,00	TORCEDOR	Serie A (Itália)	P,M,G,GG,2XG,3XG,4XG	+ R$ 60,00	TORCEDOR,JOGADOR	torcedor/1781667213367_19.jpg torcedor/1781667201626_0.jpg torcedor/1781667201626_1.jpg torcedor/1781667201626_2.jpg torcedor/1781667201627_3.jpg torcedor/1781667201627_4.jpg torcedor/1781667205902_5.jpg torcedor/1781667205903_6.jpg torcedor/1781667205903_7.jpg torcedor/1781667205903_8.jpg torcedor/1781667205904_9.jpg torcedor/1781667209739_10.jpg torcedor/1781667209740_11.jpg torcedor/1781667209740_12.jpg torcedor/1781667209740_13.jpg torcedor/1781667209741_14.jpg torcedor/1781667213366_15.jpg torcedor/1781667213367_16.jpg torcedor/1781667213367_17.jpg torcedor/1781667213367_18.jpg torcedor/1781667217370_20.jpg torcedor/1781667217371_21.jpg torcedor/1781667217371_22.jpg torcedor/1781667217371_23.jpg
3782af23-aa55-4596-8d07-0cf3fe0f571f	Camisa Milan Fan Third 24/25	R$ 189,00	TORCEDOR	Serie A (Itália)	P,M,G,GG,2XG,3XG,4XG	+ R$ 60,00	TORCEDOR,JOGADOR	torcedor/1781667151961_5.jpg torcedor/1781667147578_0.jpg torcedor/1781667147579_1.jpg torcedor/1781667147579_2.jpg torcedor/1781667147580_3.jpg torcedor/1781667147580_4.jpg torcedor/1781667151962_6.jpg torcedor/1781667151963_7.jpg torcedor/1781667151963_8.jpg torcedor/1781667151963_9.jpg torcedor/1781667155641_10.jpg torcedor/1781667155642_11.jpg torcedor/1781667155642_12.jpg torcedor/1781667155642_13.jpg torcedor/1781667155643_14.jpg torcedor/1781667159613_15.jpg torcedor/1781667159614_16.jpg torcedor/1781667159614_17.jpg torcedor/1781667159614_18.jpg torcedor/1781667159615_19.jpg torcedor/1781667163365_20.jpg torcedor/1781667163366_21.jpg torcedor/1781667163366_22.jpg torcedor/1781667163367_23.jpg torcedor/1781667163367_24.jpg
09395c5d-6866-416b-ace0-c9162d1f7440	Camisa Milan Player Third 24/25	R$ 229,00	JOGADOR	Serie A (Itália)	P,M,G,GG,2XG,3XG,4XG	+ R$ 60,00	JOGADOR,TORCEDOR	jogador/1781667320072_18.jpg jogador/1781667308464_0.jpg jogador/1781667308465_1.jpg jogador/1781667308465_2.jpg jogador/1781667308465_3.jpg jogador/1781667308466_4.jpg jogador/1781667311593_5.jpg jogador/1781667311593_6.jpg jogador/1781667311593_7.jpg jogador/1781667311593_8.jpg jogador/1781667311594_9.jpg jogador/1781667315760_10.jpg jogador/1781667315761_11.jpg jogador/1781667315761_12.jpg jogador/1781667315761_13.jpg jogador/1781667315761_14.jpg jogador/1781667320070_15.jpg jogador/1781667320071_16.jpg jogador/1781667320072_17.jpg jogador/1781667320072_19.jpg jogador/1781667324068_20.jpg jogador/1781667324069_21.jpg jogador/1781667324069_22.jpg
5963eca9-b112-4abe-aa67-1669df1677ba	Camisa Milan Player Away 24/25	R$ 229,00	JOGADOR	Serie A (Itália)	P,M,G,GG,2XG,3XG,4XG	+ R$ 60,00	JOGADOR,TORCEDOR	jogador/1781667253495_21.jpg jogador/1781667237897_0.jpg jogador/1781667237897_1.jpg jogador/1781667237898_2.jpg jogador/1781667237898_3.jpg jogador/1781667237898_4.jpg jogador/1781667241504_5.jpg jogador/1781667241505_6.jpg jogador/1781667241505_7.jpg jogador/1781667241505_8.jpg jogador/1781667241505_9.jpg jogador/1781667245571_10.jpg jogador/1781667245572_11.jpg jogador/1781667245572_12.jpg jogador/1781667245573_13.jpg jogador/1781667245573_14.jpg jogador/1781667249705_15.jpg jogador/1781667249706_16.jpg jogador/1781667249706_17.jpg jogador/1781667249706_18.jpg jogador/1781667249707_19.jpg jogador/1781667253494_20.jpg jogador/1781667253496_22.jpg jogador/1781667253496_23.jpg jogador/1781667253496_24.jpg jogador/1781667257701_25.jpg
22d0297f-7bd2-495e-b4dd-b5072ecb845b	Milan Home Retro 16/17	R$ 229,00	RETRÔ	Serie A (Itália)	P,M,G,GG,2XG,3XG,4XG	+ R$ 60,00	RETRO	retro/1785787271973_0.jpg retro/1785787271974_1.jpg retro/1785787271974_2.jpg retro/1785787271974_3.jpg retro/1785787271975_4.jpg retro/1785787274528_5.jpg
a723bd3c-4444-4fcc-8de1-f7938597743d	Milan Home Retro 15/16	R$ 229,00	RETRÔ	Serie A (Itália)	P,M,G,GG,2XG,3XG,4XG	+ R$ 60,00	RETRO	retro/1785787193611_0.jpg retro/1785787193612_1.jpg retro/1785787193612_2.jpg retro/1785787193612_3.jpg retro/1785787193613_4.jpg
c2dd5d08-0638-4fdb-afd2-e5a63bf7c4e6	Milan Home Retro 14/15	R$ 229,00	RETRÔ	Serie A (Itália)	P,M,G,GG,2XG,3XG,4XG	+ R$ 60,00	RETRO	retro/1785786319115_0.jpg retro/1785786319116_1.jpg retro/1785786319116_2.jpg retro/1785786319116_3.jpg retro/1785786319116_4.jpg retro/1785786323616_5.jpg
7a75dadf-2398-4c43-84df-8aea82737a70	Milan Third Retro 13/14	R$ 229,00	RETRÔ	Serie A (Itália)	P,M,G,GG,2XG,3XG,4XG	+ R$ 60,00	RETRO	retro/1785786315336_0.jpg retro/1785786315337_1.jpg retro/1785786315337_2.jpg retro/1785786315338_3.jpg retro/1785786315338_4.jpg retro/1785786318605_5.jpg
9808d547-4134-41eb-8e70-55365e5db0ff	Milan Home Retro 12/13	R$ 229,00	RETRÔ	Serie A (Itália)	P,M,G,GG,2XG,3XG,4XG	+ R$ 60,00	RETRO	retro/1785787193717_0.jpg retro/1785787193718_1.jpg retro/1785787193718_2.jpg retro/1785787193718_3.jpg retro/1785787193719_4.jpg retro/1785787197155_5.jpg
e55bdab5-3aa8-4a59-9659-caaea736b853	Milan Home Retro 11/12	R$ 229,00	RETRÔ	Serie A (Itália)	P,M,G,GG,2XG,3XG,4XG	+ R$ 60,00	RETRO	retro/1785787197572_0.jpg retro/1785787197573_1.jpg retro/1785787197573_2.jpg retro/1785787197573_3.jpg retro/1785787197573_4.jpg retro/1785787202621_5.jpg retro/1785787202623_6.jpg retro/1785787202624_7.jpg
a94b1b38-0f32-483b-b210-a078214094cf	Milan Third Retro 11/12	R$ 229,00	RETRÔ	Serie A (Itália)	P,M,G,GG,2XG,3XG,4XG	+ R$ 60,00	RETRO	retro/1785786316027_0.jpg retro/1785786316027_1.jpg retro/1785786316028_2.jpg retro/1785786316028_3.jpg retro/1785786316028_4.jpg retro/1785786319322_5.jpg retro/1785786319322_6.jpg
ce6da21e-4aa9-4d22-adb8-0073e975def1	AC Milan Home Retro 10/11	R$ 229,00	RETRÔ	Serie A (Itália)	P,M,G,GG,2XG,3XG,4XG	+ R$ 60,00	RETRO	retro/1785609824593_0.jpg retro/1785609824593_1.jpg retro/1785609824594_2.jpg retro/1785609824594_3.jpg retro/1785609824594_4.jpg retro/1785609827324_5.jpg retro/1785609827325_6.jpg
a2f9095d-9426-4306-8e3c-365796afd1f2	Milan Home Retro 09/10	R$ 229,00	RETRÔ	Serie A (Itália)	P,M,G,GG,2XG,3XG,4XG	+ R$ 60,00	RETRO	retro/1785787194318_0.jpg retro/1785787194319_1.jpg retro/1785787194319_2.jpg retro/1785787194320_3.jpg retro/1785787194320_4.jpg retro/1785787197139_5.jpg retro/1785787197140_6.jpg
a78abbd3-a44b-4ed3-bc9a-492770354d28	Milan Home Retro Soccer 08/09	R$ 229,00	RETRÔ	Serie A (Itália)	P,M,G,GG,2XG,3XG,4XG	+ R$ 60,00	RETRO	retro/1785786319676_0.jpg retro/1785786319677_1.jpg retro/1785786319677_2.jpg retro/1785786319677_3.jpg retro/1785786319678_4.jpg retro/1785786322814_5.jpg retro/1785786322814_6.jpg
0364ffb8-4041-4798-bc9b-0de9a775bf36	Milan Home Retro 07/08	R$ 229,00	RETRÔ	Serie A (Itália)	P,M,G,GG,2XG,3XG,4XG	+ R$ 60,00	RETRO	retro/1785787194900_0.jpg retro/1785787194901_1.jpg retro/1785787194901_2.jpg retro/1785787194902_3.jpg retro/1785787194902_4.jpg retro/1785787197800_5.jpg retro/1785787197800_6.jpg retro/1785787197801_7.jpg
7b05b683-6a76-493d-9555-6ebee2ac1e11	Milan Third Retro 07/08	R$ 229,00	RETRÔ	Serie A (Itália)	P,M,G,GG,2XG,3XG,4XG	+ R$ 60,00	RETRO	retro/1785786317703_0.jpg retro/1785786317704_1.jpg retro/1785786317704_2.jpg retro/1785786317704_3.jpg retro/1785786317705_4.jpg retro/1785786320721_5.jpg
a21d7dee-9712-4cc0-a419-c9f70625644f	Milan Home Retro 06/07	R$ 229,00	RETRÔ	Serie A (Itália)	P,M,G,GG,2XG,3XG,4XG	+ R$ 60,00	RETRO	retro/1785787195209_0.jpg retro/1785787195210_1.jpg retro/1785787195210_2.jpg retro/1785787195210_3.jpg retro/1785787195210_4.jpg retro/1785787198700_5.jpg
eae141de-666e-4f20-b6ac-1db12f2f209b	Milan Third Retro 06/07	R$ 229,00	RETRÔ	Serie A (Itália)	P,M,G,GG,2XG,3XG,4XG	+ R$ 60,00	RETRO	retro/1785786317333_0.jpg retro/1785786317334_1.jpg retro/1785786317334_2.jpg retro/1785786317334_3.jpg retro/1785786317335_4.jpg retro/1785786320631_5.jpg retro/1785786320632_6.jpg
14d89975-d47c-4d1a-8d2a-2aeed137b57e	Milan Home Retro 03/04	R$ 229,00	RETRÔ	Serie A (Itália)	P,M,G,GG,2XG,3XG,4XG	+ R$ 60,00	RETRO	retro/1785787195857_0.jpg retro/1785787195857_1.jpg retro/1785787195858_2.jpg retro/1785787195858_3.jpg retro/1785787195858_4.jpg
74c989e0-d6b4-43ef-951e-8d98ad5239e4	Milan Home Retro 00/02	R$ 229,00	RETRÔ	Serie A (Itália)	P,M,G,GG,2XG,3XG,4XG	+ R$ 60,00	RETRO	retro/1785787196146_0.jpg retro/1785787196146_1.jpg retro/1785787196147_2.jpg retro/1785787196147_3.jpg retro/1785787196147_4.jpg retro/1785787199089_5.jpg
6fcb7fde-126d-4219-852b-6330f1e59181	Milan Home Retro 99/00	R$ 229,00	RETRÔ	Serie A (Itália)	P,M,G,GG,2XG,3XG,4XG	+ R$ 60,00	RETRO	retro/1785786183108_0.jpg retro/1785786183109_1.jpg retro/1785786183109_2.jpg retro/1785786183110_3.jpg retro/1785786183110_4.jpg retro/1785786185915_5.jpg retro/1785786185916_6.jpg retro/1785786185917_7.jpg retro/1785786185917_8.jpg
31521266-ba37-4bcf-a5ac-01fb248cb89e	Camisa Milan Home Retro 99/00	R$ 229,00	RETRÔ	Serie A (Itália)	P,M,G,GG,2XG,3XG,4XG	+ R$ 60,00	RETRO	torcedor/1781668284449_18.jpg torcedor/1781668272383_0.jpg torcedor/1781668272384_1.jpg torcedor/1781668272385_2.jpg torcedor/1781668272385_3.jpg torcedor/1781668272385_4.jpg torcedor/1781668276208_5.jpg torcedor/1781668276209_6.jpg torcedor/1781668276209_7.jpg torcedor/1781668276209_8.jpg torcedor/1781668276210_9.jpg torcedor/1781668280371_10.jpg torcedor/1781668280372_11.jpg torcedor/1781668280373_12.jpg torcedor/1781668280374_13.jpg torcedor/1781668280374_14.jpg torcedor/1781668284448_15.jpg torcedor/1781668284448_16.jpg torcedor/1781668284449_17.jpg torcedor/1781668284449_19.jpg torcedor/1781668288681_20.jpg torcedor/1781668288682_21.jpg torcedor/1781668288682_22.jpg
af90ee06-aaf0-4f8a-98e4-b4c3c44fc1a8	Camisa Milan Fan Third Retro 96/97	R$ 229,00	TORCEDOR	Serie A (Itália)	P,M,G,GG,2XG,3XG,4XG	+ R$ 60,00	RETRO	torcedor/1781668207309_0.jpg torcedor/1781668207310_1.jpg torcedor/1781668207310_2.jpg torcedor/1781668207310_3.jpg torcedor/1781668207310_4.jpg torcedor/1781668210926_5.jpg torcedor/1781668210927_6.jpg torcedor/1781668210927_7.jpg torcedor/1781668210927_8.jpg torcedor/1781668210927_9.jpg torcedor/1781668214938_10.jpg torcedor/1781668214939_11.jpg torcedor/1781668214940_12.jpg torcedor/1781668214940_13.jpg torcedor/1781668214940_14.jpg torcedor/1781668219164_15.jpg torcedor/1781668219165_16.jpg torcedor/1781668219166_17.jpg torcedor/1781668219166_18.jpg torcedor/1781668219166_19.jpg torcedor/1781668223209_20.jpg torcedor/1781668223209_21.jpg torcedor/1781668223210_22.jpg torcedor/1781668223210_23.jpg torcedor/1781668223210_24.jpg torcedor/1781668226874_25.jpg torcedor/1781668226875_26.jpg
f36f4043-f144-4b5f-89c4-7a1c268e5ae8	Milan Home Retro 98/99	R$ 229,00	RETRÔ	Serie A (Itália)	P,M,G,GG,2XG,3XG,4XG	+ R$ 60,00	RETRO	retro/1785787267720_0.jpg retro/1785787267721_1.jpg retro/1785787267721_2.jpg retro/1785787267721_3.jpg retro/1785787267721_4.jpg retro/1785787271332_5.jpg retro/1785787271333_6.jpg
08fa6388-e05f-43f1-8107-0d819de4d09f	Camisa Milan Fan Home Retro 98/99	R$ 229,00	RETRÔ	Serie A (Itália)	P,M,G,GG,2XG,3XG,4XG	+ R$ 60,00	RETRO	torcedor/1781668175208_17.jpg torcedor/1781668163136_0.jpg torcedor/1781668163137_1.jpg torcedor/1781668163137_2.jpg torcedor/1781668163137_3.jpg torcedor/1781668163138_4.jpg torcedor/1781668166853_5.jpg torcedor/1781668166854_6.jpg torcedor/1781668166854_7.jpg torcedor/1781668166854_8.jpg torcedor/1781668166854_9.jpg torcedor/1781668170942_10.jpg torcedor/1781668170943_11.jpg torcedor/1781668170943_12.jpg torcedor/1781668170943_13.jpg torcedor/1781668170943_14.jpg torcedor/1781668175207_15.jpg torcedor/1781668175208_16.jpg torcedor/1781668175209_18.jpg torcedor/1781668175209_19.jpg torcedor/1781668179669_20.jpg torcedor/1781668179670_21.jpg torcedor/1781668179670_22.jpg torcedor/1781668179671_23.jpg torcedor/1781668179671_24.jpg
b1d0440b-087f-40ad-b1f0-26cc454411f7	Milan Home Retro 97/98	R$ 229,00	RETRÔ	Serie A (Itália)	P,M,G,GG,2XG,3XG,4XG	+ R$ 60,00	RETRO	retro/1785787268447_0.jpg retro/1785787268448_1.jpg retro/1785787268448_2.jpg retro/1785787268448_3.jpg retro/1785787268449_4.jpg retro/1785787272176_5.jpg
1764551f-ecdf-4643-bc74-8bcba6c515f6	Camisa Milan Fan Away Retro 96/97	R$ 229,00	TORCEDOR	Serie A (Itália)	P,M,G,GG,2XG,3XG,4XG	+ R$ 60,00	RETRO	torcedor/1781668046912_0.jpeg torcedor/1781668046913_1.jpeg
f34930f2-8616-4c21-a29f-560b313ec25f	Milan Home Retro 96/97	R$ 229,00	RETRÔ	Serie A (Itália)	P,M,G,GG,2XG,3XG,4XG	+ R$ 60,00	RETRO	retro/1785787269053_0.jpg retro/1785787269053_1.jpg retro/1785787269054_2.jpg retro/1785787269054_3.jpg retro/1785787269054_4.jpg retro/1785787272430_5.jpg retro/1785787272431_6.jpg
4694e53b-9dd0-4084-a4c0-69f5b70c173f	Camisa Milan Fan Home Retro 95/96	R$ 229,00	TORCEDOR	Serie A (Itália)	P,M,G,GG,2XG,3XG,4XG	+ R$ 60,00	RETRO	torcedor/1781667996832_5.jpg torcedor/1781667992889_0.jpg torcedor/1781667992890_1.jpg torcedor/1781667992891_2.jpg torcedor/1781667992891_3.jpg torcedor/1781667992891_4.jpg torcedor/1781667996832_6.jpg torcedor/1781667996833_7.jpg torcedor/1781667996833_8.jpg torcedor/1781667996833_9.jpg torcedor/1781668001557_10.jpg torcedor/1781668001558_11.jpg torcedor/1781668001559_12.jpg torcedor/1781668001559_13.jpg torcedor/1781668001559_14.jpg torcedor/1781668005298_15.jpg torcedor/1781668005299_16.jpg torcedor/1781668005299_17.jpg torcedor/1781668005300_18.jpg torcedor/1781668005300_19.jpg torcedor/1781668009327_20.jpg torcedor/1781668009328_21.jpg torcedor/1781668009328_22.jpg torcedor/1781668009328_23.jpg torcedor/1781668009329_24.jpg torcedor/1781668013281_25.jpg torcedor/1781668013281_26.jpg torcedor/1781668013282_27.jpg torcedor/1781668013282_28.jpg torcedor/1781668013282_29.jpg torcedor/1781668016920_30.jpg torcedor/1781668016921_31.jpg torcedor/1781668016922_32.jpg torcedor/1781668016922_33.jpg torcedor/1781668016922_34.jpg torcedor/1781668021277_35.jpg torcedor/1781668021278_36.jpg torcedor/1781668021278_37.jpg torcedor/1781668021278_38.jpg torcedor/1781668021278_39.jpg torcedor/1781668025432_40.jpg torcedor/1781668025433_41.jpg torcedor/1781668025433_42.jpg torcedor/1781668025434_43.jpg torcedor/1781668025434_44.jpg
a94bcd5a-6b49-41a5-a4eb-8b1c2c7ffa37	Camisa Milan Fan Away Retro 95/96	R$ 229,00	TORCEDOR	Serie A (Itália)	P,M,G,GG,2XG,3XG,4XG	+ R$ 60,00	RETRO	torcedor/1781667963500_0.jpg torcedor/1781667963501_1.jpg torcedor/1781667963501_2.jpg torcedor/1781667963501_3.jpg torcedor/1781667963502_4.jpg torcedor/1781667966964_5.jpg torcedor/1781667966965_6.jpg torcedor/1781667966965_7.jpg torcedor/1781667966965_8.jpg torcedor/1781667966966_9.jpg torcedor/1781667971532_10.jpg torcedor/1781667971533_11.jpg torcedor/1781667971533_12.jpg torcedor/1781667971534_13.jpg torcedor/1781667971534_14.jpg torcedor/1781667975745_15.jpg torcedor/1781667975745_16.jpg torcedor/1781667975746_17.jpg torcedor/1781667975746_18.jpg torcedor/1781667975746_19.jpg torcedor/1781667979570_20.jpg torcedor/1781667979571_21.jpg torcedor/1781667979571_22.jpg
25123e6c-ea59-49cc-8603-207cab1cf259	Camisa Milan Fan Home Retro 93/94	R$ 229,00	TORCEDOR	Serie A (Itália)	P,M,G,GG,2XG,3XG,4XG	+ R$ 60,00	RETRO	torcedor/1781667902704_5.jpg torcedor/1781667897746_0.jpg torcedor/1781667897747_1.jpg torcedor/1781667897747_2.jpg torcedor/1781667897747_3.jpg torcedor/1781667897747_4.jpg torcedor/1781667902705_6.jpg torcedor/1781667902705_7.jpg torcedor/1781667902705_8.jpg torcedor/1781667902706_9.jpg torcedor/1781667906357_10.jpg torcedor/1781667906358_11.jpg torcedor/1781667906358_12.jpg torcedor/1781667906359_13.jpg torcedor/1781667906359_14.jpg torcedor/1781667910676_15.jpg torcedor/1781667910677_16.jpg torcedor/1781667910677_17.jpg torcedor/1781667910677_18.jpg torcedor/1781667910678_19.jpg torcedor/1781667915314_20.jpg
1727d1e1-f25d-4c86-9d46-f3f14381e8d7	Milan Home Retro 93/94	R$ 229,00	RETRÔ	Serie A (Itália)	P,M,G,GG,2XG,3XG,4XG	+ R$ 60,00	RETRO	retro/1785787270641_0.jpg retro/1785787270641_1.jpg retro/1785787270642_2.jpg retro/1785787270642_3.jpg retro/1785787270642_4.jpg retro/1785787273558_5.jpg
0a2fa79f-8c61-4ffe-af49-c225aacb9494	Camisa Milan Fan Home Retro 90/91	R$ 229,00	TORCEDOR	Serie A (Itália)	P,M,G,GG,2XG,3XG,4XG	+ R$ 60,00	RETRO	torcedor/1781667850242_9.jpg torcedor/1781667845639_0.jpg torcedor/1781667845640_1.jpg torcedor/1781667845640_2.jpg torcedor/1781667845640_3.jpg torcedor/1781667845640_4.jpg torcedor/1781667850241_5.jpg torcedor/1781667850241_6.jpg torcedor/1781667850241_7.jpg torcedor/1781667850242_8.jpg torcedor/1781667854277_10.jpg torcedor/1781667854278_11.jpg torcedor/1781667854279_12.jpg torcedor/1781667854279_13.jpg torcedor/1781667854279_14.jpg torcedor/1781667857972_15.jpg torcedor/1781667857973_16.jpg torcedor/1781667857973_17.jpg torcedor/1781667857974_18.jpg torcedor/1781667857974_19.jpg torcedor/1781667861789_20.jpg
e603cccd-6bf9-4586-8bbf-522a66a90607	Camisa Milan Fan Home Retro 88/89	R$ 229,00	TORCEDOR	Serie A (Itália)	P,M,G,GG,2XG,3XG,4XG	+ R$ 60,00	RETRO	torcedor/1781667637886_0.jpg torcedor/1781667637887_1.jpg torcedor/1781667637887_2.jpg torcedor/1781667637887_3.jpg torcedor/1781667637888_4.jpg torcedor/1781667641955_5.jpg torcedor/1781667641956_6.jpg torcedor/1781667641957_7.jpg torcedor/1781667641957_8.jpg torcedor/1781667641957_9.jpg torcedor/1781667645948_10.jpg torcedor/1781667645949_11.jpg torcedor/1781667645949_12.jpg torcedor/1781667645949_13.jpg torcedor/1781667645950_14.jpg torcedor/1781667650209_15.jpg torcedor/1781667650209_16.jpg torcedor/1781667650210_17.jpg torcedor/1781667650210_18.jpg torcedor/1781667650210_19.jpg torcedor/1781667654038_20.jpg
9636d4b7-cc1d-4198-8413-00d1c33f55ef	Milan Home Retro 88/89	R$ 229,00	RETRÔ	Serie A (Itália)	P,M,G,GG,2XG,3XG,4XG	+ R$ 60,00	RETRO	retro/1785787269991_0.jpg retro/1785787269992_1.jpg retro/1785787269992_2.jpg retro/1785787269992_3.jpg retro/1785787269993_4.jpg
ff4ca802-ef8b-4ad0-9ef1-e7f021ad5dd5	Napoli Home 26/27	R$ 189,00	TORCEDOR	Serie A (Itália)	P,M,G,GG,2XG,3XG,4XG	+ R$ 60,00	TORCEDOR	torcedor/1785450579511_0.jpg torcedor/1785450579512_1.jpg torcedor/1785450579512_2.jpg torcedor/1785450579512_3.jpg torcedor/1785450579512_4.jpg torcedor/1785450583074_5.jpg torcedor/1785450583075_6.jpg
b675331c-f441-4d71-9fc1-efc481088805	Camisa Napoli Fan Third 25/26	R$ 189,00	TORCEDOR	Serie A (Itália)	P,M,G,GG,2XG,3XG,4XG	+ R$ 60,00	TORCEDOR,JOGADOR	torcedor/1781665698996_20.jpg torcedor/1781665683167_0.jpg torcedor/1781665683167_1.jpg torcedor/1781665683168_2.jpg torcedor/1781665683168_4.jpg torcedor/1781665686938_5.jpg torcedor/1781665686939_6.jpg torcedor/1781665686939_7.jpg torcedor/1781665686940_8.jpg torcedor/1781665686940_9.jpg torcedor/1781665690594_10.jpg torcedor/1781665690594_11.jpg torcedor/1781665690595_12.jpg torcedor/1781665690595_13.jpg torcedor/1781665690595_14.jpg torcedor/1781665695384_15.jpg torcedor/1781665695385_16.jpg torcedor/1781665695386_17.jpg torcedor/1781665695386_18.jpg torcedor/1781665695386_19.jpg torcedor/1781665698997_21.jpg torcedor/1781665698997_22.jpg torcedor/1781665698997_23.jpg torcedor/1781665698998_24.jpg torcedor/1781665702902_25.jpg torcedor/1781665702903_26.jpg
cf1236f6-2f16-485a-9c58-fc798ee02c03	Camisa Napoli Fan Home 25/26	R$ 189,00	TORCEDOR	Serie A (Itália)	P,M,G,GG,2XG,3XG,4XG	+ R$ 60,00	TORCEDOR,JOGADOR	torcedor/1781665614914_3.jpg torcedor/1781665614913_0.jpg torcedor/1781665614914_1.jpg torcedor/1781665614914_2.jpg torcedor/1781665614915_4.jpg torcedor/1781665619644_5.jpg torcedor/1781665619645_6.jpg torcedor/1781665619645_7.jpg torcedor/1781665619645_8.jpg torcedor/1781665619646_9.jpg torcedor/1781665624529_10.jpg torcedor/1781665624530_11.jpg torcedor/1781665624530_12.jpg torcedor/1781665624531_13.jpg torcedor/1781665624531_14.jpg torcedor/1781665628982_15.jpg torcedor/1781665628983_16.jpg torcedor/1781665628983_17.jpg torcedor/1781665628984_18.jpg torcedor/1781665628984_19.jpg torcedor/1781665633835_20.jpg torcedor/1781665633836_21.jpg torcedor/1781665633836_22.jpg
6021713c-df49-4275-a811-208db5c4ba98	Camisa Napoli Fan Away 25/26	R$ 189,00	TORCEDOR	Serie A (Itália)	P,M,G,GG,2XG,3XG,4XG	+ R$ 60,00	TORCEDOR	torcedor/1781665560114_20.jpg torcedor/1781665544256_0.jpg torcedor/1781665544257_1.jpg torcedor/1781665544258_2.jpg torcedor/1781665544258_3.jpg torcedor/1781665544258_4.jpg torcedor/1781665548353_5.jpg torcedor/1781665548354_6.jpg torcedor/1781665548354_7.jpg torcedor/1781665548355_8.jpg torcedor/1781665548355_9.jpg torcedor/1781665552462_10.jpg torcedor/1781665552463_11.jpg torcedor/1781665552463_12.jpg torcedor/1781665552464_13.jpg torcedor/1781665552464_14.jpg torcedor/1781665556413_15.jpg torcedor/1781665556414_16.jpg torcedor/1781665556414_17.jpg torcedor/1781665556414_18.jpg torcedor/1781665556415_19.jpg torcedor/1781665560116_21.jpg torcedor/1781665560117_22.jpg torcedor/1781665560117_23.jpg
9bf69e51-2c65-4b70-bf86-1230099434fa	Camisa Napoli Player Third 25/26	R$ 229,00	JOGADOR	Serie A (Itália)	P,M,G,GG,2XG,3XG,4XG	+ R$ 60,00	JOGADOR,TORCEDOR	jogador/1781665710026_0.jpg jogador/1781665710027_1.jpg jogador/1781665710027_2.jpg jogador/1781665710027_3.jpg jogador/1781665710027_4.jpg jogador/1781665713788_5.jpg jogador/1781665713789_6.jpg jogador/1781665713789_7.jpg jogador/1781665713789_8.jpg jogador/1781665713790_9.jpg jogador/1781665717303_10.jpg jogador/1781665717304_11.jpg jogador/1781665717305_12.jpg jogador/1781665717305_13.jpg jogador/1781665717305_14.jpg jogador/1781665721471_15.jpg jogador/1781665721472_16.jpg jogador/1781665721472_17.jpg jogador/1781665721472_18.jpg jogador/1781665721473_19.jpg
7f78d112-297f-4777-83b0-65bdafc4734f	Camisa Napoli Player Home 25/26	R$ 229,00	JOGADOR	Serie A (Itália)	P,M,G,GG,2XG,3XG,4XG	+ R$ 60,00	JOGADOR,TORCEDOR	jogador/1781665656177_21.jpg jogador/1781665640467_0.jpg jogador/1781665640468_1.jpg jogador/1781665640468_2.jpg jogador/1781665640468_3.jpg jogador/1781665640468_4.jpg jogador/1781665644173_5.jpg jogador/1781665644173_6.jpg jogador/1781665644173_7.jpg jogador/1781665644173_8.jpg jogador/1781665644173_9.jpg jogador/1781665648288_10.jpg jogador/1781665648289_11.jpg jogador/1781665648289_12.jpg jogador/1781665648289_13.jpg jogador/1781665648290_14.jpg jogador/1781665651945_15.jpg jogador/1781665651946_16.jpg jogador/1781665651946_17.jpg jogador/1781665651947_18.jpg jogador/1781665651947_19.jpg jogador/1781665656176_20.jpg jogador/1781665656178_22.jpg jogador/1781665656178_23.jpg jogador/1781665656178_24.jpg jogador/1781665660514_25.jpg jogador/1781665660515_26.jpg
518f6eb6-23d9-4437-ad7a-2b390506646a	Camisa Napoli Fan Third 24/25	R$ 189,00	TORCEDOR	Serie A (Itália)	P,M,G,GG,2XG,3XG,4XG	+ R$ 60,00	TORCEDOR	torcedor/1781665475258_25.jpg torcedor/1781665455806_0.jpg torcedor/1781665455807_1.jpg torcedor/1781665455807_2.jpg torcedor/1781665455808_3.jpg torcedor/1781665455808_4.jpg torcedor/1781665460247_5.jpg torcedor/1781665460248_6.jpg torcedor/1781665460248_7.jpg torcedor/1781665460248_8.jpg torcedor/1781665460249_9.jpg torcedor/1781665463703_10.jpg torcedor/1781665463704_11.jpg torcedor/1781665463704_12.jpg torcedor/1781665463704_13.jpg torcedor/1781665463705_14.jpg torcedor/1781665467653_15.jpg torcedor/1781665467653_16.jpg torcedor/1781665467654_17.jpg torcedor/1781665467654_18.jpg torcedor/1781665467654_19.jpg torcedor/1781665472072_20.jpg torcedor/1781665472073_21.jpg torcedor/1781665472073_22.jpg torcedor/1781665472074_23.jpg torcedor/1781665472074_24.jpg
c1a4bccd-8b40-4fdb-965d-473a0acde834	Camisa Napoli Fan Home 24/25	R$ 189,00	TORCEDOR	Serie A (Itália)	P,M,G,GG,2XG,3XG,4XG	+ R$ 60,00	TORCEDOR,JOGADOR	torcedor/1781665373837_21.jpg torcedor/1781665358242_0.jpg torcedor/1781665358243_1.jpg torcedor/1781665358243_2.jpg torcedor/1781665358244_3.jpg torcedor/1781665358244_4.jpg torcedor/1781665362009_5.jpg torcedor/1781665362010_6.jpg torcedor/1781665362010_7.jpg torcedor/1781665362010_8.jpg torcedor/1781665362011_9.jpg torcedor/1781665365952_10.jpg torcedor/1781665365953_11.jpg torcedor/1781665365953_12.jpg torcedor/1781665365953_13.jpg torcedor/1781665365954_14.jpg torcedor/1781665370068_15.jpg torcedor/1781665370069_16.jpg torcedor/1781665370069_17.jpg torcedor/1781665370070_18.jpg torcedor/1781665370070_19.jpg torcedor/1781665373836_20.jpg torcedor/1781665373837_22.jpg torcedor/1781665373837_23.jpg torcedor/1781665373838_24.jpg
644a94b1-a51e-44eb-95eb-5672d59f16df	Camisa Napoli Fan Away 24/25	R$ 189,00	TORCEDOR	Serie A (Itália)	P,M,G,GG,2XG,3XG,4XG	+ R$ 60,00	TORCEDOR,JOGADOR	torcedor/1781562073555_1.jpg torcedor/1781562073555_0.jpg torcedor/1781562073556_2.jpg torcedor/1781562073556_3.jpg torcedor/1781562075661_4.jpg torcedor/1781562075661_5.jpg torcedor/1781562075661_6.jpg torcedor/1781562075661_7.jpg torcedor/1781562079178_8.jpg torcedor/1781562079179_9.jpg torcedor/1781562079179_10.jpg torcedor/1781562079179_11.jpg torcedor/1781562081983_12.jpg torcedor/1781562081984_13.jpg torcedor/1781562081984_14.jpg torcedor/1781562081984_15.jpg torcedor/1781562085172_16.jpg torcedor/1781562085173_17.jpg torcedor/1781562085173_18.jpg torcedor/1781562085174_19.jpg torcedor/1781562088236_20.jpg torcedor/1781562088236_21.jpg torcedor/1781562088236_22.jpg torcedor/1781562088236_23.jpg
f9174477-c77d-4e75-a439-7b787311947a	Camisa Napoli Player Home 24/25	R$ 229,00	JOGADOR	Serie A (Itália)	P,M,G,GG,2XG,3XG,4XG	+ R$ 60,00	JOGADOR,TORCEDOR	jogador/1781665397125_0.jpg jogador/1781665397125_1.jpg jogador/1781665397126_2.jpg jogador/1781665397126_3.jpg jogador/1781665397126_4.jpg jogador/1781665400727_5.jpg jogador/1781665400728_6.jpg jogador/1781665400728_7.jpg jogador/1781665400728_8.jpg jogador/1781665400728_9.jpg jogador/1781665405121_10.jpg jogador/1781665405122_11.jpg jogador/1781665405122_12.jpg jogador/1781665405123_13.jpg jogador/1781665405123_14.jpg jogador/1781665409278_15.jpg jogador/1781665409279_16.jpg jogador/1781665409279_17.jpg jogador/1781665409279_18.jpg jogador/1781665409280_19.jpg jogador/1781665413351_20.jpg jogador/1781665413352_21.jpg jogador/1781665413352_22.jpg
a0f5dee4-01f3-4fdb-9dd0-c38c68f4dfc8	Camisa Napoli Player Away 24/25	R$ 229,00	JOGADOR	Serie A (Itália)	P,M,G,GG,2XG,3XG,4XG	+ R$ 60,00	JOGADOR,TORCEDOR	jogador/1781562139161_23.jpg jogador/1781562125107_0.jpg jogador/1781562125107_1.jpg jogador/1781562125107_2.jpg jogador/1781562125108_3.jpg jogador/1781562127691_4.jpg jogador/1781562127691_5.jpg jogador/1781562127691_6.jpg jogador/1781562127691_7.jpg jogador/1781562131148_8.jpg jogador/1781562131148_9.jpg jogador/1781562131149_10.jpg jogador/1781562131149_11.jpg jogador/1781562133729_12.jpg jogador/1781562133729_13.jpg jogador/1781562133729_14.jpg jogador/1781562133730_15.jpg jogador/1781562136619_16.jpg jogador/1781562136619_17.jpg jogador/1781562136619_18.jpg jogador/1781562136619_19.jpg jogador/1781562139160_20.jpg jogador/1781562139160_21.jpg jogador/1781562139160_22.jpg
3c14c582-4b2f-4a85-936d-1d21cac72318	Camisa Napoli Fan Away Retro	R$ 229,00	TORCEDOR		P,M,G,GG,2XG,3XG,4XG	+ R$ 60,00	RETRO	torcedor/1781665935857_3.jpg torcedor/1781665935856_0.jpg torcedor/1781665935857_1.jpg torcedor/1781665935857_2.jpg torcedor/1781665935857_4.jpg torcedor/1781665939357_5.jpg torcedor/1781665939358_6.jpg torcedor/1781665939359_7.jpg torcedor/1781665939359_8.jpg torcedor/1781665939359_9.jpg torcedor/1781665943724_10.jpg torcedor/1781665943725_11.jpg torcedor/1781665943725_12.jpg torcedor/1781665943725_13.jpg torcedor/1781665943726_14.jpg torcedor/1781665947169_15.jpg torcedor/1781665947169_16.jpg torcedor/1781665947170_17.jpg torcedor/1781665947170_18.jpg torcedor/1781665947170_19.jpg torcedor/1781665951094_20.jpg torcedor/1781665951095_21.jpg torcedor/1781665951095_22.jpg
987fc422-3226-4c35-bf26-c19f9983bafe	Camisa Napoli Fan Home Retro	R$ 229,00	TORCEDOR		P,M,G,GG,2XG,3XG,4XG	+ R$ 60,00	RETRO	torcedor/1781665913846_13.jpg torcedor/1781665906181_0.jpg torcedor/1781665906182_1.jpg torcedor/1781665906182_2.jpg torcedor/1781665906182_3.jpg torcedor/1781665906183_4.jpg torcedor/1781665909961_5.jpg torcedor/1781665909962_6.jpg torcedor/1781665909962_7.jpg torcedor/1781665909962_8.jpg torcedor/1781665909962_9.jpg torcedor/1781665913845_10.jpg torcedor/1781665913846_11.jpg torcedor/1781665913846_12.jpg torcedor/1781665913847_14.jpg torcedor/1781665917900_15.jpg torcedor/1781665917900_16.jpg torcedor/1781665917901_17.jpg torcedor/1781665917901_18.jpg torcedor/1781665917901_19.jpg torcedor/1781665922510_20.jpg torcedor/1781665922511_21.jpg torcedor/1781665922512_22.jpg torcedor/1781665922512_23.jpg
54eef89f-a524-49ee-9d4c-17827d0c5e89	Parma Home 26/27	R$ 189,00	TORCEDOR	Serie A (Itália)	P,M,G,GG,2XG,3XG,4XG	+ R$ 60,00	TORCEDOR,KIT_INFANTIL	torcedor/1785364225197_0.jpg torcedor/1785364225198_1.jpg torcedor/1785364225198_2.jpg torcedor/1785364225198_3.jpg torcedor/1785364225198_4.jpg torcedor/1785364228774_5.jpg
5c95ab72-4c3d-42cc-9235-6e8abcd7eeb4	Parma Home Kids 26/27	R$ 199,00	KIDS	Serie A (Itália)	14,16,18	+ R$ 60,00	KIT_INFANTIL,TORCEDOR	kit_infantil/1785364226307_0.jpg kit_infantil/1785364226307_1.jpg
4018926a-c02f-4fc2-a7c5-68968a24aec8	Parma Away Retro 03/04	R$ 229,00	RETRÔ	Serie A (Itália)	P,M,G,GG,2XG,3XG,4XG	+ R$ 60,00	RETRO	retro/1785364225437_0.jpg retro/1785364225438_1.jpg retro/1785364225438_2.jpg retro/1785364225438_3.jpg retro/1785364225438_4.jpg retro/1785364229597_5.jpg
82c4b0d1-7dec-47f3-ac0a-6d66ecf3ce70	Parma Home Retro Soccer Long 99/00	R$ 229,00	RETRÔ	Serie A (Itália)	P,M,G,GG,2XG,3XG,4XG	+ R$ 60,00	RETRO	retro/1785364227633_0.jpg retro/1785364227634_1.jpg retro/1785364227634_2.jpg retro/1785364227634_3.jpg retro/1785364227634_4.jpg retro/1785364231475_5.jpg retro/1785364231476_6.jpg
9277f1d4-43a2-459d-9683-411a9fa3e594	Parma Home Retro Soccer 99/00	R$ 229,00	RETRÔ	Serie A (Itália)	P,M,G,GG,2XG,3XG,4XG	+ R$ 60,00	RETRO	retro/1785364226821_0.jpg retro/1785364226822_1.jpg retro/1785364226822_2.jpg retro/1785364226822_3.jpg retro/1785364226823_4.jpg retro/1785364230451_5.jpg
80de7c85-5c19-47fb-89ee-a241ed73c685	Parma Away Retro 99/00	R$ 229,00	RETRÔ	Serie A (Itália)	P,M,G,GG,2XG,3XG,4XG	+ R$ 60,00	RETRO	retro/1785364225865_0.jpg retro/1785364225866_1.jpg retro/1785364225866_2.jpg retro/1785364225867_3.jpg retro/1785364225867_4.jpg retro/1785364228905_5.jpg retro/1785364228906_6.jpg
8836d8a6-fb8b-43fd-94d1-c6ad0a48c378	Parma Third Retro 95/96	R$ 229,00	RETRÔ	Serie A (Itália)	P,M,G,GG,2XG,3XG,4XG	+ R$ 60,00	RETRO	retro/1785364228126_0.jpg retro/1785364228126_1.jpg retro/1785364228127_2.jpg retro/1785364228127_3.jpg retro/1785364228127_4.jpg retro/1785364241182_5.jpg retro/1785364241183_6.jpg
34fc2819-6ea9-42f8-ad6b-3fc635dc7c77	Pisa Home 25/26	R$ 189,00	TORCEDOR	Serie A (Itália)	P,M,G,GG,2XG,3XG,4XG	+ R$ 60,00	TORCEDOR	torcedor/1785364127986_0.jpg torcedor/1785364127987_1.jpg torcedor/1785364127987_2.jpg torcedor/1785364127987_3.jpg torcedor/1785364127988_4.jpg
a081618b-652b-45de-b35b-4282ce664c0e	As Roma Away 26/27	R$ 189,00	TORCEDOR	Serie A (Itália)	P,M,G,GG,2XG,3XG,4XG	+ R$ 60,00	TORCEDOR,JOGADOR	torcedor/1785610517331_0.jpg torcedor/1785610517332_1.jpg
d1faf1fe-a3d5-4972-9cb1-ba56eca7e3b3	As Roma Away Player 26/27	R$ 229,00	JOGADOR	Serie A (Itália)	P,M,G,GG,2XG,3XG,4XG	+ R$ 60,00	JOGADOR,TORCEDOR	jogador/1785610517010_0.jpg jogador/1785610517010_1.jpg jogador/1785610517011_2.jpg jogador/1785610517011_3.jpg jogador/1785610517011_4.jpg
7bd2d030-ea65-42a0-8429-a565c4bc4834	Camisa Roma Fan Home 25/26	R$ 189,00	TORCEDOR	Serie A (Itália)	P,M,G,GG,2XG,3XG,4XG	+ R$ 60,00	TORCEDOR,JOGADOR	torcedor/1781666717874_6.jpg torcedor/1781666714181_0.jpg torcedor/1781666714181_1.jpg torcedor/1781666714181_2.jpg torcedor/1781666714182_3.jpg torcedor/1781666714182_4.jpg torcedor/1781666717873_5.jpg torcedor/1781666717875_7.jpg torcedor/1781666717875_8.jpg torcedor/1781666717875_9.jpg torcedor/1781666721814_10.jpg torcedor/1781666721815_11.jpg torcedor/1781666721815_12.jpg torcedor/1781666721815_13.jpg torcedor/1781666721816_14.jpg torcedor/1781666725527_15.jpg torcedor/1781666725528_16.jpg torcedor/1781666725528_17.jpg torcedor/1781666725528_18.jpg torcedor/1781666725528_19.jpg torcedor/1781666729023_20.jpg torcedor/1781666729024_21.jpg torcedor/1781666729024_22.jpg
6ca75121-a0cb-4293-b51b-e82082853feb	Camisa Roma Fan Away 25/26	R$ 189,00	TORCEDOR	Serie A (Itália)	P,M,G,GG,2XG,3XG,4XG	+ R$ 60,00	TORCEDOR,JOGADOR	torcedor/1781666636679_18.jpg torcedor/1781666623642_0.jpg torcedor/1781666623643_1.jpg torcedor/1781666623643_2.jpg torcedor/1781666623644_3.jpg torcedor/1781666623644_4.jpg torcedor/1781666628039_5.jpg torcedor/1781666628040_6.jpg torcedor/1781666628040_7.jpg torcedor/1781666628040_8.jpg torcedor/1781666628041_9.jpg torcedor/1781666632285_10.jpg torcedor/1781666632286_11.jpg torcedor/1781666632286_12.jpg torcedor/1781666632286_13.jpg torcedor/1781666632286_14.jpg torcedor/1781666636678_15.jpg torcedor/1781666636679_16.jpg torcedor/1781666636679_17.jpg torcedor/1781666636680_19.jpg torcedor/1781666641937_20.jpg torcedor/1781666641938_21.jpg
d106d0cf-2d25-4800-8fc0-d6cf99fcd57c	Camisa Roma Fan Third 25/26	R$ 189,00	TORCEDOR	Serie A (Itália)	P,M,G,GG,2XG,3XG,4XG	+ R$ 60,00	TORCEDOR,JOGADOR	torcedor/1781666588673_5.jpg torcedor/1781666584645_0.jpg torcedor/1781666584646_1.jpg torcedor/1781666584646_2.jpg torcedor/1781666584646_3.jpg torcedor/1781666584647_4.jpg torcedor/1781666588674_6.jpg torcedor/1781666588674_7.jpg torcedor/1781666588675_8.jpg torcedor/1781666588675_9.jpg torcedor/1781666592833_10.jpg torcedor/1781666592834_11.jpg torcedor/1781666592834_12.jpg torcedor/1781666592834_13.jpg torcedor/1781666592835_14.jpg torcedor/1781666596703_15.jpg torcedor/1781666596704_16.jpg torcedor/1781666596704_17.jpg torcedor/1781666596704_18.jpg torcedor/1781666596704_19.jpg torcedor/1781666601317_20.jpg torcedor/1781666601318_21.jpg
7ea8e2cd-3639-415d-8f0a-329b4632764c	Roma Red Black Windbreaker 25/26	R$ 409,00	CORTA VENTO	Serie A (Itália)	P,M,G,GG,2XG,3XG,4XG	+ R$ 60,00	CORTA_VENTO	corta_vento/1785450269211_0.jpg corta_vento/1785450269212_1.jpg corta_vento/1785450269212_2.jpg corta_vento/1785450269212_3.jpg corta_vento/1785450269212_4.jpg
349df70f-9969-4b64-9e60-0932bdcb1e7f	Roma Originals Track Jacket 25/26	R$ 409,00	Roma Originals Track Jacket 25/26	Serie A (Itália)	P,M,G,GG,2XG,3XG,4XG	+ R$ 60,00	CORTA_VENTO	corta_vento/1785450268721_0.jpg corta_vento/1785450268722_1.jpg corta_vento/1785450268722_2.jpg corta_vento/1785450268722_3.jpg corta_vento/1785450268723_4.jpg
a6923af3-350a-41c6-bbf8-343f573e51be	Camisa Roma Player Third 25/26	R$ 229,00	JOGADOR	Serie A (Itália)	P,M,G,GG,2XG,3XG,4XG	+ R$ 60,00	JOGADOR,TORCEDOR	jogador/1781666786865_1.jpg jogador/1781666786864_0.jpg jogador/1781666786865_2.jpg jogador/1781666786865_3.jpg jogador/1781666786866_4.jpg jogador/1781666789895_5.jpg jogador/1781666789896_6.jpg jogador/1781666789896_7.jpg jogador/1781666789897_8.jpg jogador/1781666789897_9.jpg jogador/1781666793643_10.jpg jogador/1781666793644_11.jpg jogador/1781666793645_12.jpg jogador/1781666793645_13.jpg jogador/1781666793645_14.jpg jogador/1781666797464_15.jpg jogador/1781666797465_16.jpg jogador/1781666797466_17.jpg jogador/1781666797466_18.jpg jogador/1781666797466_19.jpg jogador/1781666800951_20.jpg
aca88694-8a61-4981-8e65-dca8d223ad61	Camisa Roma Player Home 25/26	R$ 229,00	JOGADOR	Serie A (Itália)	P,M,G,GG,2XG,3XG,4XG	+ R$ 60,00	JOGADOR,TORCEDOR	jogador/1781666754330_18.jpg jogador/1781666742296_0.jpg jogador/1781666742297_1.jpg jogador/1781666742297_2.jpg jogador/1781666742298_3.jpg jogador/1781666742298_4.jpg jogador/1781666746167_5.jpg jogador/1781666746167_6.jpg jogador/1781666746168_7.jpg jogador/1781666746168_8.jpg jogador/1781666746168_9.jpg jogador/1781666750144_10.jpg jogador/1781666750144_11.jpg jogador/1781666750145_12.jpg jogador/1781666750145_13.jpg jogador/1781666750145_14.jpg jogador/1781666754329_15.jpg jogador/1781666754330_16.jpg jogador/1781666754330_17.jpg jogador/1781666754331_19.jpg jogador/1781666758706_20.jpg jogador/1781666758707_21.jpg jogador/1781666758707_22.jpg
429b3be9-a384-479c-ab92-6645f746a480	Camisa Roma Player Away 25/26	R$ 229,00	JOGADOR	Serie A (Itália)	P,M,G,GG,2XG,3XG,4XG	+ R$ 60,00	JOGADOR,TORCEDOR	jogador/1781666687021_4.jpg jogador/1781666687020_0.jpg jogador/1781666687020_1.jpg jogador/1781666687021_2.jpg jogador/1781666687021_3.jpg jogador/1781666691305_5.jpg jogador/1781666691306_6.jpg jogador/1781666691306_7.jpg jogador/1781666691306_8.jpg jogador/1781666691307_9.jpg jogador/1781666695567_10.jpg jogador/1781666695568_11.jpg jogador/1781666695568_12.jpg jogador/1781666695569_13.jpg jogador/1781666695569_14.jpg jogador/1781666699586_15.jpg jogador/1781666699587_16.jpg jogador/1781666699587_17.jpg jogador/1781666699587_18.jpg jogador/1781666699588_19.jpg jogador/1781666704643_20.jpg jogador/1781666704644_21.jpg
0b964ada-1fbb-4b7c-83c0-c54fbf9f2e78	Camisa Roma Fan Third 24/25	R$ 189,00	TORCEDOR	Serie A (Itália)	P,M,G,GG,2XG,3XG,4XG	+ R$ 60,00	TORCEDOR	torcedor/1781666552124_6.jpg torcedor/1781666547926_0.jpg torcedor/1781666547926_1.jpg torcedor/1781666547927_2.jpg torcedor/1781666547927_3.jpg torcedor/1781666547927_4.jpg torcedor/1781666552123_5.jpg torcedor/1781666552124_7.jpg torcedor/1781666552124_8.jpg torcedor/1781666552125_9.jpg torcedor/1781666556053_10.jpg torcedor/1781666556054_11.jpg torcedor/1781666556054_12.jpg torcedor/1781666556054_13.jpg torcedor/1781666556055_14.jpg torcedor/1781666560138_15.jpg torcedor/1781666560139_16.jpg torcedor/1781666560139_17.jpg torcedor/1781666560140_18.jpg torcedor/1781666560140_19.jpg torcedor/1781666564790_20.jpg torcedor/1781666564791_21.jpg torcedor/1781666564791_22.jpg torcedor/1781666564791_23.jpg torcedor/1781666564792_24.jpg torcedor/1781666568596_25.jpg
bd34d347-cdfd-4442-bc30-b8b2d8a36c97	Camisa Roma Fan Home 24/25	R$ 189,00	TORCEDOR	Serie A (Itália)	P,M,G,GG,2XG,3XG,4XG	+ R$ 60,00	TORCEDOR,JOGADOR	torcedor/1781666402906_8.jpg torcedor/1781666399596_0.jpg torcedor/1781666399597_1.jpg torcedor/1781666399597_2.jpg torcedor/1781666399597_3.jpg torcedor/1781666399598_4.jpg torcedor/1781666402905_5.jpg torcedor/1781666402905_6.jpg torcedor/1781666402906_7.jpg torcedor/1781666402906_9.jpg torcedor/1781666407185_10.jpg torcedor/1781666407186_11.jpg torcedor/1781666407186_12.jpg torcedor/1781666407187_13.jpg torcedor/1781666407187_14.jpg torcedor/1781666410675_15.jpg torcedor/1781666410676_16.jpg torcedor/1781666410676_17.jpg torcedor/1781666410676_18.jpg torcedor/1781666410677_19.jpg torcedor/1781666414938_20.jpg torcedor/1781666414939_21.jpg torcedor/1781666414940_22.jpg torcedor/1781666414940_23.jpg torcedor/1781666414940_24.jpg torcedor/1781666418920_25.jpg torcedor/1781666418921_26.jpg
29ff7611-112d-4f5a-ba8c-bd99fca5ef23	Camisa Roma Fan Away 24/25	R$ 189,00	TORCEDOR	Serie A (Itália)	P,M,G,GG,2XG,3XG,4XG	+ R$ 60,00	TORCEDOR,JOGADOR	torcedor/1781666327751_16.jpg torcedor/1781666315502_0.jpg torcedor/1781666315503_1.jpg torcedor/1781666315504_2.jpg torcedor/1781666315504_3.jpg torcedor/1781666315504_4.jpg torcedor/1781666319376_5.jpg torcedor/1781666319377_6.jpg torcedor/1781666319377_7.jpg torcedor/1781666319377_8.jpg torcedor/1781666319378_9.jpg torcedor/1781666323992_10.jpg torcedor/1781666323993_11.jpg torcedor/1781666323993_12.jpg torcedor/1781666323993_13.jpg torcedor/1781666323993_14.jpg torcedor/1781666327750_15.jpg torcedor/1781666327752_17.jpg torcedor/1781666327752_18.jpg torcedor/1781666327752_19.jpg torcedor/1781666331742_20.jpg torcedor/1781666331743_21.jpg torcedor/1781666331744_22.jpg torcedor/1781666331744_23.jpg torcedor/1781666331744_24.jpg torcedor/1781666335033_25.jpg torcedor/1781666335034_26.jpg
2b1d885a-e5d7-4d54-bfcd-585721dc9004	Camisa Roma Player Home 24/25	R$ 229,00	JOGADOR	Serie A (Itália)	P,M,G,GG,2XG,3XG,4XG	+ R$ 60,00	JOGADOR,TORCEDOR	jogador/1781666427931_9.jpg jogador/1781666424257_0.jpg jogador/1781666424258_1.jpg jogador/1781666424258_2.jpg jogador/1781666424258_3.jpg jogador/1781666424259_4.jpg jogador/1781666427930_5.jpg jogador/1781666427930_6.jpg jogador/1781666427931_7.jpg jogador/1781666427931_8.jpg jogador/1781666431627_10.jpg jogador/1781666431628_11.jpg jogador/1781666431628_12.jpg jogador/1781666431628_13.jpg jogador/1781666431629_14.jpg jogador/1781666435732_15.jpg jogador/1781666435733_16.jpg jogador/1781666435733_17.jpg jogador/1781666435734_18.jpg jogador/1781666435734_19.jpg jogador/1781666440163_20.jpg jogador/1781666440164_21.jpg jogador/1781666440164_22.jpg jogador/1781666440164_23.jpg jogador/1781666440165_24.jpg jogador/1781666444054_25.jpg
d48fa6eb-ff9a-445e-8ff5-0d2974a21760	Camisa Roma Player Away 24/25	R$ 229,00	JOGADOR	Serie A (Itália)	P,M,G,GG,2XG,3XG,4XG	+ R$ 60,00	JOGADOR,TORCEDOR	jogador/1781666362114_2.jpg jogador/1781666362113_0.jpg jogador/1781666362114_1.jpg jogador/1781666362114_3.jpg jogador/1781666362115_4.jpg jogador/1781666365662_5.jpg jogador/1781666365663_6.jpg jogador/1781666365664_7.jpg jogador/1781666365664_8.jpg jogador/1781666365665_9.jpg jogador/1781666369357_10.jpg jogador/1781666369358_11.jpg jogador/1781666369358_12.jpg jogador/1781666369358_13.jpg jogador/1781666369359_14.jpg jogador/1781666372711_15.jpg jogador/1781666372712_16.jpg jogador/1781666372713_17.jpg jogador/1781666372713_18.jpg jogador/1781666372713_19.jpg jogador/1781666376536_20.jpg jogador/1781666376537_21.jpg jogador/1781666376537_22.jpg jogador/1781666376538_23.jpg jogador/1781666376538_24.jpg jogador/1781666381005_25.jpg jogador/1781666381006_26.jpg
16e2a143-9a99-4ec0-870b-e8db5f300226	Roma Third Retro Long 05/06	R$ 229,00	RETRÔ	Serie A (Itália)	P,M,G,GG,2XG,3XG,4XG	+ R$ 60,00	RETRO,KIT_INFANTIL	retro/1785450275138_4.jpg retro/1785450275137_0.jpg retro/1785450275138_1.jpg retro/1785450275138_2.jpg retro/1785450275138_3.jpg
fb38b839-0aa8-457c-bba1-1c312d2dd595	Roma Third Retro Kids 05/06	R$ 199,00	RETRÔ	Serie A (Itália)	14,16,18	+ R$ 60,00	KIT_INFANTIL,RETRO	kit_infantil/1785450273345_0.jpg kit_infantil/1785450273346_1.jpg
68a51c38-167f-48ed-9da5-be46d83734f5	Roma Third Retro 05/06	R$ 229,00	RETRÔ	Serie A (Itália)	P,M,G,GG,2XG,3XG,4XG	+ R$ 60,00	RETRO,KIT_INFANTIL	retro/1785450271780_0.jpg retro/1785450271780_1.jpg retro/1785450271781_2.jpg retro/1785450271781_3.jpg retro/1785450271781_4.jpg
b8f6f103-b46a-431a-b121-04275fd99ba0	2001 Roma Retro	R$ 229,00	RETRÔ		P,M,G,GG,2XG,3XG,4XG	+ R$ 60,00	RETRO	torcedor/1782391790603_8.jpg torcedor/1782391787275_0.jpg torcedor/1782391787275_1.jpg torcedor/1782391787276_2.jpg torcedor/1782391787276_3.jpg torcedor/1782391787276_4.jpg torcedor/1782391790602_5.jpg torcedor/1782391790603_6.jpg torcedor/1782391790603_7.jpg torcedor/1782391790603_9.jpg torcedor/1782391794012_10.jpg torcedor/1782391794013_11.jpg torcedor/1782391794013_12.jpg torcedor/1782391794013_13.jpg torcedor/1782391794013_14.jpg torcedor/1782391797326_15.jpg torcedor/1782391797327_16.jpg torcedor/1782391797328_17.jpg torcedor/1782391797328_18.jpg torcedor/1782391797328_19.jpg torcedor/1782391800835_20.jpg
3a26e559-e6a6-43d1-8bee-4034739bcd55	Camisa Roma Fan Home Retro 99/00	R$ 229,00	TORCEDOR	Serie A (Itália)	P,M,G,GG,2XG,3XG,4XG	+ R$ 60,00	RETRO	torcedor/1781666970395_3.jpg torcedor/1781666970394_0.jpg torcedor/1781666970395_1.jpg torcedor/1781666970395_2.jpg torcedor/1781666970396_4.jpg torcedor/1781666974694_5.jpg torcedor/1781666974695_6.jpg torcedor/1781666974695_7.jpg torcedor/1781666974695_8.jpg torcedor/1781666974696_9.jpg torcedor/1781666978704_10.jpg torcedor/1781666978705_11.jpg torcedor/1781666978705_12.jpg torcedor/1781666978706_13.jpg torcedor/1781666978706_14.jpg torcedor/1781666982674_15.jpg torcedor/1781666982674_16.jpg torcedor/1781666982675_17.jpg torcedor/1781666982675_18.jpg torcedor/1781666982675_19.jpg torcedor/1781666986532_20.jpg torcedor/1781666986533_21.jpg torcedor/1781666986533_22.jpg torcedor/1781666986533_23.jpg
b1090f7f-3ffe-4aef-870c-8e108b657b9f	Roma Third Retro 98/99	R$ 229,00	RETRÔ	Serie A (Itália)	P,M,G,GG,2XG,3XG,4XG	+ R$ 60,00	RETRO	retro/1785450273024_0.jpg retro/1785450273025_1.jpg retro/1785450273025_2.jpg retro/1785450273025_3.jpg retro/1785450273025_4.jpg
cd7c5923-8c3b-4048-b46c-d5609b19630d	Roma Home Retro 98/99	R$ 229,00	RETRÔ	Serie A (Itália)	P,M,G,GG,2XG,3XG,4XG	+ R$ 60,00	RETRO	retro/1785450267933_1.jpg retro/1785450267932_0.jpg retro/1785450267933_2.jpg retro/1785450267933_3.jpg retro/1785450267933_4.jpg retro/1785450271945_5.jpg retro/1785450271946_6.jpg retro/1785450271946_7.jpg
8147e8de-0a8f-4b62-9b23-f34234a99c1c	Camisa Roma Fan Home Retro 92/93	R$ 229,00	TORCEDOR	Serie A (Itália)	P,M,G,GG,2XG,3XG,4XG	+ R$ 60,00	RETRO	torcedor/1781666932959_1.jpg torcedor/1781666932958_0.jpg torcedor/1781666932959_2.jpg torcedor/1781666932959_3.jpg torcedor/1781666932960_4.jpg torcedor/1781666937291_5.jpg torcedor/1781666937292_6.jpg torcedor/1781666937293_7.jpg torcedor/1781666937293_8.jpg torcedor/1781666937293_9.jpg torcedor/1781666941880_10.jpg torcedor/1781666941881_11.jpg torcedor/1781666941881_12.jpg torcedor/1781666941882_13.jpg torcedor/1781666941882_14.jpg torcedor/1781666945960_15.jpg torcedor/1781666945961_16.jpg torcedor/1781666945962_17.jpg torcedor/1781666945962_18.jpg torcedor/1781666945962_19.jpg torcedor/1781666950733_20.jpg torcedor/1781666950734_21.jpg torcedor/1781666950734_22.jpg
5befb643-63af-496e-9e84-2e3d9c92b6e5	Roma Home Retro 91/92	R$ 229,00	RETRÔ	Serie A (Itália)	P,M,G,GG,2XG,3XG,4XG	+ R$ 60,00	RETRO	retro/1785450267349_0.jpg retro/1785450267349_1.jpg retro/1785450267349_2.jpg retro/1785450267350_3.jpg retro/1785450267350_4.jpg retro/1785450270574_5.jpg retro/1785450270575_6.jpg
d0f2a15f-66d3-439e-bfc7-32b163dbe383	Roma Red Track Jacket 88/89	R$ 409,00	Roma Red Track Jacket 88/89	Serie A (Itália)	P,M,G,GG,2XG,3XG,4XG	+ R$ 60,00	CORTA_VENTO	corta_vento/1785450272223_0.jpg corta_vento/1785450272224_1.jpg corta_vento/1785450272224_2.jpg corta_vento/1785450272224_3.jpg corta_vento/1785450272224_4.jpg
7c1f93e0-2ef9-4589-9ac3-9c1a4af64add	oma Home Retro 85/86	R$ 229,00	RETRÔ	Serie A (Itália)	P,M,G,GG,2XG,3XG,4XG	+ R$ 60,00	RETRO	retro/1785450266958_0.jpg retro/1785450266959_1.jpg retro/1785450266959_2.jpg retro/1785450266959_3.jpg retro/1785450266960_4.jpg
9fe48f70-c41f-4b83-9cfb-3f82576b8996	Roma Home Retro 83/84	R$ 229,00	RETRÔ	Serie A (Itália)	P,M,G,GG,2XG,3XG,4XG	+ R$ 60,00	RETRO	retro/1785450266923_0.jpg retro/1785450266924_1.jpg retro/1785450266924_2.jpg retro/1785450266924_3.jpg
d30ba66c-7000-4e17-8566-a50123651a86	Sassuolo Away 25/26	R$ 189,00	TORCEDOR	Serie A (Itália)	P,M,G,GG,2XG,3XG,4XG	+ R$ 60,00	TORCEDOR	torcedor/1785364113823_0.jpg torcedor/1785364113824_1.jpg
03b2a16f-ac91-4e10-89be-dbda78f59b14	Sassuolo Home 25/26	R$ 189,00	TORCEDOR	Serie A (Itália)	P,M,G,GG,2XG,3XG,4XG	+ R$ 60,00	TORCEDOR	torcedor/1785364109561_0.jpg torcedor/1785364109562_1.jpg torcedor/1785364109562_2.jpg torcedor/1785364109562_3.jpg torcedor/1785364109562_4.jpg
3ee7d6dd-3b57-4166-abf8-69dc33416353	Torino Away 26/27	R$ 189,00	TORCEDOR	Serie A (Itália)	P,M,G,GG,2XG,3XG,4XG	+ R$ 60,00	TORCEDOR	torcedor/1789488578997_0.jpg torcedor/1789488578997_1.jpg
3b88b9d5-116e-4106-ac97-5b68e1b2d4f6	Torino Home 25/26	R$ 189,00	TORCEDOR	Serie A (Itália)	P,M,G,GG,2XG,3XG,4XG	+ R$ 60,00	TORCEDOR	torcedor/1785364117208_0.jpg torcedor/1785364117209_1.jpg
f645cd78-79e9-4f1e-95e2-6f7e50d1db61	Torino Away 25/26	R$ 189,00	TORCEDOR	Serie A (Itália)	P,M,G,GG,2XG,3XG,4XG	+ R$ 60,00	TORCEDOR	torcedor/1785364116831_0.jpg torcedor/1785364116832_1.jpg
9cb8ba83-2ec9-4ac8-816f-99bfa8b6011a	Torino Home Retro 98/99	R$ 229,00	RETRÔ	Serie A (Itália)	P,M,G,GG,2XG,3XG,4XG	+ R$ 60,00	RETRO	retro/1785364117992_0.jpg retro/1785364117993_1.jpg retro/1785364117993_2.jpg retro/1785364117993_3.jpg
9fd170d2-3be8-41af-b4fe-23fd1a97810d	Udinese 50th Anniversary 26/27	R$ 189,00	TORCEDOR	Serie A (Itália)	P,M,G,GG,2XG,3XG,4XG	+ R$ 60,00	TORCEDOR	torcedor/1785364019246_0.jpg torcedor/1785364019246_1.jpg
01ccdf32-0697-4079-8894-9084699f0f5a	Auxerre Away 25/26	R$ 189,00	TORCEDOR	Ligue 1 (França)	P,M,G,GG,2XG,3XG,4XG	+ R$ 60,00	TORCEDOR	torcedor/1784925243669_0.jpg torcedor/1784925243670_1.jpg torcedor/1784925243670_2.jpg torcedor/1784925243670_3.jpg torcedor/1784925243671_4.jpg torcedor/1784925247065_5.jpg
d318fe32-05a5-47f9-8b3e-2d1bbb4050d6	Auxerre Home 25/26	R$ 189,00	TORCEDOR	Ligue 1 (França)	P,M,G,GG,2XG,3XG,4XG	+ R$ 60,00	TORCEDOR	torcedor/1784925241935_0.jpg torcedor/1784925241936_1.jpg torcedor/1784925241936_2.jpg torcedor/1784925241936_3.jpg torcedor/1784925241936_4.jpg torcedor/1784925244417_5.jpg torcedor/1784925244418_6.jpg torcedor/1784925244418_7.jpg
27849015-499c-46a0-bd40-5807917f5931	Lille Home 26/27	R$ 189,00	TORCEDOR	Ligue 1 (França)	P,M,G,GG,2XG,3XG,4XG	+ R$ 60,00	TORCEDOR,KIT_INFANTIL,JOGADOR,RETRO	torcedor/1784925591820_0.jpg torcedor/1784925591821_1.jpg
f20af27f-1c0a-4621-be66-2c578da9faff	Lens Home 26/27	R$ 189,00	TORCEDOR	Ligue 1 (França)	P,M,G,GG,2XG,3XG,4XG	+ R$ 60,00	TORCEDOR,KIT_INFANTIL,JOGADOR,RETRO	torcedor/1784925589849_0.jpg torcedor/1784925589850_1.jpg torcedor/1784925589850_2.jpg torcedor/1784925589850_3.jpg torcedor/1784925589851_4.jpg
d9da289a-d0f0-4f10-adf9-fecc018ba56c	Lens Away 26/27	R$ 189,00	TORCEDOR	Ligue 1 (França)	P,M,G,GG,2XG,3XG,4XG	+ R$ 60,00	TORCEDOR,KIT_INFANTIL	torcedor/1784925589040_0.jpg torcedor/1784925589041_1.jpg torcedor/1784925589041_2.jpg torcedor/1784925589041_3.jpg
8091ed24-4c72-4228-b670-6182f800aa77	Lille Home Player 26/27	R$ 229,00	JOGADOR	Ligue 1 (França)	P,M,G,GG,2XG,3XG,4XG	+ R$ 60,00	JOGADOR,KIT_INFANTIL,TORCEDOR,RETRO	jogador/1784925593879_0.jpg jogador/1784925593880_1.jpg jogador/1784925593880_2.jpg jogador/1784925593880_3.jpg jogador/1784925593881_4.jpg
0222b898-8b4e-46e1-a827-8911aac41821	Lille Home Kids 26/27	R$ 199,00	KIDS	Ligue 1 (França)	14,16,18	+ R$ 60,00	KIT_INFANTIL,TORCEDOR,JOGADOR,RETRO	kit_infantil/1784925593322_0.jpg kit_infantil/1784925593323_1.jpg
c69de4d7-58d5-4c56-ae67-e3e5272402cf	Lens Home Retro 96/97	R$ 229,00	RETRÔ	Ligue 1 (França)	P,M,G,GG,2XG,3XG,4XG	+ R$ 60,00	RETRO,KIT_INFANTIL,TORCEDOR,JOGADOR	retro/1784925591313_0.jpg retro/1784925591313_1.jpg retro/1784925591313_2.jpg retro/1784925591314_3.jpg
89ac9ca8-e2ac-4368-8a9a-148954f1be85	Lens Home Kids 26/27	R$ 199,00	KIDS	Ligue 1 (França)	14,16,18	+ R$ 60,00	KIT_INFANTIL,TORCEDOR,JOGADOR,RETRO	kit_infantil/1784925590502_0.jpg kit_infantil/1784925590503_1.jpg
e6b75a13-6263-4a4e-ad4c-ed3e0c279de5	Lens Away Kids 26/27	R$ 199,00	KIDS	Ligue 1 (França)	14,16,18	+ R$ 60,00	KIT_INFANTIL,TORCEDOR	kit_infantil/1784925589343_0.jpg kit_infantil/1784925589344_1.jpg
1ae17d0f-b20e-4c7e-a293-ae325994c36e	Lille Third 25/26	R$ 189,00	TORCEDOR	Ligue 1 (França)	P,M,G,GG,2XG,3XG,4XG	+ R$ 60,00	TORCEDOR	torcedor/1784925595060_0.jpg torcedor/1784925595061_1.jpg
a6928393-5386-4dcc-87f6-6cb882a1ac47	Lille Third Soccer 26/27	R$ 189,00	TORCEDOR	Ligue 1 (França)	P,M,G,GG,2XG,3XG,4XG	+ R$ 60,00	TORCEDOR	torcedor/1789489038463_0.jpg torcedor/1789489038463_1.jpg
b0e1c6b3-0f36-4364-ab45-914ee1713075	Lorient Home 25/26	R$ 189,00	TORCEDOR	Ligue 1 (França)	P,M,G,GG,2XG,3XG,4XG	+ R$ 60,00	TORCEDOR	torcedor/1784925627228_0.jpg torcedor/1784925627229_1.jpg
2453f52d-8f67-4085-8f4b-496c71c7aa24	Lorient Third 25/26	R$ 189,00	TORCEDOR	Ligue 1 (França)	P,M,G,GG,2XG,3XG,4XG	+ R$ 60,00	TORCEDOR	torcedor/1784925626987_0.jpg torcedor/1784925626988_1.jpg
38c650cc-aa42-436a-80e6-3c14887c8aad	Lyon Away 26/27	R$ 189,00	TORCEDOR	Ligue 1 (França)	P,M,G,GG,2XG,3XG,4XG	+ R$ 60,00	TORCEDOR,JOGADOR,KIT_INFANTIL	torcedor/1785076771199_0.jpg torcedor/1785076771200_1.jpg torcedor/1785076771200_2.jpg torcedor/1785076771200_3.jpg
07589328-9487-418f-ae32-9f1129a677ee	Lyon Home 26/27	R$ 189,00	TORCEDOR	Ligue 1 (França)	P,M,G,GG,2XG,3XG,4XG	+ R$ 60,00	TORCEDOR,JOGADOR,KIT_INFANTIL	torcedor/1785076769230_0.jpg torcedor/1785076769231_1.jpg torcedor/1785076769231_2.jpg torcedor/1785076769231_3.jpg torcedor/1785076769231_4.jpg
cb26eabf-f461-453a-ac7c-779bf3f97dd6	Lyon Away Kids 26/27	R$ 199,00	KIDS	Ligue 1 (França)	14,16,18	+ R$ 60,00	KIT_INFANTIL,JOGADOR,TORCEDOR	kit_infantil/1785076770323_0.jpg kit_infantil/1785076770324_1.jpg
28c687c1-8b23-4e73-b7d2-f22ec4bcf1a8	Lyon Away Player 26/27	R$ 229,00	JOGADOR	Ligue 1 (França)	P,M,G,GG,2XG,3XG,4XG	+ R$ 60,00	JOGADOR,TORCEDOR,KIT_INFANTIL	jogador/1785076770087_0.jpg jogador/1785076770088_1.jpg jogador/1785076770088_2.jpg jogador/1785076770088_3.jpg jogador/1785076770088_4.jpg
17490f6b-d817-4bd3-9b6d-1cfa0fb00fff	Lyon Home Kids 26/27	R$ 199,00	KIDS	Ligue 1 (França)	14,16,18	+ R$ 60,00	KIT_INFANTIL,TORCEDOR,JOGADOR	kit_infantil/1785076768877_0.jpg kit_infantil/1785076768878_1.jpg
13cd03d9-296b-4d29-af0f-64f3c6ae0b7a	Lyon Home Player 26/27	R$ 229,00	JOGADOR	Ligue 1 (França)	P,M,G,GG,2XG,3XG,4XG	+ R$ 60,00	JOGADOR,TORCEDOR,KIT_INFANTIL	jogador/1785076768359_0.jpg jogador/1785076768359_1.jpg jogador/1785076768360_2.jpg jogador/1785076768360_3.jpg jogador/1785076768360_4.jpg jogador/1785076771609_5.jpg
e49391ab-fdc2-4f2c-a630-40bd8097049a	Lyon 75-Year Anniversary 2025	R$ 189,00	TORCEDOR		P,M,G,GG,2XG,3XG,4XG	+ R$ 60,00	TORCEDOR	torcedor/1785076772035_0.jpg torcedor/1785076772036_1.jpg
0fbbfd69-5aff-4c3f-9bb1-03ab40449f63	Lyon Home Retro 10/11	R$ 229,00	RETRÔ	Ligue 1 (França)	P,M,G,GG,2XG,3XG,4XG	+ R$ 60,00	RETRO	retro/1785076766313_0.jpg retro/1785076766314_1.jpg retro/1785076766314_2.jpg retro/1785076766314_3.jpg retro/1785076766314_4.jpg retro/1785076771186_5.jpg retro/1785076771186_6.jpg retro/1785076771187_7.jpg
6d60a7d1-68d7-4f83-a1ea-25ecc83900bd	Lyon Home Retro 08/09	R$ 229,00	RETRÔ	Ligue 1 (França)	P,M,G,GG,2XG,3XG,4XG	+ R$ 60,00	RETRO	retro/1785076766809_0.jpg retro/1785076766809_1.jpg retro/1785076766810_2.jpg retro/1785076766810_3.jpg retro/1785076766810_4.jpg retro/1785076769550_5.jpg
bb72d604-b327-4a22-931d-6eaf21eb065f	Lyon Third Retro 08/09	R$ 229,00	RETRÔ	Ligue 1 (França)	P,M,G,GG,2XG,3XG,4XG	+ R$ 60,00	RETRO	retro/1785076765881_0.jpg retro/1785076765882_1.jpg retro/1785076765882_2.jpg retro/1785076765882_3.jpg retro/1785076765883_4.jpg retro/1785076773634_5.jpg retro/1785076773635_6.jpg
ab65edd4-802a-4bd1-ba58-9873b0696860	Lyon Home Retro 00/01	R$ 229,00	RETRÔ	Ligue 1 (França)	P,M,G,GG,2XG,3XG,4XG	+ R$ 60,00	RETRO	retro/1785076760798_0.jpg retro/1785076760799_1.jpg
882feffe-fb38-46ba-b523-6422c8878c41	Lyon Home Retro 95/96	R$ 229,00	RETRÔ	Ligue 1 (França)	P,M,G,GG,2XG,3XG,4XG	+ R$ 60,00	RETRO	retro/1785076764922_0.jpg retro/1785076764923_1.jpg retro/1785076764923_2.jpg retro/1785076764923_3.jpg retro/1785076764924_4.jpg retro/1785076767990_5.jpg retro/1785076767991_6.jpg
8b441f3e-c628-4c16-85c0-908c61c07150	Monaco Away 26/27	R$ 189,00	TORCEDOR	Ligue 1 (França)	P,M,G,GG,2XG,3XG,4XG	+ R$ 60,00	TORCEDOR	torcedor/1789488946450_0.jpg torcedor/1789488946450_1.jpg
140a870e-b2b7-4bcb-9279-25f167e31922	Monaco Home 26/27	R$ 189,00	TORCEDOR	Ligue 1 (França)	P,M,G,GG,2XG,3XG,4XG	+ R$ 60,00	TORCEDOR,JOGADOR,KIT_INFANTIL	torcedor/1785076475845_0.jpg torcedor/1785076475846_1.jpg
cd1704c2-3122-4ea3-8f6a-7f8588f3db3f	Monaco Home Kids 26/27	R$ 199,00	KIDS	Ligue 1 (França)	14,16,18	+ R$ 60,00	KIT_INFANTIL,TORCEDOR,JOGADOR	kit_infantil/1785076475184_0.jpg kit_infantil/1785076475185_1.jpg
1a6d5ad4-e763-425a-ae3b-5bf1fde5cf4a	Monaco Home Player 26/27	R$ 229,00	JOGADOR	Ligue 1 (França)	P,M,G,GG,2XG,3XG,4XG	+ R$ 60,00	JOGADOR,TORCEDOR,KIT_INFANTIL	jogador/1785076474522_0.jpg jogador/1785076474522_1.jpg jogador/1785076474522_2.jpg jogador/1785076474523_3.jpg jogador/1785076474523_4.jpg jogador/1785076481494_5.jpg
b4ed7f67-2a98-4d30-a4b5-5b2dcef7cf0f	Monaco Home Retro 16/17	R$ 229,00	RETRÔ	Ligue 1 (França)	P,M,G,GG,2XG,3XG,4XG	+ R$ 60,00	RETRO	retro/1785076468560_0.jpg retro/1785076468561_1.jpg retro/1785076468561_2.jpg retro/1785076468561_3.jpg retro/1785076468561_4.jpg
57ee3d98-b27c-40bc-9536-92a40d2d3ce6	Nantes Home 26/27	R$ 189,00	TORCEDOR	Ligue 1 (França)	P,M,G,GG,2XG,3XG,4XG	+ R$ 60,00	TORCEDOR,KIT_INFANTIL	torcedor/1784925812766_0.jpg torcedor/1784925812767_1.jpg
e43e0ea6-898e-4570-bad5-964c29e96c56	Nantes Home 26/27 kids	R$ 199,00	KIDS	Ligue 1 (França)	14,16,18	+ R$ 60,00	KIT_INFANTIL,TORCEDOR	kit_infantil/1784925812123_0.jpg kit_infantil/1784925812123_1.jpg
a1796400-a7ab-4eb5-a9c4-f523bbab2026	OGC Nice Away 25/26	R$ 189,00	TORCEDOR	Ligue 1 (França)	P,M,G,GG,2XG,3XG,4XG	+ R$ 60,00	TORCEDOR	torcedor/1785076584723_0.jpg torcedor/1785076584724_1.jpg
beba5e60-8fd0-46e4-b6dc-4e8940f493a2	OGC Nice Home 25/26	R$ 189,00	TORCEDOR	Ligue 1 (França)	P,M,G,GG,2XG,3XG,4XG	+ R$ 60,00	TORCEDOR	torcedor/1785076534313_0.jpg torcedor/1785076534313_1.jpg
d8c0702a-08cb-49ee-a7e0-f3ab08842159	OGC Nice Home Retro 77	R$ 229,00	RETRÔ		P,M,G,GG,2XG,3XG,4XG	+ R$ 60,00	RETRO	retro/1785076534936_0.jpg retro/1785076534937_1.jpg retro/1785076534937_2.jpg
1f8af4fb-3e4e-4336-881e-27ac17f3517b	Marseille Away 26/27	R$ 189,00	TORCEDOR	Ligue 1 (França)	P,M,G,GG,2XG,3XG,4XG	+ R$ 60,00	TORCEDOR	torcedor/1785158863640_0.jpg torcedor/1785158863640_1.jpg
c87767bd-1927-428a-a8ed-a8208b9b4449	Marseille Home 26/27	R$ 189,00	TORCEDOR	Ligue 1 (França)	P,M,G,GG,2XG,3XG,4XG	+ R$ 60,00	TORCEDOR,MANGA_LONGA,JOGADOR,KIT_INFANTIL	torcedor/1785158861756_0.jpg torcedor/1785158861756_1.jpg torcedor/1785158861757_2.jpg torcedor/1785158861757_3.jpg
a8123175-7cd3-424e-b2ec-ba37fb0f5c57	Marseille Home Kids 26/27	R$ 199,00	KIDS	Ligue 1 (França)	14,16,18	+ R$ 60,00	KIT_INFANTIL,MANGA_LONGA,JOGADOR,TORCEDOR	kit_infantil/1785158947072_0.jpg kit_infantil/1785158947072_1.jpg
3d92ba37-dc43-4ff4-a728-ada33b56a0cf	Marseille Home Long Player 26/27	R$ 209,00	JOGADOR	Ligue 1 (França)	P,M,G,GG,2XG,3XG,4XG	+ R$ 60,00	MANGA_LONGA,JOGADOR,KIT_INFANTIL,TORCEDOR	jogador/1785158946449_0.jpg jogador/1785158946450_1.jpg jogador/1785158946450_2.jpg jogador/1785158946450_3.jpg jogador/1785158946451_4.jpg jogador/1785158949426_5.jpg jogador/1785158949426_6.jpg
a10eac58-2ae3-4028-a88a-4b4b2b48a099	Marseille Home Player 26/27	R$ 229,00	JOGADOR	Ligue 1 (França)	P,M,G,GG,2XG,3XG,4XG	+ R$ 60,00	JOGADOR,MANGA_LONGA,KIT_INFANTIL,TORCEDOR	jogador/1785158945782_1.jpg jogador/1785158945782_0.jpg jogador/1785158945783_2.jpg jogador/1785158945783_3.jpg jogador/1785158945783_4.jpg jogador/1785158949174_5.jpg jogador/1785158949175_6.jpg jogador/1785158949175_7.jpg
b99e600a-d412-4ad2-90a2-085416ad3fac	Marseille 125 Years Anniversary White Player	R$ 229,00	JOGADOR		P,M,G,GG,2XG,3XG,4XG	+ R$ 60,00	JOGADOR	jogador/1785158865525_0.jpg jogador/1785158865526_1.jpg jogador/1785158865526_2.jpg jogador/1785158865526_3.jpg jogador/1785158865527_4.jpg
f2e44bc3-9010-4217-8df0-fbef96db4836	Marseille 125 Years Anniversary Player	R$ 229,00	JOGADOR		P,M,G,GG,2XG,3XG,4XG	+ R$ 60,00	JOGADOR	jogador/1785158864455_0.jpg jogador/1785158864455_1.jpg jogador/1785158864455_2.jpg jogador/1785158864456_3.jpg jogador/1785158864456_4.jpg jogador/1785158867366_5.jpg
0a0ba81d-836d-4fba-b766-6d64fce09470	Marseille home 99/00	R$ 189,00	TORCEDOR	Ligue 1 (França)	P,M,G,GG,2XG,3XG,4XG	+ R$ 60,00	TORCEDOR	torcedor/1785158861711_0.jpg torcedor/1785158861712_1.jpg torcedor/1785158861712_2.jpg torcedor/1785158861712_3.jpg
2014a700-bc63-45d2-9176-1d43cce639ff	Marseille Home Retro 98/99	R$ 229,00	RETRÔ	Ligue 1 (França)	P,M,G,GG,2XG,3XG,4XG	+ R$ 60,00	RETRO	retro/1785158944929_0.jpg retro/1785158944930_1.jpg retro/1785158944930_2.jpg retro/1785158944930_3.jpg retro/1785158944931_4.jpg retro/1785158948555_5.jpg retro/1785158948556_6.jpg retro/1785158948556_7.jpg
9952a72d-2fc9-480f-a5dd-891de3c12e3b	Marseille Champions League Final Home Retro 92/93	R$ 229,00	RETRÔ	Ligue 1 (França)	P,M,G,GG,2XG,3XG,4XG	+ R$ 60,00	RETRO	torcedor/1785158862494_0.jpg torcedor/1785158862495_1.jpg torcedor/1785158862495_2.jpg torcedor/1785158862495_3.jpg torcedor/1785158862495_4.jpg torcedor/1785158865481_5.jpg torcedor/1785158865482_6.jpg
a9983c9c-4f7d-4577-9cd9-b4e395dc172c	Marseille Home Retro 89/91	R$ 229,00	RETRÔ	Ligue 1 (França)	P,M,G,GG,2XG,3XG,4XG	+ R$ 60,00	RETRO	retro/1785158945281_0.jpg retro/1785158945282_1.jpg retro/1785158945282_2.jpg retro/1785158945282_3.jpg retro/1785158945283_4.jpg retro/1785158952065_5.jpg
d8576b98-0f75-4eab-a660-ca82a6b0df07	Marseille Away Retro 89/91	R$ 229,00	RETRÔ	Ligue 1 (França)	P,M,G,GG,2XG,3XG,4XG	+ R$ 60,00	RETRO	torcedor/1785158862877_0.jpg torcedor/1785158862878_1.jpg torcedor/1785158862878_2.jpg torcedor/1785158862878_3.jpg torcedor/1785158862879_4.jpg torcedor/1785158865551_5.jpg torcedor/1785158865551_6.jpg torcedor/1785158865551_7.jpg torcedor/1785158865552_8.jpg
ec9d370f-a828-47b3-9897-5ede3ec2ecf1	Paris FC Third 25/26	R$ 189,00	TORCEDOR	Ligue 1 (França)	P,M,G,GG,2XG,3XG,4XG	+ R$ 60,00	TORCEDOR	torcedor/1785076578681_0.jpg torcedor/1785076578682_1.jpg
98d43e02-55ed-416d-a556-8099e6e0f4a1	Paris FC Home 25/26	R$ 189,00	TORCEDOR	Ligue 1 (França)	P,M,G,GG,2XG,3XG,4XG	+ R$ 60,00	TORCEDOR	torcedor/1785076578196_0.jpg torcedor/1785076578197_1.jpg
46249ba1-f076-4e06-a76c-e47d92868cd2	Paris FC Away 25/26	R$ 189,00	TORCEDOR	Ligue 1 (França)	P,M,G,GG,2XG,3XG,4XG	+ R$ 60,00	TORCEDOR	torcedor/1785076577950_0.jpg torcedor/1785076577950_1.jpg
a8b17a0d-4dc5-4f61-80d3-903fee41b2e6	PSG Home Retro 21/22	R$ 229,00	RETRÔ	Ligue 1 (França)	P,M,G,GG,2XG,3XG,4XG	+ R$ 60,00	RETRO	retro/1785159157753_0.jpg retro/1785159157754_1.jpg
237f6b2d-e194-41c9-9b29-16d6cd5da7bd	Paris Saint-Germain Champions League Pre-Match 26/27	R$ 189,00	TORCEDOR	Ligue 1 (França)	P,M,G,GG,2XG,3XG,4XG	+ R$ 60,00	TORCEDOR,JOGADOR,KIT_INFANTIL	torcedor/1789488809687_0.jpg torcedor/1789488809688_1.jpg
ea9e428d-0a1a-4ab8-835a-e60093acd74e	Paris Saint-Germain Away 26/27	R$ 189,00	TORCEDOR	Ligue 1 (França)	P,M,G,GG,2XG,3XG,4XG	+ R$ 60,00	TORCEDOR,KIT_INFANTIL,MANGA_LONGA,JOGADOR	torcedor/1785160625631_0.jpg torcedor/1785160625631_1.jpg torcedor/1785160625632_2.jpg torcedor/1785160625632_3.jpg torcedor/1785160625632_4.jpg
93004574-a885-4752-9e74-570e5fa59c11	Paris Saint-Germain Home 26/27	R$ 189,00	TORCEDOR	Ligue 1 (França)	P,M,G,GG,2XG,3XG,4XG	+ R$ 60,00	TORCEDOR,KIT_INFANTIL,JOGADOR,FEMININA,MANGA_LONGA	torcedor/1785160624659_0.jpg torcedor/1785160624659_1.jpg torcedor/1785160624660_2.jpg torcedor/1785160624660_3.jpg torcedor/1785160624660_4.jpg torcedor/1785160627467_5.jpg
d82a340a-3b7b-4919-b781-d0b268692cbd	PSG Silver Pre-Match 26/27	R$ 189,00	TORCEDOR	Ligue 1 (França)	P,M,G,GG,2XG,3XG,4XG	+ R$ 60,00	TORCEDOR,JOGADOR,KIT_INFANTIL	torcedor/1785159106924_0.jpg torcedor/1785159106925_1.jpg torcedor/1785159106925_2.jpg torcedor/1785159106926_3.jpg torcedor/1785159106926_4.jpg torcedor/1785159110184_5.jpg
2bfaa0a4-1557-42d1-813b-036992cbc49f	PSG-Away-Long 26/27	R$ 209,00	PSG-Away-Long 26/27	Ligue 1 (França)	P,M,G,GG,2XG,3XG,4XG	+ R$ 60,00	MANGA_LONGA,KIT_INFANTIL,JOGADOR,TORCEDOR	manga_longa/1789488770126_0.jpg manga_longa/1789488770127_1.jpg
8b8bb4e8-88fd-468d-853b-ee0a65fbd082	PSG Away Player 26/27	R$ 229,00	JOGADOR	Ligue 1 (França)	P,M,G,GG,2XG,3XG,4XG	+ R$ 60,00	JOGADOR,KIT_INFANTIL,MANGA_LONGA,TORCEDOR	jogador/1785160665575_0.jpg jogador/1785160665576_1.jpg jogador/1785160665577_2.jpg jogador/1785160665577_3.jpg jogador/1785160665577_4.jpg jogador/1785160669847_5.jpg
2924d6a2-ce68-40e5-bd80-92c15d342ed7	Paris Saint-Germain Away Kids 26/27	R$ 199,00	KIDS	Ligue 1 (França)	14,16,18	+ R$ 60,00	KIT_INFANTIL,MANGA_LONGA,JOGADOR,TORCEDOR	kit_infantil/1785160625116_0.jpg kit_infantil/1785160625116_1.jpg
ad965f50-1639-4207-893f-b9fb9b7ef6fe	Paris Saint-Germain Home Feminina 26/27	R$ 179,00	FEMININO	Ligue 1 (França)	P,M,G,GG	+ R$ 60,00	FEMININA,KIT_INFANTIL,JOGADOR,TORCEDOR,MANGA_LONGA	feminina/1785160623311_0.jpg feminina/1785160623311_1.jpg
c1b3248d-ee7b-4841-a72a-8e78813792be	Paris Saint-Germain Home Longa 26/27	R$ 209,00	Paris Saint-Germain Home Longa 26/27	Ligue 1 (França)	P,M,G,GG,2XG,3XG,4XG	+ R$ 60,00	MANGA_LONGA,KIT_INFANTIL,JOGADOR,TORCEDOR,FEMININA	manga_longa/1785160626263_0.jpg manga_longa/1785160626264_1.jpg
2e8c4fcd-187e-4c26-b6fc-753285ae229a	Paris Saint-Germain Home Kids 26/27	R$ 199,00	KIDS	Ligue 1 (França)	14,16,18	+ R$ 60,00	KIT_INFANTIL,JOGADOR,TORCEDOR,FEMININA,MANGA_LONGA	kit_infantil/1785160622746_0.jpg kit_infantil/1785160622747_1.jpg
7509eed6-32ad-415b-97d4-78b493cdc46d	Paris Saint-Germain Pre-Match Kids 26/27	R$ 199,00	KIDS	Ligue 1 (França)	14,16,18	+ R$ 60,00	KIT_INFANTIL,TORCEDOR,JOGADOR	kit_infantil/1785160621855_0.jpg kit_infantil/1785160621856_1.jpg
6d3e5d38-1cea-45b5-b819-083f1723f9e0	Paris Saint-Germain Pre-Match Player 26/27	R$ 229,00	JOGADOR	Ligue 1 (França)	P,M,G,GG,2XG,3XG,4XG	+ R$ 60,00	JOGADOR,TORCEDOR,KIT_INFANTIL	jogador/1785160620367_0.jpg jogador/1785160620368_1.jpg jogador/1785160620369_2.jpg jogador/1785160620369_3.jpg jogador/1785160620369_4.jpg jogador/1785160623493_5.jpg
e57a490e-7a3f-4b2f-bf3a-dab168117489	PSG Home Long 26/27	R$ 209,00	PSG Home Long 26/27	Ligue 1 (França)	P,M,G,GG,2XG,3XG,4XG	+ R$ 60,00	MANGA_LONGA,KIT_INFANTIL,JOGADOR,TORCEDOR,FEMININA	retro/1785160495136_0.jpg retro/1785160495136_1.jpg retro/1785160495137_2.jpg retro/1785160495137_3.jpg retro/1785160495137_4.jpg
77410b12-4e2d-4407-8b50-299b56c03612	PSG Home Player 26/27	R$ 229,00	JOGADOR	Ligue 1 (França)	P,M,G,GG,2XG,3XG,4XG	+ R$ 60,00	JOGADOR,KIT_INFANTIL,TORCEDOR,FEMININA,MANGA_LONGA	jogador/1785160494381_0.jpg jogador/1785160494382_1.jpg jogador/1785160494382_2.jpg jogador/1785160494382_3.jpg jogador/1785160494382_4.jpg
eec9810f-e36f-4453-b375-b9aaa01ce62e	PSG Blue Windbreaker 25/26	R$ 409,00	CORTA VENTO	Ligue 1 (França)	P,M,G,GG,2XG,3XG,4XG	+ R$ 60,00	CORTA_VENTO	corta_vento/1785160496971_0.jpg corta_vento/1785160496972_1.jpg corta_vento/1785160496972_2.jpg corta_vento/1785160496972_3.jpg corta_vento/1785160496972_4.jpg
c75b805c-40d2-45f7-af2b-d2da92120f63	PSG White Windbreaker 24/25	R$ 409,00	CORTA VENTO	Ligue 1 (França)	P,M,G,GG,2XG,3XG,4XG	+ R$ 60,00	CORTA_VENTO	corta_vento/1785159110438_0.jpg corta_vento/1785159110439_1.jpg corta_vento/1785159110439_2.jpg corta_vento/1785159110439_3.jpg corta_vento/1785159110440_4.jpg corta_vento/1785159113169_5.jpg
817bdd7f-f50d-44ee-a145-cc693f42f854	PSG Purple Black Windbreaker 24/25	R$ 409,00	CORTA VENTO	Ligue 1 (França)	P,M,G,GG,2XG,3XG,4XG	+ R$ 60,00	CORTA_VENTO	corta_vento/1785159104138_0.jpg corta_vento/1785159104139_1.jpg corta_vento/1785159104139_2.jpg corta_vento/1785159104140_3.jpg corta_vento/1785159104140_4.jpg corta_vento/1785159107352_5.jpg
90f1d603-6f45-4174-a0b5-fa483a1e975f	PSG Away 21/22	R$ 229,00	RETRÔ	Ligue 1 (França)	P,M,G,GG,2XG,3XG,4XG	+ R$ 60,00	RETRO	retro/1785160666882_0.jpg retro/1785160666883_1.jpg retro/1785160666883_2.jpg
db74aeb0-5b0a-4ac8-8cc3-b45d893b1263	PSG Away Retro 21/22	R$ 229,00	RETRÔ	Ligue 1 (França)	P,M,G,GG,2XG,3XG,4XG	+ R$ 60,00	RETRO	retro/1785160666672_0.jpg retro/1785160666672_1.jpg
10549e6b-a3ab-4fad-b426-f200dd07eccf	PSG Third Retro 19/20	R$ 229,00	RETRÔ	Ligue 1 (França)	P,M,G,GG,2XG,3XG,4XG	+ R$ 60,00	RETRO	retro/1785159108597_0.jpg retro/1785159108597_1.jpg retro/1785159108598_2.jpg retro/1785159108598_3.jpg retro/1785159108598_4.jpg
b3688c4f-e808-4c74-890a-dcf6903ea8d5	PSG Champions League Away Retro 18/19	R$ 229,00	RETRÔ	Ligue 1 (França)	P,M,G,GG,2XG,3XG,4XG	+ R$ 60,00	RETRO	retro/1785160495850_0.jpg retro/1785160495851_1.jpg retro/1785160495851_2.jpg retro/1785160495851_3.jpg retro/1785160495852_4.jpg retro/1785160499893_5.jpg retro/1785160499894_6.jpg
82a1823a-ea90-4c02-83f9-724fcdd22ae2	PSG Home Retro 17/18	R$ 229,00	RETRÔ	Ligue 1 (França)	P,M,G,GG,2XG,3XG,4XG	+ R$ 60,00	RETRO	retro/1785159104495_0.jpg retro/1785159104495_1.jpg retro/1785159104496_2.jpg retro/1785159104496_3.jpg retro/1785159104496_4.jpg retro/1785159107747_5.jpg retro/1785159107747_6.jpg retro/1785159107748_7.jpg
cb5ea561-bd06-43a0-b620-8a7834e11508	PSG Home Retro 16/17	R$ 229,00	RETRÔ	Ligue 1 (França)	P,M,G,GG,2XG,3XG,4XG	+ R$ 60,00	RETRO	retro/1785159104875_0.jpg retro/1785159104876_1.jpg
683140b2-2d57-47b7-bb66-17e6a12e3b49	PSG Home Retro 14/15	R$ 229,00	RETRÔ	Ligue 1 (França)	P,M,G,GG,2XG,3XG,4XG	+ R$ 60,00	RETRO	retro/1785159158566_0.jpg retro/1785159158567_1.jpg
df2c51c8-0d0e-4883-b667-5ca327b3c304	PSG Home Retro 13/14	R$ 229,00	RETRÔ	Ligue 1 (França)	P,M,G,GG,2XG,3XG,4XG	+ R$ 60,00	RETRO	retro/1785160493719_0.jpg retro/1785160493720_1.jpg retro/1785160493720_2.jpg retro/1785160493720_3.jpg retro/1785160493721_4.jpg retro/1785160497028_5.jpg retro/1785160497029_6.jpg
a100e295-fc97-424f-8fdc-1456434c83e1	PSG Home Retro 02/03	R$ 229,00	RETRÔ	Ligue 1 (França)	P,M,G,GG,2XG,3XG,4XG	+ R$ 60,00	RETRO	retro/1785160493923_0.jpg retro/1785160493923_1.jpg retro/1785160493923_2.jpg retro/1785160493924_3.jpg retro/1785160493924_4.jpg retro/1785160496832_5.jpg
70b1e8bb-83ab-4f74-90d5-c970b0437855	PSG Home Retro 01/02	R$ 229,00	RETRÔ	Ligue 1 (França)	P,M,G,GG,2XG,3XG,4XG	+ R$ 60,00	RETRO	retro/1785159105388_0.jpg retro/1785159105389_1.jpg retro/1785159105389_2.jpg retro/1785159105390_3.jpg retro/1785159105390_4.jpg retro/1785159112069_5.jpg
d625e753-71e9-4650-8bab-b00c40650c48	PSG Home Retro 98/99	R$ 229,00	RETRÔ	Ligue 1 (França)	P,M,G,GG,2XG,3XG,4XG	+ R$ 60,00	RETRO	retro/1785159105791_3.jpg retro/1785159105790_0.jpg retro/1785159105791_1.jpg retro/1785159105791_2.jpg retro/1785159105792_4.jpg
81c628a7-dc71-437f-9572-5c644d08a27a	PSG Blue Windbreaker 96/97	R$ 409,00	CORTA VENTO	Ligue 1 (França)	P,M,G,GG,2XG,3XG,4XG	+ R$ 60,00	CORTA_VENTO	corta_vento/1785160496451_0.jpg corta_vento/1785160496452_1.jpg corta_vento/1785160496452_2.jpg corta_vento/1785160496452_3.jpg corta_vento/1785160496452_4.jpg
362f2d08-e94b-4e15-9beb-699a148aa8fc	PSG Home Retro 95/96	R$ 229,00	RETRÔ	Ligue 1 (França)	P,M,G,GG,2XG,3XG,4XG	+ R$ 60,00	RETRO	retro/1785159106369_0.jpg retro/1785159106369_1.jpg retro/1785159106370_2.jpg retro/1785159106370_3.jpg retro/1785159106370_4.jpg retro/1785159109883_5.jpg
b528615e-c656-4409-911a-4993078585eb	PSG Home Retro 94/95	R$ 229,00	RETRÔ	Ligue 1 (França)	P,M,G,GG,2XG,3XG,4XG	+ R$ 60,00	RETRO	retro/1785159157752_0.jpg retro/1785159157753_1.jpg retro/1785159157753_2.jpg retro/1785159157753_3.jpg retro/1785159157754_4.jpg
0ef087e3-8d7d-4845-adc4-5689cc9c0825	Rennais Home 26/27	R$ 189,00	TORCEDOR	Ligue 1 (França)	P,M,G,GG,2XG,3XG,4XG	+ R$ 60,00	TORCEDOR,KIT_INFANTIL,JOGADOR	torcedor/1784925766214_0.jpg torcedor/1784925766214_1.jpg
4b8dc538-f796-4833-9494-740ebdc148d6	Rennais Home Kids 26/27	R$ 199,00	KIDS	Ligue 1 (França)	14,16,18	+ R$ 60,00	KIT_INFANTIL,TORCEDOR,JOGADOR	kit_infantil/1784925765832_1.jpg kit_infantil/1784925765832_0.jpg
f56168ce-3481-449d-9842-6de997001369	Rennais Home Player 26/27	R$ 229,00	JOGADOR	Ligue 1 (França)	P,M,G,GG,2XG,3XG,4XG	+ R$ 60,00	JOGADOR,TORCEDOR,KIT_INFANTIL	jogador/1784925765743_0.jpg jogador/1784925765744_1.jpg jogador/1784925765744_2.jpg jogador/1784925765744_3.jpg
c3429c11-ed5a-44c9-ac8c-f0d2cdd139ff	Strasbourg Away 25/26	R$ 189,00	TORCEDOR	Ligue 1 (França)	P,M,G,GG,2XG,3XG,4XG	+ R$ 60,00	TORCEDOR	torcedor/1784925690152_0.jpg torcedor/1784925690152_1.jpg torcedor/1784925690153_2.jpg
b68f0ca5-a7ea-4710-9b3d-6ed890cc5792	sbourg Home 25/26	R$ 189,00	TORCEDOR	Ligue 1 (França)	P,M,G,GG,2XG,3XG,4XG	+ R$ 60,00	TORCEDOR,KIT_INFANTIL	torcedor/1784925689696_0.jpg torcedor/1784925689696_1.jpg torcedor/1784925689696_2.jpg
b3d4bbfc-aa42-416c-939d-503ce1d28a07	Strasbourg Home Kids 25/26	R$ 199,00	KIDS	Ligue 1 (França)	14,16,18	+ R$ 60,00	KIT_INFANTIL,TORCEDOR	kit_infantil/1784925689420_0.jpg kit_infantil/1784925689421_1.jpg
c0f77a93-6b8e-4440-a605-1be46b306b69	Strasbourg Third Kids 25/26	R$ 199,00	KIDS	Ligue 1 (França)	14,16,18	+ R$ 60,00	KIT_INFANTIL	kit_infantil/1784925689418_0.jpg kit_infantil/1784925689419_1.jpg
7665d41a-2439-4790-9a26-2f3d0e26e18f	Toulouse Home 25/26 Away	R$ 189,00	TORCEDOR	Ligue 1 (França)	P,M,G,GG,2XG,3XG,4XG	+ R$ 60,00	TORCEDOR	torcedor/1784925449315_0.jpg torcedor/1784925449316_1.jpg torcedor/1784925449316_2.jpg torcedor/1784925449316_3.jpg
b81c9019-6d77-42ee-8e90-354aba2ee27d	Toulouse Home 25/26 Home	R$ 189,00	TORCEDOR	Ligue 1 (França)	P,M,G,GG,2XG,3XG,4XG	+ R$ 60,00	TORCEDOR	torcedor/1784925448840_0.jpg torcedor/1784925448841_1.jpg torcedor/1784925448841_2.jpg torcedor/1784925448842_3.jpg torcedor/1784925448842_4.jpg
dd3bca00-8cc9-4700-9ffc-3e19d0e07186	Toulouse Third 25/26	R$ 189,00	TORCEDOR	Ligue 1 (França)	P,M,G,GG,2XG,3XG,4XG	+ R$ 60,00	TORCEDOR	torcedor/1784925448271_0.jpg torcedor/1784925448271_1.jpg
47c0fa54-2bb6-4b8e-aba3-3c0bb5575b6d	Alverca Away 26/27	R$ 189,00	TORCEDOR	Primeira Liga (Portugal)	P,M,G,GG,2XG,3XG,4XG	+ R$ 60,00	TORCEDOR	torcedor/1789488349531_0.jpg torcedor/1789488349532_1.jpg torcedor/1789488349532_2.jpg
8607b5f2-8e0c-4e1e-905d-0be23322125e	Alverca Home 26/27	R$ 189,00	TORCEDOR	Primeira Liga (Portugal)	P,M,G,GG,2XG,3XG,4XG	+ R$ 60,00	TORCEDOR	torcedor/1789488349158_0.jpg torcedor/1789488349159_1.jpg
1c0ba477-e87b-44f2-b202-59c3fb4226f7	Alverca Away 25/26	R$ 189,00	TORCEDOR	Primeira Liga (Portugal)	P,M,G,GG,2XG,3XG,4XG	+ R$ 60,00	TORCEDOR	torcedor/1785947737473_0.jpg torcedor/1785947737474_1.jpg
f86471cf-1477-442e-9289-1449f2cb8da5	Alverca Home 25/26	R$ 189,00	TORCEDOR	Primeira Liga (Portugal)	P,M,G,GG,2XG,3XG,4XG	+ R$ 60,00	TORCEDOR	torcedor/1785947736867_0.jpg torcedor/1785947736868_1.jpg
acad7e40-967b-4e4c-9757-e2240149cf0d	Benfica GK 2 26/27	R$ 189,00	TORCEDOR	Primeira Liga (Portugal)	P,M,G,GG,2XG,3XG,4XG	+ R$ 60,00	TORCEDOR,CORTA_VENTO	torcedor/1790208158762_0.jpg torcedor/1790208158763_1.jpg
b61f3337-e6d6-48ed-8acf-420235d6518a	Benfica Third 26/27	R$ 189,00	TORCEDOR	Primeira Liga (Portugal)	P,M,G,GG,2XG,3XG,4XG	+ R$ 60,00	TORCEDOR,KIT_INFANTIL	torcedor/1789488258398_0.jpg torcedor/1789488258398_1.jpg torcedor/1789488258398_2.jpg torcedor/1789488258399_3.jpg torcedor/1789488258399_4.jpg
e0583153-68ac-45da-aeff-06f1646f008a	Benfica Away 26/27	R$ 189,00	TORCEDOR	Primeira Liga (Portugal)	P,M,G,GG,2XG,3XG,4XG	+ R$ 60,00	TORCEDOR,JOGADOR	torcedor/1785955422688_0.jpg torcedor/1785955422689_1.jpg
5934ee5d-8e79-45a2-8336-5be17ad9e37b	Benfica Home 26/27	R$ 189,00	TORCEDOR	Primeira Liga (Portugal)	P,M,G,GG,2XG,3XG,4XG	+ R$ 60,00	TORCEDOR,JOGADOR,MANGA_LONGA	torcedor/1785955402211_0.jpg torcedor/1785955402212_1.jpg torcedor/1785955402212_2.jpg torcedor/1785955402213_3.jpg torcedor/1785955402213_4.jpg torcedor/1785955405139_5.jpg torcedor/1785955405139_6.jpg
2d7289fb-c9b0-49d8-bf21-ac9a45ee35b6	Benfica Pre-Match 26/27	R$ 189,00	TORCEDOR	Primeira Liga (Portugal)	P,M,G,GG,2XG,3XG,4XG	+ R$ 60,00	TORCEDOR,CORTA_VENTO	retro/1785955380547_0.jpg retro/1785955380547_1.jpg
07c93a5f-2d07-437c-ab77-e51839e8d655	Benfica Stadium Track Top Red Windbreaker 26/27	R$ 409,00	CORTA VENTO	Primeira Liga (Portugal)	P,M,G,GG,2XG,3XG,4XG	+ R$ 60,00	CORTA_VENTO,TORCEDOR	corta_vento/1790208158386_0.jpg corta_vento/1790208158387_1.jpg corta_vento/1790208158387_2.jpg corta_vento/1790208158387_3.jpg corta_vento/1790208158388_4.jpg
41ff3dff-c892-4bca-9292-a81b8dcaa7f3	Benfica Third Kids 26/27	R$ 199,00	KIDS	Primeira Liga (Portugal)	14,16,18	+ R$ 60,00	KIT_INFANTIL,TORCEDOR	kit_infantil/1789488256403_0.jpg kit_infantil/1789488256404_1.jpg
fb2d5d39-61f1-448e-a605-fa44b394ba4a	Benfica Away Player 26/27	R$ 229,00	JOGADOR	Primeira Liga (Portugal)	P,M,G,GG,2XG,3XG,4XG	+ R$ 60,00	JOGADOR,TORCEDOR	jogador/1785955422308_0.jpg jogador/1785955422308_1.jpg jogador/1785955422309_2.jpg jogador/1785955422309_3.jpg jogador/1785955422309_4.jpg jogador/1785955425555_5.jpg jogador/1785955425556_6.jpg
d62d94dc-6d93-4260-9f5c-2d92c8bce1d7	Benfica Home Long 26/27	R$ 209,00	Benfica Home Long 26/27	Primeira Liga (Portugal)	P,M,G,GG,2XG,3XG,4XG	+ R$ 60,00	MANGA_LONGA,JOGADOR,TORCEDOR	manga_longa/1785955402225_0.jpg manga_longa/1785955402226_1.jpg
21c425cc-4091-4290-95fe-1ccba6b41f16	Benfica Home Player 26/27	R$ 229,00	JOGADOR	Primeira Liga (Portugal)	P,M,G,GG,2XG,3XG,4XG	+ R$ 60,00	JOGADOR,TORCEDOR,MANGA_LONGA	jogador/1785955401938_1.jpg jogador/1785955401938_0.jpg jogador/1785955401939_2.jpg jogador/1785955401939_3.jpg jogador/1785955401939_4.jpg jogador/1785955405475_5.jpg jogador/1785955405475_6.jpg jogador/1785955405476_7.jpg
e6443dec-c2b4-450d-94ba-af100d12d665	Benfica US Pack 25/26	R$ 189,00	TORCEDOR	Primeira Liga (Portugal)	P,M,G,GG,2XG,3XG,4XG	+ R$ 60,00	TORCEDOR	torcedor/1785955366015_0.jpg torcedor/1785955366016_1.jpg torcedor/1785955366016_2.jpg torcedor/1785955366017_3.jpg
e9b742c9-6093-4317-85e3-903dab8617b2	Benfica Home 25/26 Home	R$ 189,00	TORCEDOR	Primeira Liga (Portugal)	P,M,G,GG,2XG,3XG,4XG	+ R$ 60,00	TORCEDOR	torcedor/1785955289871_0.jpg torcedor/1785955289872_1.jpg torcedor/1785955289872_2.jpg
e3d623f1-6023-4994-b710-691604a914c6	Benfica Away Retro 13/14	R$ 229,00	RETRÔ	Primeira Liga (Portugal)	P,M,G,GG,2XG,3XG,4XG	+ R$ 60,00	RETRO	retro/1785955214402_0.jpg retro/1785955214403_1.jpg retro/1785955214403_2.jpg retro/1785955214404_3.jpg retro/1785955214404_4.jpg
ce34d032-bfec-42a8-ac18-ede5acdb4b07	Benfica Home Retro 12/13	R$ 229,00	RETRÔ	Primeira Liga (Portugal)	P,M,G,GG,2XG,3XG,4XG	+ R$ 60,00	RETRO	retro/1785955338168_0.jpg retro/1785955338169_1.jpg
40296ee2-cb52-4eb2-a20d-dd87f042088d	Benfica Home Retro 09/10	R$ 229,00	RETRÔ	Primeira Liga (Portugal)	P,M,G,GG,2XG,3XG,4XG	+ R$ 60,00	RETRO	retro/1785955338741_4.jpg retro/1785955338740_0.jpg retro/1785955338741_1.jpg retro/1785955338741_2.jpg retro/1785955338741_3.jpg
10ed07d1-ffe0-4271-9d8f-dd203f24ecb4	Benfica Away Retro 09/10	R$ 229,00	RETRÔ	Primeira Liga (Portugal)	P,M,G,GG,2XG,3XG,4XG	+ R$ 60,00	RETRO	retro/1785955214653_0.jpg retro/1785955214654_1.jpg retro/1785955214654_2.jpg retro/1785955214654_3.jpg retro/1785955214655_4.jpg retro/1785955217555_5.jpg retro/1785955217556_6.jpg
65d4cc9a-73e0-455b-a92a-41f4498ae8fe	Benfica Home Retro 04/05	R$ 229,00	RETRÔ	Primeira Liga (Portugal)	P,M,G,GG,2XG,3XG,4XG	+ R$ 60,00	RETRO	retro/1785955309797_0.jpg retro/1785955309798_1.jpg retro/1785955309798_2.jpg retro/1785955309799_3.jpg retro/1785955309799_4.jpg retro/1785955312885_5.jpg
b4609cae-eef5-49bf-8264-18961836b45b	Benfica Away Retro 04/05	R$ 229,00	RETRÔ	Primeira Liga (Portugal)	P,M,G,GG,2XG,3XG,4XG	+ R$ 60,00	RETRO	retro/1785955215127_0.jpg retro/1785955215127_1.jpg retro/1785955215128_2.jpg retro/1785955215128_3.jpg retro/1785955215128_4.jpg retro/1785955217913_5.jpg
4890db4e-2dd5-4ca2-b62d-3700a15500b2	Benfica Home Retro 02/03	R$ 229,00	RETRÔ	Primeira Liga (Portugal)	P,M,G,GG,2XG,3XG,4XG	+ R$ 60,00	RETRO	retro/1785955311981_0.jpg retro/1785955311982_1.jpg retro/1785955311982_2.jpg retro/1785955311982_3.jpg retro/1785955311982_4.jpg retro/1785955315397_5.jpg
b9843c2e-73b8-43e0-b08b-40be87b60a62	Benfica Away Retro 02/03	R$ 229,00	RETRÔ	Primeira Liga (Portugal)	P,M,G,GG,2XG,3XG,4XG	+ R$ 60,00	RETRO	retro/1785955215696_0.jpg retro/1785955215697_1.jpg retro/1785955215697_2.jpg retro/1785955215697_3.jpg retro/1785955215698_4.jpg retro/1785955218694_5.jpg retro/1785955218695_6.jpg retro/1785955218695_7.jpg
c6330b07-488a-4f7e-8404-fdf95b0463e1	Benfica Home Retro 98/99	R$ 229,00	RETRÔ	Primeira Liga (Portugal)	P,M,G,GG,2XG,3XG,4XG	+ R$ 60,00	RETRO	retro/1785955357385_0.jpg retro/1785955357386_1.jpg retro/1785955357386_2.jpg retro/1785955357386_3.jpg retro/1785955357387_4.jpg retro/1785955360295_5.jpg retro/1785955360296_6.jpg
fa177406-276d-4a4e-acf6-f1361e88f188	Benfica Away Retro 98/99	R$ 229,00	RETRÔ	Primeira Liga (Portugal)	P,M,G,GG,2XG,3XG,4XG	+ R$ 60,00	RETRO	retro/1785955214449_0.jpg retro/1785955214450_1.jpg retro/1785955214450_2.jpg retro/1785955214450_3.jpg retro/1785955214450_4.jpg retro/1785955218305_5.jpg retro/1785955218306_6.jpg retro/1785955218306_7.jpg
158a247d-c83d-4347-8b4a-ab2216879622	Benfica Home Retro 97/98	R$ 229,00	RETRÔ	Primeira Liga (Portugal)	P,M,G,GG,2XG,3XG,4XG	+ R$ 60,00	RETRO	retro/1785955356963_0.jpg retro/1785955356963_1.jpg retro/1785955356964_2.jpg retro/1785955356964_3.jpg retro/1785955356964_4.jpg retro/1785955359712_5.jpg retro/1785955359712_6.jpg
0281df96-489c-4150-b7ca-2f5f6dd128c0	Benfica European Away 97/98	R$ 229,00	RETRÔ	Primeira Liga (Portugal)	P,M,G,GG,2XG,3XG,4XG	+ R$ 60,00	RETRO	retro/1785955280920_0.jpg retro/1785955280920_1.jpg retro/1785955280921_2.jpg retro/1785955280921_3.jpg retro/1785955280921_4.jpg retro/1785955284040_5.jpg retro/1785955284041_6.jpg
07bde2f2-3ca1-45bf-a121-2ef47d947b13	Benfica Home Retro 92/93	R$ 229,00	RETRÔ	Primeira Liga (Portugal)	P,M,G,GG,2XG,3XG,4XG	+ R$ 60,00	RETRO	retro/1785955356552_4.jpg retro/1785955356551_0.jpg retro/1785955356552_1.jpg retro/1785955356552_2.jpg retro/1785955356552_3.jpg retro/1785955360044_5.jpg
40c9213e-5bd4-477c-badf-595eb185ed96	Benfica Home Retro 73/74	R$ 229,00	RETRÔ	Primeira Liga (Portugal)	P,M,G,GG,2XG,3XG,4XG	+ R$ 60,00	RETRO	retro/1785955338059_0.jpg retro/1785955338059_1.jpg retro/1785955338059_2.jpg retro/1785955338060_3.jpg retro/1785955338060_4.jpg retro/1785955341023_5.jpg
0471a420-7c60-4124-96a9-84be275fa48c	Benfica home 1961	R$ 229,00	RETRÔ		P,M,G,GG,2XG,3XG,4XG	+ R$ 60,00	RETRO	retro/1785955280704_0.jpg retro/1785955280705_1.jpg retro/1785955280705_2.jpg retro/1785955280705_3.jpg retro/1785955280706_4.jpg
17c4fa71-3e6d-45a8-9902-508e983af628	Braga Away 26/27	R$ 189,00	TORCEDOR	Primeira Liga (Portugal)	P,M,G,GG,2XG,3XG,4XG	+ R$ 60,00	TORCEDOR,KIT INFANTIL	torcedor/1789488443907_0.jpg torcedor/1789488443908_1.jpg
4efeb908-d7db-44bb-b8b2-3d9361f473b6	Braga Third 26/27	R$ 189,00	TORCEDOR	Primeira Liga (Portugal)	P,M,G,GG,2XG,3XG,4XG	+ R$ 60,00	TORCEDOR,KIT INFANTIL	torcedor/1788372276204_0.jpg torcedor/1788372276204_1.jpg
f1886a98-ec93-4f6a-8048-2aaca2fed0ff	Braga Away 25/26	R$ 189,00	TORCEDOR	Primeira Liga (Portugal)	P,M,G,GG,2XG,3XG,4XG	+ R$ 60,00	TORCEDOR,KIT_INFANTIL	torcedor/1785947736469_0.jpg torcedor/1785947736470_1.jpg
774788c4-2e0e-4b8a-b709-6da838976949	Braga Home 25/26	R$ 189,00	TORCEDOR	Primeira Liga (Portugal)	P,M,G,GG,2XG,3XG,4XG	+ R$ 60,00	TORCEDOR,KIT_INFANTIL	torcedor/1785947735775_0.jpg torcedor/1785947735776_1.jpg torcedor/1785947735777_2.jpg torcedor/1785947735777_3.jpg
01757f90-e224-4a9c-9f49-3a97766572b5	Braga Third 25/26	R$ 189,00	TORCEDOR	Primeira Liga (Portugal)	P,M,G,GG,2XG,3XG,4XG	+ R$ 60,00	TORCEDOR	kit_infantil/1785947734935_0.jpg kit_infantil/1785947734936_1.jpg
e58ac967-385a-49a2-844c-b0f616f3021c	Braga Away Kids 25/26	R$ 199,00	KIDS	Primeira Liga (Portugal)	14,16,18	+ R$ 60,00	KIT_INFANTIL,TORCEDOR	torcedor/1785947736105_0.jpg torcedor/1785947736105_1.jpg
3d5da2ef-4e68-4195-bed3-52f819f34fc9	Braga Home Kids 25/26	R$ 199,00	KIDS	Primeira Liga (Portugal)	14,16,18	+ R$ 60,00	KIT_INFANTIL,TORCEDOR	kit_infantil/1785947735048_0.jpg kit_infantil/1785947735048_1.jpg
b8399de0-1002-4d74-adef-a32f6ae7e9eb	Famalicao Home 25/26	R$ 189,00	TORCEDOR	Primeira Liga (Portugal)	P,M,G,GG,2XG,3XG,4XG	+ R$ 60,00	TORCEDOR	torcedor/1785947772199_0.jpg torcedor/1785947772200_1.jpg torcedor/1785947772200_2.jpg
704bf7ad-3cac-406e-902b-a568b6494b67	Famalicao Away 25/26	R$ 189,00	TORCEDOR	Primeira Liga (Portugal)	P,M,G,GG,2XG,3XG,4XG	+ R$ 60,00	TORCEDOR	kit_infantil/1785947734915_0.jpg kit_infantil/1785947734916_1.jpg kit_infantil/1785947734917_2.jpg
3db330e2-e10a-4e49-9c26-8e228cd41611	Porto Away 26/27	R$ 189,00	TORCEDOR	Primeira Liga (Portugal)	P,M,G,GG,2XG,3XG,4XG	+ R$ 60,00	TORCEDOR,KIT_INFANTIL,JOGADOR	torcedor/1785955800498_0.jpg torcedor/1785955800498_1.jpg
f14ac77b-3b0f-47c8-adfc-9d45537d4c5a	Porto Home 26/27	R$ 189,00	TORCEDOR	Primeira Liga (Portugal)	P,M,G,GG,2XG,3XG,4XG	+ R$ 60,00	TORCEDOR,KIT_INFANTIL,JOGADOR	retro/1785955733587_0.jpg retro/1785955733588_1.jpg retro/1785955733588_2.jpg retro/1785955733588_3.jpg retro/1785955733589_4.jpg
ed13895d-703f-425c-bfe2-e9815045f13a	Porto Pre-Match 26/27	R$ 189,00	TORCEDOR	Primeira Liga (Portugal)	P,M,G,GG,2XG,3XG,4XG	+ R$ 60,00	TORCEDOR	torcedor/1785955656296_0.jpg torcedor/1785955656297_1.jpg
f60c77e5-3f2d-4544-bcb6-9729e654f90d	Porto President of Presidents 2026	R$ 189,00	TORCEDOR		P,M,G,GG,2XG,3XG,4XG	+ R$ 60,00	TORCEDOR	torcedor/1785955661596_8.jpg torcedor/1785955655807_0.jpg torcedor/1785955655808_1.jpg torcedor/1785955655808_2.jpg torcedor/1785955655808_3.jpg torcedor/1785955655808_4.jpg torcedor/1785955661595_5.jpg torcedor/1785955661595_6.jpg torcedor/1785955661596_7.jpg
e59e1bc0-e373-4086-86c9-6407993c143e	Porto Third 26/27	R$ 189,00	TORCEDOR	Primeira Liga (Portugal)	P,M,G,GG,2XG,3XG,4XG	+ R$ 60,00	TORCEDOR,KIT_INFANTIL,JOGADOR	torcedor/1785955478188_0.jpg torcedor/1785955478189_1.jpg
0203d548-a042-4b9d-af4f-8255ab3f6340	Porto Away Kids 26/27	R$ 199,00	KIDS	Primeira Liga (Portugal)	14,16,18	+ R$ 60,00	KIT_INFANTIL,TORCEDOR,JOGADOR	kit_infantil/1785955800019_0.jpg kit_infantil/1785955800020_1.jpg
d4b0fcbc-6fc9-4cba-b783-953b8e62eaf1	Porto Away Player 26/27	R$ 229,00	JOGADOR	Primeira Liga (Portugal)	P,M,G,GG,2XG,3XG,4XG	+ R$ 60,00	JOGADOR,KIT_INFANTIL,TORCEDOR	jogador/1785955799775_0.jpg jogador/1785955799776_1.jpg jogador/1785955799776_2.jpg jogador/1785955799777_3.jpg jogador/1785955799777_4.jpg jogador/1785955803363_5.jpg jogador/1785955803364_6.jpg
7590ec1f-8763-4c7c-ab2a-f789dd8f32a0	Porto Home Kids 26/27	R$ 199,00	KIDS	Primeira Liga (Portugal)	14,16,18	+ R$ 60,00	KIT_INFANTIL,JOGADOR,TORCEDOR	kit_infantil/1785955764242_0.jpg kit_infantil/1785955764242_1.jpg
ee9aa255-c2d6-4c17-b617-904a61843606	Porto Home Player 26/27	R$ 229,00	JOGADOR	Primeira Liga (Portugal)	P,M,G,GG,2XG,3XG,4XG	+ R$ 60,00	JOGADOR,KIT_INFANTIL,TORCEDOR	jogador/1785955763951_0.jpg jogador/1785955763952_1.jpg jogador/1785955763952_2.jpg jogador/1785955763952_3.jpg jogador/1785955763952_4.jpg jogador/1785955766582_5.jpg
8ce3a955-6400-407d-be3b-82ce8a980dec	Porto Third Kids 26/27	R$ 199,00	KIDS	Primeira Liga (Portugal)	14,16,18	+ R$ 60,00	KIT_INFANTIL,JOGADOR,TORCEDOR	kit_infantil/1785955478139_0.jpg kit_infantil/1785955478140_1.jpg
e4c35efc-cd9d-4e44-98f3-706ffcec1c3d	Porto Third Player 26/27	R$ 229,00	JOGADOR	Primeira Liga (Portugal)	P,M,G,GG,2XG,3XG,4XG	+ R$ 60,00	JOGADOR,KIT_INFANTIL,TORCEDOR	jogador/1785955478125_0.jpg jogador/1785955478126_1.jpg jogador/1785955478126_2.jpg jogador/1785955478127_3.jpg jogador/1785955478127_4.jpg jogador/1785955481248_5.jpg jogador/1785955481249_6.jpg
ece0a2ea-6c7a-40ae-b9be-76fd59f2b4e8	Porto Home Retro 17/18	R$ 229,00	RETRÔ	Primeira Liga (Portugal)	P,M,G,GG,2XG,3XG,4XG	+ R$ 60,00	RETRO	retro/1785955606845_0.jpg retro/1785955606846_1.jpg retro/1785955606846_2.jpg retro/1785955606846_3.jpg
ea4e4b70-cfe1-4bb3-8aa8-e644ead410c6	Porto Home Retro 14/15	R$ 229,00	RETRÔ	Primeira Liga (Portugal)	P,M,G,GG,2XG,3XG,4XG	+ R$ 60,00	RETRO	retro/1785955609126_0.jpg retro/1785955609127_1.jpg retro/1785955609127_2.jpg retro/1785955609127_3.jpg retro/1785955609128_4.jpg
81bd331c-8e0c-495d-9416-595ba003a0fe	Porto Home Retro 13/14	R$ 229,00	RETRÔ	Primeira Liga (Portugal)	P,M,G,GG,2XG,3XG,4XG	+ R$ 60,00	RETRO	retro/1785955614268_6.jpg retro/1785955611470_0.jpg retro/1785955611471_1.jpg retro/1785955611471_2.jpg retro/1785955611471_3.jpg retro/1785955611472_4.jpg retro/1785955614267_5.jpg
11a492a6-f88c-4201-a738-678b7a23ff79	Porto Away Retro 11/12	R$ 229,00	RETRÔ	Primeira Liga (Portugal)	P,M,G,GG,2XG,3XG,4XG	+ R$ 60,00	RETRO	retro/1785955734514_0.jpg retro/1785955734515_1.jpg retro/1785955734515_2.jpg retro/1785955734515_3.jpg retro/1785955734515_4.jpg retro/1785955740414_5.jpg retro/1785955740415_6.jpg
e5158df2-2dd6-44d3-a104-396239d1d9b0	Porto Home Retro 10/11	R$ 229,00	RETRÔ	Primeira Liga (Portugal)	P,M,G,GG,2XG,3XG,4XG	+ R$ 60,00	RETRO	retro/1785955612319_0.jpg retro/1785955612320_1.jpg retro/1785955612320_2.jpg retro/1785955612320_3.jpg retro/1785955612320_4.jpg retro/1785955615107_5.jpg retro/1785955615108_6.jpg
18e08fb9-312c-431e-83cc-4cf262b4ace8	Porto Home Retro 09/10	R$ 229,00	RETRÔ	Primeira Liga (Portugal)	P,M,G,GG,2XG,3XG,4XG	+ R$ 60,00	RETRO	retro/1785955616064_5.jpg retro/1785955612864_0.jpg retro/1785955612865_1.jpg retro/1785955612865_2.jpg retro/1785955612865_3.jpg retro/1785955612865_4.jpg retro/1785955616065_6.jpg
f0d726cc-cb5d-4dd8-8c31-e5b12d503ce4	Porto Home Champions Version Retro 03/04	R$ 229,00	RETRÔ	Primeira Liga (Portugal)	P,M,G,GG,2XG,3XG,4XG	+ R$ 60,00	RETRO	retro/1785955771649_0.jpg retro/1785955771649_1.jpg retro/1785955771650_2.jpg retro/1785955771650_3.jpg retro/1785955771650_4.jpg retro/1785955777388_5.jpg
0bb6b6f4-7420-41e1-b4d4-5a2c67a9b025	Porto Away Retro 01/02	R$ 229,00	RETRÔ	Primeira Liga (Portugal)	P,M,G,GG,2XG,3XG,4XG	+ R$ 60,00	RETRO	retro/1785955735234_0.jpg retro/1785955735234_1.jpg retro/1785955735235_2.jpg retro/1785955735235_3.jpg retro/1785955735235_4.jpg
e4058d5e-4359-4934-abac-219cd9285636	Porto Home Retro 99	R$ 229,00	RETRÔ		P,M,G,GG,2XG,3XG,4XG	+ R$ 60,00	RETRO	retro/1785955628305_0.jpg retro/1785955628306_1.jpg retro/1785955628306_2.jpg retro/1785955628306_3.jpg retro/1785955628306_4.jpg retro/1785955632330_5.jpg retro/1785955632331_6.jpg
d72f43e6-56c7-45ab-9fce-6cc9a2d5b810	Porto Home Retro 97/99	R$ 229,00	RETRÔ	Primeira Liga (Portugal)	P,M,G,GG,2XG,3XG,4XG	+ R$ 60,00	RETRO	retro/1785955604324_0.jpg retro/1785955604325_1.jpg retro/1785955604325_2.jpg retro/1785955604325_3.jpg retro/1785955604325_4.jpg retro/1785955607188_5.jpg retro/1785955607189_6.jpg retro/1785955607189_7.jpg
08e11278-44fb-44d4-93af-c1fcb4474384	Porto Home Retro 95/97	R$ 229,00	RETRÔ	Primeira Liga (Portugal)	P,M,G,GG,2XG,3XG,4XG	+ R$ 60,00	RETRO	retro/1785955604929_0.jpg retro/1785955604929_1.jpg retro/1785955604929_2.jpg retro/1785955604930_3.jpg retro/1785955604930_4.jpg retro/1785955607825_5.jpg retro/1785955607826_6.jpg retro/1785955607826_7.jpg
57bd552b-0453-40b7-9f5a-b3beaa29e943	Porto Home Retro 94/95	R$ 229,00	RETRÔ	Primeira Liga (Portugal)	P,M,G,GG,2XG,3XG,4XG	+ R$ 60,00	RETRO	retro/1785955605108_0.jpg retro/1785955605109_1.jpg
d3b65585-da8f-4e83-be3e-922596ab3129	Porto Home Retro 86/87	R$ 229,00	RETRÔ	Primeira Liga (Portugal)	P,M,G,GG,2XG,3XG,4XG	+ R$ 60,00	RETRO	retro/1785955605572_0.jpg retro/1785955605572_1.jpg retro/1785955605573_2.jpg retro/1785955605573_3.jpg retro/1785955605573_4.jpg retro/1785955609016_5.jpg retro/1785955609017_6.jpg
19e334ab-5d86-485f-be46-a3fad6681cda	Porto Away Retro 85/86	R$ 229,00	RETRÔ	Primeira Liga (Portugal)	P,M,G,GG,2XG,3XG,4XG	+ R$ 60,00	RETRO	retro/1785955733947_0.jpg retro/1785955733947_1.jpg
a256b1bb-f5d5-42bb-9da6-f730fcfb7f0a	Sporting CP Lisbon Goalkeeper	R$ 189,00	TORCEDOR		P,M,G,GG,2XG,3XG,4XG	+ R$ 60,00	TORCEDOR,KIT_INFANTIL	torcedor/1790208205957_0.png torcedor/1790208205958_1.png
8aba79a3-ec7a-4061-a796-10aef1738422	Sporting CP Lisbon 120 Years Anniversary 26/27	R$ 189,00	TORCEDOR	Primeira Liga (Portugal)	P,M,G,GG,2XG,3XG,4XG	+ R$ 60,00	TORCEDOR,KIT_INFANTIL	torcedor/1790208205778_0.jpg torcedor/1790208205779_1.jpg torcedor/1790208205779_2.jpg torcedor/1790208205779_3.jpg
34870b0b-2cd6-40bb-a120-714513133f81	Sporting CP Lisbon Home 26/27	R$ 189,00	TORCEDOR	Primeira Liga (Portugal)	P,M,G,GG,2XG,3XG,4XG	+ R$ 60,00	TORCEDOR	torcedor/1785948488846_0.jpg torcedor/1785948488846_1.jpg
1a0582a3-5de9-4274-a8e2-afb8701647fc	Sporting CP Lisbon Away Total 90	R$ 189,00	TORCEDOR		P,M,G,GG,2XG,3XG,4XG	+ R$ 60,00	TORCEDOR,KIT_INFANTIL	torcedor/1785948467879_0.jpg torcedor/1785948467880_1.jpg
5beec335-ffc3-41c8-8311-68a66ad3f158	Sporting CP Lisbon 120 Years Anniversary Kids 26/27	R$ 199,00	KIDS	Primeira Liga (Portugal)	14,16,18	+ R$ 60,00	KIT_INFANTIL,TORCEDOR	kit_infantil/1789041100926_0.jpg kit_infantil/1789041100927_1.jpg
a32c25ab-f86a-44f6-afde-45dc8d86bd4b	Sporting CP Lisbon Away Total 90 Gold Kids 26/27	R$ 199,00	KIDS	Primeira Liga (Portugal)	14,16,18	+ R$ 60,00	KIT_INFANTIL,TORCEDOR	kit_infantil/1789041100643_0.jpg kit_infantil/1789041100644_1.jpg
f050cb84-a977-4518-a86f-eb19d28d5bb2	Sporting CP Lisbon Away 25/26	R$ 189,00	TORCEDOR	Primeira Liga (Portugal)	P,M,G,GG,2XG,3XG,4XG	+ R$ 60,00	TORCEDOR,JOGADOR,KIT_INFANTIL	torcedor/1785948390970_1.jpg torcedor/1785948390970_0.jpg torcedor/1785948390970_2.jpg
4f400cc0-7757-481f-b9a3-132bac74ab05	Sporting CP Lisbon Home 25/26	R$ 189,00	TORCEDOR	Primeira Liga (Portugal)	P,M,G,GG,2XG,3XG,4XG	+ R$ 60,00	TORCEDOR,JOGADOR	torcedor/1785948374534_0.jpg torcedor/1785948374537_1.jpg torcedor/1785948374537_2.jpg torcedor/1785948374537_3.jpg torcedor/1785948374537_4.jpg torcedor/1785948377857_5.jpg torcedor/1785948377858_6.jpg torcedor/1785948377858_7.jpg
5f65778a-eeb9-4384-9e48-c9640e2e6ea9	Sporting CP Lisbon Away White 25/26	R$ 189,00	TORCEDOR	Primeira Liga (Portugal)	P,M,G,GG,2XG,3XG,4XG	+ R$ 60,00	TORCEDOR,JOGADOR,KIT_INFANTIL	torcedor/1785948374499_0.jpg torcedor/1785948374499_1.jpg
e256294e-c382-4a80-8a18-36aef89c24cd	Sporting CP Lisbon Pre-Match 25/26	R$ 189,00	TORCEDOR	Primeira Liga (Portugal)	P,M,G,GG,2XG,3XG,4XG	+ R$ 60,00	TORCEDOR,CORTA_VENTO	torcedor/1785948302890_0.jpg torcedor/1785948302891_1.jpg
83fb702f-7cdf-4a38-82e8-73900120ca13	Sporting CP Lisbon Third 25/26	R$ 189,00	TORCEDOR	Primeira Liga (Portugal)	P,M,G,GG,2XG,3XG,4XG	+ R$ 60,00	TORCEDOR	torcedor/1785948302635_0.jpg torcedor/1785948302636_1.jpg torcedor/1785948302636_2.jpg
cab156fe-ce2b-4cd3-9965-ca8d8a1bd8a2	Sporting CP Lisbon Training 25/26	R$ 189,00	TORCEDOR	Primeira Liga (Portugal)	P,M,G,GG,2XG,3XG,4XG	+ R$ 60,00	TORCEDOR,CORTA_VENTO	torcedor/1785948208234_0.jpg torcedor/1785948208234_1.jpg
ef86353b-74ec-40ab-ae46-ccaf97be433f	Sporting CP Lisbon Windbreaker 25/26	R$ 409,00	CORTA VENTO	Primeira Liga (Portugal)	P,M,G,GG,2XG,3XG,4XG	+ R$ 60,00	CORTA_VENTO,TORCEDOR	corta_vento/1789488286705_0.jpg corta_vento/1789488286706_1.jpg corta_vento/1789488286706_2.jpg corta_vento/1789488286706_3.jpg corta_vento/1789488286706_4.jpg
6b7cb3a0-ca07-4e91-8d80-5007f6533e08	Sporting CP Lisbon Away	R$ 229,00	JOGADOR		P,M,G,GG,2XG,3XG,4XG	+ R$ 60,00	JOGADOR,TORCEDOR,KIT_INFANTIL	jogador/1785948429649_0.jpg jogador/1785948429649_1.jpg jogador/1785948429650_2.jpg jogador/1785948429650_3.jpg jogador/1785948429650_4.jpg
1a50002b-0f4e-4c45-98a9-cdf7532ad6e0	Sporting CP Lisbon Away Black 25/26	R$ 229,00	JOGADOR	Primeira Liga (Portugal)	P,M,G,GG,2XG,3XG,4XG	+ R$ 60,00	JOGADOR,TORCEDOR,KIT_INFANTIL	jogador/1785948375820_0.jpg jogador/1785948375820_1.jpg jogador/1785948375821_2.jpg jogador/1785948375821_3.jpg
ec83ec0e-b170-4de4-810a-3aa918a0a9bd	Sporting CP Lisbon Away Black Kids 25/26	R$ 199,00	KIDS	Primeira Liga (Portugal)	14,16,18	+ R$ 60,00	KIT_INFANTIL,JOGADOR,TORCEDOR	kit_infantil/1785948375263_0.jpg kit_infantil/1785948375264_1.jpg
c408de4c-0514-434d-aa83-4834cbf3a48a	Sporting CP Lisbon Away Kids 25/26	R$ 199,00	KIDS	Primeira Liga (Portugal)	14,16,18	+ R$ 60,00	KIT_INFANTIL,JOGADOR,TORCEDOR	kit_infantil/1785948375084_0.jpg kit_infantil/1785948375085_1.jpg
dc06fcf6-e9dc-41fe-820f-8b66f0c09e23	Sporting CP Lisbon Home Player 25/26	R$ 229,00	JOGADOR	Primeira Liga (Portugal)	P,M,G,GG,2XG,3XG,4XG	+ R$ 60,00	JOGADOR,TORCEDOR	retro/1785948305408_0.jpg retro/1785948305409_1.jpg retro/1785948305409_2.jpg retro/1785948305410_3.jpg retro/1785948305410_4.jpg
85a53f62-47ee-4ca6-9461-650b56c65df1	Sporting CP Lisbon Gray Windbreaker 25/26	R$ 409,00	CORTA VENTO	Primeira Liga (Portugal)	P,M,G,GG,2XG,3XG,4XG	+ R$ 60,00	CORTA_VENTO,TORCEDOR	corta_vento/1785948210275_0.jpg corta_vento/1785948210275_1.jpg corta_vento/1785948210276_2.jpg corta_vento/1785948210276_3.jpg
6413b481-60f6-4a2b-b202-6e9b60f09f5e	Sporting CP home Lisbon 24/25	R$ 189,00	TORCEDOR	Primeira Liga (Portugal)	P,M,G,GG,2XG,3XG,4XG	+ R$ 60,00	TORCEDOR	torcedor/1785948409271_0.jpg torcedor/1785948409272_1.jpg torcedor/1785948409272_2.jpg torcedor/1785948409272_3.jpg
c65005fd-74ff-497a-a063-8bbae7bd8382	Sporting CP Lisbon Home Retro 18/19	R$ 229,00	RETRÔ	Primeira Liga (Portugal)	P,M,G,GG,2XG,3XG,4XG	+ R$ 60,00	RETRO	retro/1785948307619_6.jpg retro/1785948303821_0.jpg retro/1785948303822_1.jpg retro/1785948303822_2.jpg retro/1785948303823_3.jpg retro/1785948303823_4.jpg retro/1785948307618_5.jpg
fd849133-ff8e-4683-b7c8-49addfe96404	Sporting CP Lisbon Home Retro 03/04	R$ 229,00	RETRÔ	Primeira Liga (Portugal)	P,M,G,GG,2XG,3XG,4XG	+ R$ 60,00	RETRO	retro/1785948304335_0.jpg retro/1785948304335_1.jpg retro/1785948304335_2.jpg retro/1785948304336_3.jpg retro/1785948304336_4.jpg retro/1785948307652_5.jpg retro/1785948307653_6.jpg retro/1785948307653_7.jpg retro/1785948307653_8.jpg
361cc107-ec83-4ed4-b78c-ab5ed3ab503c	Sporting CP Lisbon Track Windbreaker 02/03	R$ 409,00	CORTA VENTO	Primeira Liga (Portugal)	P,M,G,GG,2XG,3XG,4XG	+ R$ 60,00	CORTA_VENTO,RETRO	corta_vento/1785948302583_0.jpg corta_vento/1785948302584_1.jpg corta_vento/1785948302584_2.jpg corta_vento/1785948302585_3.jpg corta_vento/1785948302585_4.jpg
71e2047d-7183-439d-8dd2-e44a88ca44cc	Sporting Lisbon Third Retro 02/03	R$ 229,00	RETRÔ	Primeira Liga (Portugal)	P,M,G,GG,2XG,3XG,4XG	+ R$ 60,00	RETRO	retro/1785948209762_0.jpg retro/1785948209763_1.jpg retro/1785948209763_2.jpg retro/1785948209763_3.jpg
ee1b3570-9ed7-44e3-bff8-12c68d2192d3	Sporting Lisbon RONALDO Tribute Version Retro 02/03	R$ 229,00	RETRÔ	Primeira Liga (Portugal)	P,M,G,GG,2XG,3XG,4XG	+ R$ 60,00	RETRO,CORTA_VENTO	retro/1785948209303_0.jpg retro/1785948209304_1.jpg retro/1785948209304_2.jpg retro/1785948209304_3.jpg retro/1785948209304_4.jpg retro/1785948212803_5.jpg
ef1f0414-903a-4f3f-89ba-825f1a531ef3	Sporting Lisbon Home Retro 02/03	R$ 229,00	RETRÔ	Primeira Liga (Portugal)	P,M,G,GG,2XG,3XG,4XG	+ R$ 60,00	RETRO	retro/1785948208832_0.jpg retro/1785948208832_1.jpg retro/1785948208833_2.jpg retro/1785948208833_3.jpg retro/1785948208833_4.jpg retro/1785948213011_5.jpg retro/1785948213012_6.jpg retro/1785948213012_7.jpg
3e3f2fe2-c065-41bc-ac8a-8c6c847966ea	Sporting Lisbon Away Retro 02/03	R$ 229,00	RETRÔ	Primeira Liga (Portugal)	P,M,G,GG,2XG,3XG,4XG	+ R$ 60,00	RETRO	retro/1785948208658_0.jpg retro/1785948208659_1.jpg retro/1785948208660_2.jpg retro/1785948208660_3.jpg
d288ef30-61f0-4e7d-b008-b282d02f2ab1	Lisbon Home Long Sleeve Retro 02/03	R$ 229,00	MANGA LONGA	Primeira Liga (Portugal)	P,M,G,GG,2XG,3XG,4XG	+ R$ 60,00	RETRO	retro/1785947772128_0.jpg retro/1785947772129_1.jpg retro/1785947772129_2.jpg retro/1785947772130_3.jpg retro/1785947772130_4.jpg
52883b27-c1cc-44c6-8b77-cd21d34337c2	Sporting CP Lisbon Home Retro 01/02	R$ 229,00	RETRÔ	Primeira Liga (Portugal)	P,M,G,GG,2XG,3XG,4XG	+ R$ 60,00	RETRO	retro/1785948304543_0.jpg retro/1785948304543_1.jpg retro/1785948304544_2.jpg retro/1785948304544_3.jpg retro/1785948304544_4.jpg
cf624659-8d38-4e2d-aa86-79ea7e93b5fb	Sporting CP Lisbon Home Retro 00/01	R$ 229,00	RETRÔ	Primeira Liga (Portugal)	P,M,G,GG,2XG,3XG,4XG	+ R$ 60,00	RETRO	retro/1785948304998_0.jpg retro/1785948304999_1.jpg retro/1785948304999_2.jpg retro/1785948305000_3.jpg retro/1785948305000_4.jpg
041995ac-c9aa-44ee-9f98-ec156654c23e	Sporting CP Lisbon Training Retro 00/01	R$ 229,00	RETRÔ	Primeira Liga (Portugal)	P,M,G,GG,2XG,3XG,4XG	+ R$ 60,00	RETRO	retro/1785948208473_0.jpg retro/1785948208473_1.jpg retro/1785948208473_2.jpg retro/1785948208474_3.jpg
8ebf69c9-49a3-4412-ac63-bf239911e8df	Sporting CP Lisbon Away Retro 94/95	R$ 229,00	RETRÔ	Primeira Liga (Portugal)	P,M,G,GG,2XG,3XG,4XG	+ R$ 60,00	RETRO	retro/1785948467804_0.jpg retro/1785948467804_1.jpg retro/1785948467805_2.jpg retro/1785948467805_3.jpg retro/1785948467805_4.jpg
bd951a7c-7e23-4605-9201-bfb6a9556f91	Sporting CP Lisbon Home Retro 94/95	R$ 229,00	RETRÔ	Primeira Liga (Portugal)	P,M,G,GG,2XG,3XG,4XG	+ R$ 60,00	RETRO	retro/1785948307106_5.jpg retro/1785948303734_0.jpg retro/1785948303735_1.jpg retro/1785948303735_2.jpg retro/1785948303736_3.jpg retro/1785948303736_4.jpg
db695b84-9b2a-4982-9a29-d284e80595a7	Vitoria SC Away 26/27	R$ 189,00	TORCEDOR	Primeira Liga (Portugal)	P,M,G,GG,2XG,3XG,4XG	+ R$ 60,00	TORCEDOR,KIT_INFANTIL	torcedor/1789488518842_0.jpg torcedor/1789488518842_1.jpg torcedor/1789488518842_2.jpg
5a1ee8e3-5a38-408a-8362-131e2b1dc83a	Vitoria SC Home way 26/27	R$ 189,00	TORCEDOR	Primeira Liga (Portugal)	P,M,G,GG,2XG,3XG,4XG	+ R$ 60,00	TORCEDOR	torcedor/1789488517869_0.jpg torcedor/1789488517870_1.jpg torcedor/1789488517870_2.jpg
4b328068-630a-42fa-a5bb-46ca0444e392	Vitoria SC Away Kids 26/27	R$ 199,00	KIDS	Primeira Liga (Portugal)	14,16,18	+ R$ 60,00	KIT_INFANTIL,TORCEDOR	kit_infantil/1789488518538_0.jpg kit_infantil/1789488518538_1.jpg
5e567cda-367e-4c5a-9b2c-262a62a24652	Vitoria SC Away 25/26	R$ 189,00	TORCEDOR	Primeira Liga (Portugal)	P,M,G,GG,2XG,3XG,4XG	+ R$ 60,00	TORCEDOR,KIT_INFANTIL	torcedor/1785948144200_0.jpg torcedor/1785948144201_1.jpg torcedor/1785948144201_2.jpg
6e4ddca7-3229-4679-9dd2-89d0ee2df842	Vitoria SC Home 25/26	R$ 189,00	TORCEDOR	Primeira Liga (Portugal)	P,M,G,GG,2XG,3XG,4XG	+ R$ 60,00	TORCEDOR,KIT_INFANTIL	torcedor/1785948143474_0.jpg torcedor/1785948143474_1.jpg
a0e05bbb-e35d-478f-94cf-4af6c15bd321	Vitoria SC Away Kids 25/26	R$ 199,00	KIDS	Primeira Liga (Portugal)	14,16,18	+ R$ 60,00	KIT_INFANTIL,TORCEDOR	kit_infantil/1785948143879_0.jpg kit_infantil/1785948143879_1.jpg
f9e08e86-f6b7-43de-b07f-a7508202d32e	Vitoria SC Home Kids 25/26	R$ 199,00	KIDS	Primeira Liga (Portugal)	14,16,18	+ R$ 60,00	KIT_INFANTIL,TORCEDOR	kit_infantil/1785948143473_0.jpg kit_infantil/1785948143473_1.jpg kit_infantil/1785948143474_2.jpg kit_infantil/1785948143474_3.jpg kit_infantil/1785948143474_4.jpg
c8d322a2-8f26-4681-aa2c-a88bf8b42292	Charlotte FC Home 26/27	R$ 189,00	TORCEDOR	Major League Soccer - MLS (EUA / Canadá)	P,M,G,GG,2XG,3XG,4XG	+ R$ 60,00	TORCEDOR,KIT_INFANTIL	torcedor/1787152495661_0.jpg torcedor/1787152495661_1.jpg
f73d8a63-ed65-440b-8fd8-ecb40aaaf9af	Charlotte FC Home Kids 26/27	R$ 199,00	KIDS	Major League Soccer - MLS (EUA / Canadá)	14,16,18	+ R$ 60,00	KIT_INFANTIL,TORCEDOR	kit_infantil/1787152495197_0.jpg kit_infantil/1787152495198_1.jpg
83f56207-09cf-4fa1-b11e-df2ced42c583	Chicago Fire Home 26/27	R$ 189,00	TORCEDOR	Major League Soccer - MLS (EUA / Canadá)	P,M,G,GG,2XG,3XG,4XG	+ R$ 60,00	TORCEDOR,KIT_INFANTIL	torcedor/1787152494230_0.jpg torcedor/1787152494230_1.jpg
9b674ae3-2960-4306-8a7c-5ca37b47145f	Chicago Fire Home Kids 26/27	R$ 199,00	KIDS	Major League Soccer - MLS (EUA / Canadá)	14,16,18	+ R$ 60,00	KIT_INFANTIL,TORCEDOR	kit_infantil/1787152494155_0.jpg kit_infantil/1787152494156_1.jpg
ebd37ce3-aaa8-40b2-a346-acfd07376547	Chicago Fire Away Retro 98/99	R$ 229,00	RETRÔ	Major League Soccer - MLS (EUA / Canadá)	P,M,G,GG,2XG,3XG,4XG	+ R$ 60,00	RETRO	retro/1787152494884_0.jpg retro/1787152494885_1.jpg
0fcc5849-5a47-483b-a711-2d09d692a915	Cincinnati Away Soccer 26/27	R$ 189,00	TORCEDOR	Major League Soccer - MLS (EUA / Canadá)	P,M,G,GG,2XG,3XG,4XG	+ R$ 60,00	TORCEDOR,KIT_INFANTIL	torcedor/1787152461961_0.jpg torcedor/1787152461962_1.jpg torcedor/1787152461962_2.jpg torcedor/1787152461962_3.jpg
aac75437-b68d-4d61-8c01-5b1ca782bf7b	Cincinnati Away Kids 26/27	R$ 199,00	KIDS	Major League Soccer - MLS (EUA / Canadá)	14,16,18	+ R$ 60,00	KIT_INFANTIL,TORCEDOR	kit_infantil/1787152456074_0.jpg kit_infantil/1787152456075_1.jpg kit_infantil/1787152456075_2.jpg
15a9e142-daf2-4caf-9990-f0bb851d9e5c	DC United Home 2006	R$ 189,00	TORCEDOR	Major League Soccer - MLS (EUA 	P,M,G,GG,2XG,3XG,4XG	+ R$ 60,00	TORCEDOR	torcedor/1787152461487_0.jpg torcedor/1787152461487_1.jpg
a5e8ec65-deba-472a-b3d7-e1845365c24a	Inter Miami Home 26/27	R$ 189,00	TORCEDOR	Major League Soccer - MLS (EUA / Canadá)	P,M,G,GG,2XG,3XG,4XG	+ R$ 60,00	TORCEDOR	torcedor/1787152460487_0.jpg torcedor/1787152460488_1.jpg
742150fe-e3ba-4f3f-be1e-83f5f63e4adc	Inter Miami Third 26/27	R$ 189,00	TORCEDOR	Major League Soccer - MLS (EUA / Canadá)	P,M,G,GG,2XG,3XG,4XG	+ R$ 60,00	TORCEDOR	torcedor/1787152458985_0.jpg torcedor/1787152458986_1.jpg
34da5b67-3cd3-4cb9-a6f2-2abd6dc329d2	Camisa Inter Miami Away Fan	R$ 189,00	TORCEDOR	Major League Soccer - MLS (EUA 	P,M,G,GG,2XG,3XG,4XG	+ R$ 60,00	TORCEDOR,KIT_INFANTIL,JOGADOR	torcedor/1783426011040_13.jpg torcedor/1783426003870_0.jpg torcedor/1783426003871_1.jpg torcedor/1783426003871_2.jpg torcedor/1783426003871_3.jpg torcedor/1783426003872_4.jpg torcedor/1783426007162_5.jpg torcedor/1783426007163_6.jpg torcedor/1783426007163_7.jpg torcedor/1783426007163_8.jpg torcedor/1783426007163_9.jpg torcedor/1783426011039_10.jpg torcedor/1783426011040_11.jpg torcedor/1783426011040_12.jpg torcedor/1783426011040_14.jpg torcedor/1783426014247_15.jpg torcedor/1783426014248_16.jpg torcedor/1783426014248_17.jpg torcedor/1783426014248_18.jpg torcedor/1783426014249_19.jpg
fdcb27d7-e759-45df-a24e-1a0cfb0c0823	Camisa Inter Miami Away Player 26/27	R$ 229,00	JOGADOR	Major League Soccer - MLS (EUA / Canadá)	P,M,G,GG,2XG,3XG,4XG	+ R$ 60,00	JOGADOR,TORCEDOR,KIT_INFANTIL	jogador/1783426070796_14.jpg jogador/1783426064179_0.jpg jogador/1783426064180_1.jpg jogador/1783426064180_2.jpg jogador/1783426064180_3.jpg jogador/1783426064180_4.jpg jogador/1783426067331_5.jpg jogador/1783426067332_6.jpg jogador/1783426067332_7.jpg jogador/1783426067333_8.jpg jogador/1783426067333_9.jpg jogador/1783426070794_10.jpg jogador/1783426070795_11.jpg jogador/1783426070795_12.jpg jogador/1783426070795_13.jpg jogador/1783426073954_15.jpg jogador/1783426073955_16.jpg jogador/1783426073955_17.jpg jogador/1783426073955_18.jpg jogador/1783426073956_19.jpg jogador/1783426077153_20.jpg jogador/1783426077154_21.jpg jogador/1783426077154_22.jpg
c7e49c79-2528-4fdd-b09b-d8a8a1af7626	Camisa Inter Miami Away Kids 26/27	R$ 199,00	KIDS	Major League Soccer - MLS (EUA / Canadá)	14,16,18	+ R$ 60,00	KIT_INFANTIL,TORCEDOR,JOGADOR	kit_infantil/1783426040040_5.jpg kit_infantil/1783426035104_0.jpg kit_infantil/1783426035105_1.jpg kit_infantil/1783426035106_2.jpg kit_infantil/1783426035106_3.jpg kit_infantil/1783426035106_4.jpg kit_infantil/1783426040041_6.jpg kit_infantil/1783426040041_7.jpg kit_infantil/1783426040041_8.jpg kit_infantil/1783426040042_9.jpg kit_infantil/1783426043461_10.jpg kit_infantil/1783426043461_11.jpg kit_infantil/1783426043462_12.jpg kit_infantil/1783426043462_13.jpg kit_infantil/1783426043462_14.jpg kit_infantil/1783426047057_15.jpg kit_infantil/1783426047058_16.jpg kit_infantil/1783426047058_17.jpg kit_infantil/1783426047059_18.jpg kit_infantil/1783426047059_19.jpg kit_infantil/1783426051307_20.jpg kit_infantil/1783426051308_21.jpg kit_infantil/1783426051308_22.jpg kit_infantil/1783426051309_23.jpg kit_infantil/1783426051309_24.jpg kit_infantil/1783426055545_25.jpg kit_infantil/1783426055546_26.jpg
aedfac7e-8d3b-4cea-ac30-9159ad2dd969	Inter Miami Third 24/25	R$ 189,00	TORCEDOR	Major League Soccer - MLS (EUA / Canadá)	P,M,G,GG,2XG,3XG,4XG	+ R$ 60,00	TORCEDOR	torcedor/1787152459555_0.jpg torcedor/1787152459555_1.jpg torcedor/1787152459556_2.jpg torcedor/1787152459556_3.jpg torcedor/1787152459556_4.jpg
0fbcf7a0-4d25-4f31-a3ed-e3e846481e6e	Los Angeles FC Home 26/27	R$ 189,00	TORCEDOR	Major League Soccer - MLS (EUA / Canadá)	P,M,G,GG,2XG,3XG,4XG	+ R$ 60,00	TORCEDOR,JOGADOR	torcedor/1787152467386_0.jpg torcedor/1787152467386_1.jpg torcedor/1787152467387_2.jpg torcedor/1787152467387_3.jpg torcedor/1787152467387_4.jpg
aaf685a9-649d-4f23-b285-7b654713ced5	Los Angeles FC Home Player 26/27	R$ 229,00	JOGADOR	Major League Soccer - MLS (EUA / Canadá)	P,M,G,GG,2XG,3XG,4XG	+ R$ 60,00	JOGADOR,TORCEDOR	jogador/1787152466927_0.jpg jogador/1787152466928_1.jpg jogador/1787152466928_2.jpg jogador/1787152466928_3.jpg jogador/1787152466929_4.jpg
28797bbb-f6d0-4988-8b50-1e3ea6905bd2	La Galaxy Home 26/27	R$ 189,00	TORCEDOR	Major League Soccer - MLS (EUA / Canadá)	P,M,G,GG,2XG,3XG,4XG	+ R$ 60,00	TORCEDOR,KIT_INFANTIL,JOGADOR	torcedor/1787152458046_0.jpg torcedor/1787152458047_1.jpg torcedor/1787152458047_2.jpg torcedor/1787152458047_3.jpg torcedor/1787152458047_4.jpg torcedor/1787152461354_5.jpg
d3fbccaa-5111-4c8e-964c-6580063c3579	La Galaxy Home Player 26/27	R$ 229,00	JOGADOR	Major League Soccer - MLS (EUA / Canadá)	P,M,G,GG,2XG,3XG,4XG	+ R$ 60,00	JOGADOR,TORCEDOR,KIT_INFANTIL	jogador/1787152464358_1.jpg jogador/1787152464357_0.jpg jogador/1787152464358_2.jpg jogador/1787152464358_3.jpg jogador/1787152464358_4.jpg jogador/1787152467392_5.jpg jogador/1787152467393_6.jpg
c7a5d8c6-d50f-4268-aa88-8dc8d3f10c13	La Galaxy Home Kids 26/27	R$ 199,00	KIDS	Major League Soccer - MLS (EUA / Canadá)	14,16,18	+ R$ 60,00	KIT_INFANTIL,TORCEDOR,JOGADOR	kit_infantil/1787152457890_0.jpg kit_infantil/1787152457890_1.jpg
6722602b-5af5-498d-8d61-a0c6137c032e	LA Galaxy Home Retro 2012	R$ 229,00	RETRÔ	Major League Soccer - MLS (EUA 	P,M,G,GG,2XG,3XG,4XG	+ R$ 60,00	RETRO	retro/1787152465491_0.jpg retro/1787152465492_1.jpg retro/1787152465492_2.jpg retro/1787152465492_3.jpg retro/1787152465492_4.jpg
ce7a25b6-56e7-467a-a6a1-c1482df5a94a	La Galaxy home long sleeve Retro 12/13	R$ 229,00	RETRÔ	Major League Soccer - MLS (EUA / Canadá)	P,M,G,GG,2XG,3XG,4XG	+ R$ 60,00	RETRO	manga_longa/1787152463663_0.jpg manga_longa/1787152463664_1.jpg
51457344-06b6-4604-b555-7ccb92fb4a8f	Galaxy away 11/12	R$ 229,00	RETRÔ	Major League Soccer - MLS (EUA / Canadá)	P,M,G,GG,2XG,3XG,4XG	+ R$ 60,00	RETRO	retro/1787152464278_5.jpg retro/1787152461534_0.jpg retro/1787152461535_1.jpg retro/1787152461535_2.jpg retro/1787152461535_3.jpg retro/1787152461536_4.jpg
e744d95c-3d2b-4bfe-b7ae-757830607372	LA Galaxy home Retro 07/08	R$ 229,00	RETRÔ	Major League Soccer - MLS (EUA / Canadá)	P,M,G,GG,2XG,3XG,4XG	+ R$ 60,00	RETRO	retro/1787152465137_0.jpg retro/1787152465138_1.jpg retro/1787152465138_2.jpg retro/1787152465138_3.jpg retro/1787152465139_4.jpg
730cdc45-3360-450e-a63f-b9785238932e	La Galaxy Away Retro 97	R$ 229,00	RETRÔ	Major League Soccer - MLS (EUA 	P,M,G,GG,2XG,3XG,4XG	+ R$ 60,00	RETRO	retro/1787152458701_0.jpg retro/1787152458702_1.jpg
793bfd1d-6d28-459f-b20a-1dbadf70868e	Montreal Away 26/27	R$ 189,00	TORCEDOR	Major League Soccer - MLS (EUA / Canadá)	P,M,G,GG,2XG,3XG,4XG	+ R$ 60,00	TORCEDOR,KIT_INFANTIL	torcedor/1787152466727_4.jpg torcedor/1787152466726_0.jpg torcedor/1787152466727_1.jpg torcedor/1787152466727_2.jpg torcedor/1787152466727_3.jpg
fca3e18c-00ad-4d45-b17c-d9b89fc02672	Montreal Away Kids 26/27	R$ 199,00	KIDS	Major League Soccer - MLS (EUA / Canadá)	14,16,18	+ R$ 60,00	KIT_INFANTIL,TORCEDOR	kit_infantil/1787152469897_0.png kit_infantil/1787152469898_1.png
15a1c3a7-d721-451b-b1c3-73224b561241	New York City Away 25/26	R$ 189,00	TORCEDOR	Major League Soccer - MLS (EUA / Canadá)	P,M,G,GG,2XG,3XG,4XG	+ R$ 60,00	TORCEDOR,KIT_INFANTIL	torcedor/1787152469398_0.jpg torcedor/1787152469399_1.jpg torcedor/1787152469399_2.jpg torcedor/1787152469399_3.jpg torcedor/1787152469400_4.jpg torcedor/1787152472277_5.jpg
df186f2b-8999-4f8e-ba47-8258064b3db5	New York City Away 26/27	R$ 189,00	TORCEDOR	Major League Soccer - MLS (EUA / Canadá)	P,M,G,GG,2XG,3XG,4XG	+ R$ 60,00	TORCEDOR,KIT_INFANTIL	torcedor/1787152469202_0.jpg torcedor/1787152469202_1.jpg torcedor/1787152469202_2.jpg torcedor/1787152469203_3.jpg torcedor/1787152469203_4.jpg torcedor/1787152472344_5.jpg
5915aca6-6632-4c1a-8c45-eb2b9ecb5792	New York City Away Kids 26/27	R$ 199,00	KIDS	Major League Soccer - MLS (EUA / Canadá)	14,16,18	+ R$ 60,00	KIT_INFANTIL,TORCEDOR	kit_infantil/1787152468424_0.jpg kit_infantil/1787152468425_1.jpg
134c242c-22dc-4194-8710-c802b12e759e	New York City Home Kids 25/26	R$ 199,00	KIDS	Major League Soccer - MLS (EUA / Canadá)	14,16,18	+ R$ 60,00	KIT_INFANTIL	kit_infantil/1787152472961_0.jpg kit_infantil/1787152472961_1.jpg
e20f7459-f89e-40ef-83e3-53c72f6e0ed3	New York City Away Player 25/26	R$ 229,00	JOGADOR	Major League Soccer - MLS (EUA / Canadá)	P,M,G,GG,2XG,3XG,4XG	+ R$ 60,00	JOGADOR	jogador/1787152470628_0.jpg jogador/1787152470629_1.jpg jogador/1787152470629_2.jpg jogador/1787152470629_3.jpg jogador/1787152470629_4.jpg
2ba948dc-fe3d-43ce-b031-faf32f5daad2	New York Red Bulls Home 26/27	R$ 189,00	TORCEDOR	Major League Soccer - MLS (EUA / Canadá)	P,M,G,GG,2XG,3XG,4XG	+ R$ 60,00	TORCEDOR,KIT_INFANTIL	torcedor/1787152472280_0.jpg torcedor/1787152472281_1.jpg
fe2d6d14-03fe-4175-9b31-536cc388a77c	New York Red Bulls Home Kids 26/27	R$ 199,00	KIDS	Major League Soccer - MLS (EUA / Canadá)	14,16,18	+ R$ 60,00	KIT_INFANTIL,TORCEDOR	kit_infantil/1787152471682_0.jpg kit_infantil/1787152471682_1.jpg
fa7a5713-220c-4ad3-bd3f-c9b39d228cb3	Philadelphia Union Home 26/27	R$ 189,00	TORCEDOR	Major League Soccer - MLS (EUA / Canadá)	P,M,G,GG,2XG,3XG,4XG	+ R$ 60,00	TORCEDOR,KIT_INFANTIL	torcedor/1787152233454_0.jpg torcedor/1787152233454_1.jpg
401b7218-c320-41bc-b7dd-60a6b40bf28a	Philadelphia Union Home Kids 26/27	R$ 199,00	KIDS	Major League Soccer - MLS (EUA / Canadá)	14,16,18	+ R$ 60,00	KIT_INFANTIL,TORCEDOR	torcedor/1787152233020_0.jpg torcedor/1787152233020_1.jpg
1d264e04-ee7d-44a7-80d2-543970710366	San Diego Away 26/27	R$ 189,00	TORCEDOR	Major League Soccer - MLS (EUA / Canadá)	P,M,G,GG,2XG,3XG,4XG	+ R$ 60,00	TORCEDOR	torcedor/1787152235541_5.jpg torcedor/1787152232344_0.jpg torcedor/1787152232345_1.jpg torcedor/1787152232345_2.jpg torcedor/1787152232346_3.jpg torcedor/1787152232346_4.jpg
f19191d8-e8a5-45bf-af2d-a2a99ae39d99	San Diego Home 26/27	R$ 189,00	TORCEDOR	Major League Soccer - MLS (EUA / Canadá)	P,M,G,GG,2XG,3XG,4XG	+ R$ 60,00	TORCEDOR	torcedor/1787152231841_0.jpg torcedor/1787152231842_1.jpg
567786e7-6d89-44cd-bc91-0f4bc232403f	San Diego Away 25/26	R$ 189,00	TORCEDOR	Major League Soccer - MLS (EUA / Canadá)	P,M,G,GG,2XG,3XG,4XG	+ R$ 60,00	TORCEDOR	torcedor/1787152232612_0.jpg torcedor/1787152232613_1.jpg
6596a885-7b93-4d49-98b3-95a4abbab51d	St. Louis City Away 26/27	R$ 189,00	TORCEDOR	Major League Soccer - MLS (EUA / Canadá)	P,M,G,GG,2XG,3XG,4XG	+ R$ 60,00	TORCEDOR	torcedor/1787152231938_0.jpg torcedor/1787152231939_1.jpg torcedor/1787152231939_2.jpg torcedor/1787152231940_3.jpg torcedor/1787152231940_4.jpg torcedor/1787152234968_5.jpg torcedor/1787152234968_6.jpg
cc1832d3-4664-439e-9dcf-f7df5e297c6a	Toronto FC Away 26/27	R$ 189,00	TORCEDOR	Major League Soccer - MLS (EUA / Canadá)	P,M,G,GG,2XG,3XG,4XG	+ R$ 60,00	TORCEDOR,KIT_INFANTIL	torcedor/1787152235964_0.jpg torcedor/1787152235964_1.jpg torcedor/1787152235964_2.jpg torcedor/1787152235965_3.jpg torcedor/1787152235965_4.jpg torcedor/1787152240246_5.jpg
436bd63d-ad9f-49c0-b162-3526eb8f001f	Toronto FC Away Kids 26/27	R$ 199,00	KIDS	Major League Soccer - MLS (EUA / Canadá)	14,16,18	+ R$ 60,00	KIT_INFANTIL,TORCEDOR	kit_infantil/1787152235502_0.jpg kit_infantil/1787152235503_1.jpg
b3eabc58-ffd4-492b-beb4-ed6783b2e235	Toronto FC Home 25/26	R$ 189,00	TORCEDOR	Major League Soccer - MLS (EUA / Canadá)	P,M,G,GG,2XG,3XG,4XG	+ R$ 60,00	TORCEDOR,KIT_INFANTIL	torcedor/1787152231687_0.jpg torcedor/1787152231687_1.jpg
1021688e-917a-4540-8adb-558f6bd0c525	Toronto FC Home Kids 25/26	R$ 199,00	KIDS	Major League Soccer - MLS (EUA / Canadá)	14,16,18	+ R$ 60,00	KIT_INFANTIL,TORCEDOR	kit_infantil/1787152235177_0.jpg kit_infantil/1787152235177_1.jpg
746e2a48-aec1-47cf-aea9-bbfffe099362	Club America Goalkeeper 26/27	R$ 189,00	TORCEDOR	MX (México)	P,M,G,GG,2XG,3XG,4XG	+ R$ 60,00	TORCEDOR	torcedor/1790208156952_0.jpg torcedor/1790208156952_1.jpg
170d92cc-26fd-4d40-96a2-ec5c5c55e34d	Club America 110 Years Anniversary 2026	R$ 189,00	TORCEDOR		P,M,G,GG,2XG,3XG,4XG	+ R$ 60,00	TORCEDOR	torcedor/1786963733267_0.jpg torcedor/1786963733268_1.jpg
21578510-9818-4de8-a991-ae23e991e4cb	Club America Pre-Match 26/27	R$ 189,00	TORCEDOR	MX (México)	P,M,G,GG,2XG,3XG,4XG	+ R$ 60,00	TORCEDOR	torcedor/1786383486878_0.jpg torcedor/1786383486879_1.jpg
97f17c51-2698-45bb-9049-ad036bdef0a9	Club America Away 26/27	R$ 189,00	TORCEDOR	MX (México)	P,M,G,GG,2XG,3XG,4XG	+ R$ 60,00	TORCEDOR,FEMININA,JOGADOR,MANGA_LONGA,KIT_INFANTIL	kit_infantil/1786383363449_0.jpg kit_infantil/1786383363450_1.jpg
8491f535-a2d2-4fdb-b044-1997442d7c39	Club America Home Feminina 26/27	R$ 179,00	FEMININO	MX (México)	P,M,G,GG	+ R$ 60,00	FEMININA,MANGA_LONGA,JOGADOR,KIT_INFANTIL	feminina/1786383370660_0.jpg feminina/1786383370661_1.jpg
25b8db35-87f9-4564-84d9-e7a0a4b6704b	Club America Home Player 26/27	R$ 229,00	JOGADOR	MX (México)	P,M,G,GG,2XG,3XG,4XG	+ R$ 60,00	JOGADOR,MANGA_LONGA,KIT_INFANTIL,FEMININA	jogador/1786383367246_0.jpg jogador/1786383367247_1.jpg jogador/1786383367247_2.jpg jogador/1786383367247_3.jpg jogador/1786383367248_4.jpg jogador/1786383370706_5.jpg jogador/1786383370707_6.jpg jogador/1786383370707_7.jpg
0c475f7d-6db7-4d3f-b21f-799bd8f84620	Club America Home Long Sleeve Player 26/27	R$ 209,00	JOGADOR	MX (México)	P,M,G,GG,2XG,3XG,4XG	+ R$ 60,00	MANGA_LONGA,JOGADOR,KIT_INFANTIL,FEMININA	manga_longa/1786383366025_0.jpg manga_longa/1786383366025_1.jpg manga_longa/1786383366026_2.jpg manga_longa/1786383366026_3.jpg manga_longa/1786383366026_4.jpg
30112f4b-fd77-4f76-ac26-ce8ce5b461e0	Club America Home Kids 26/27	R$ 199,00	KIDS	MX (México)	14,16,18	+ R$ 60,00	KIT_INFANTIL,MANGA_LONGA,JOGADOR,FEMININA	kit_infantil/1786383365699_0.jpg kit_infantil/1786383365700_1.jpg
18b55746-2781-4c6d-8002-1a4784aeead3	Club America Away Feminina 26/27	R$ 179,00	FEMININO	MX (México)	P,M,G,GG	+ R$ 60,00	FEMININA,JOGADOR,TORCEDOR,MANGA_LONGA,KIT_INFANTIL	feminina/1786383365181_0.jpg feminina/1786383365182_1.jpg
84aa3389-0406-43e7-94a6-0247c3649d38	Club America Away Player 26/27	R$ 229,00	JOGADOR	MX (México)	P,M,G,GG,2XG,3XG,4XG	+ R$ 60,00	JOGADOR,FEMININA,TORCEDOR,MANGA_LONGA,KIT_INFANTIL	jogador/1786383365110_0.jpg jogador/1786383365111_1.jpg jogador/1786383365111_2.jpg jogador/1786383365111_3.jpg jogador/1786383365112_4.jpg
f424fdca-069b-4591-ac53-dc156be57363	Club America Away Long 26/27	R$ 209,00	Club America Away Long 26/27	MX (México)	P,M,G,GG,2XG,3XG,4XG	+ R$ 60,00	MANGA_LONGA,FEMININA,JOGADOR,TORCEDOR,KIT_INFANTIL	manga_longa/1786383364394_0.jpg manga_longa/1786383364395_1.jpg
f554db77-ca3c-4dd0-8d7e-f0921caa1daf	Club America Away Kids 26/27	R$ 199,00	KIDS	MX (México)	14,16,18	+ R$ 60,00	KIT_INFANTIL,FEMININA,JOGADOR,TORCEDOR,MANGA_LONGA	kit_infantil/1786383363641_0.jpg kit_infantil/1786383363642_1.jpg
985c8a9a-52f5-46f9-b78b-64c9e258f069	Club America Full Zipper Pre-Match 25/26	R$ 409,00	Club America Full Zipper Pre-Match 25/26	MX (México)	P,M,G,GG,2XG,3XG,4XG	+ R$ 60,00	CORTA_VENTO	corta_vento/1786963683070_0.jpg corta_vento/1786963683070_1.jpg corta_vento/1786963683071_2.jpg corta_vento/1786963683071_3.jpg
a1ee2ad9-ab40-4ea0-bcc5-e357f4b7b3e4	Club America home Retro 13/14	R$ 229,00	RETRÔ	MX (México)	P,M,G,GG,2XG,3XG,4XG	+ R$ 60,00	RETRO	retro/1786963660537_0.jpg retro/1786963660538_1.jpg
9aa77900-e36b-4bea-94df-f7a23fefedec	Club America Home Retro 12/13	R$ 229,00	RETRÔ	MX (México)	P,M,G,GG,2XG,3XG,4XG	+ R$ 60,00	RETRO	retro/1786963660021_0.jpg retro/1786963660022_1.jpg retro/1786963660022_2.jpg
8982b609-dd46-4149-8dad-caa34918b797	Club America Home Retro 07/08	R$ 229,00	RETRÔ	MX (México)	P,M,G,GG,2XG,3XG,4XG	+ R$ 60,00	RETRO	retro/1786963659480_0.jpg retro/1786963659481_1.jpg retro/1786963659481_2.jpg
d3534250-2d92-46fd-af85-a03cd1c4cc46	Club America Home Retro 06/07	R$ 229,00	RETRÔ	MX (México)	P,M,G,GG,2XG,3XG,4XG	+ R$ 60,00	RETRO	retro/1786963659032_0.jpg retro/1786963659033_1.jpg retro/1786963659033_2.jpg retro/1786963659033_3.jpg
54e0c017-6007-4c06-bd75-4c9b3bc76209	Club America Away Retro 05/06	R$ 229,00	RETRÔ	MX (México)	P,M,G,GG,2XG,3XG,4XG	+ R$ 60,00	RETRO	retro/1786963687718_0.jpg retro/1786963687719_1.jpg
309aa189-ec2e-4dfc-b263-05d8320f1c9c	Club America Home Retro 04/05	R$ 229,00	RETRÔ	MX (México)	P,M,G,GG,2XG,3XG,4XG	+ R$ 60,00	RETRO	retro/1786963658510_0.jpg retro/1786963658510_1.jpg retro/1786963658511_2.jpg retro/1786963658511_3.jpg
aa322d0d-23eb-4049-88c6-ef8376ffdd75	Club America Home Retro 01/02	R$ 229,00	RETRÔ	MX (México)	P,M,G,GG,2XG,3XG,4XG	+ R$ 60,00	RETRO	retro/1786963658285_0.jpg retro/1786963658285_1.jpg retro/1786963658285_2.jpg retro/1786963658285_3.jpg retro/1786963658286_4.jpg
e0169c4d-114e-4d8e-9d07-3345626bcddb	Club America Away 94/96	R$ 229,00	RETRÔ	MX (México)	P,M,G,GG,2XG,3XG,4XG	+ R$ 60,00	RETRO	retro/1786963733267_0.jpg retro/1786963733267_1.jpg retro/1786963733267_2.jpg retro/1786963733268_3.jpg
2589f0b8-33cf-48e0-87a8-ebad3aff0660	Club America Home Retro 93/94	R$ 229,00	RETRÔ	MX (México)	P,M,G,GG,2XG,3XG,4XG	+ R$ 60,00	RETRO	retro/1786963661042_0.jpg retro/1786963661043_1.jpg retro/1786963661043_2.jpg retro/1786963661043_3.jpg retro/1786963661044_4.jpg
bb47dc9c-0820-413e-a865-fecade436b28	Atlas Away 26/27	R$ 189,00	TORCEDOR	MX (México)	P,M,G,GG,2XG,3XG,4XG	+ R$ 60,00	TORCEDOR	torcedor/1786382896020_0.jpg torcedor/1786382896020_1.jpg
58640fd6-774d-4de1-8d20-dfa5de0e07fb	Atlas Home 26/27	R$ 189,00	TORCEDOR	MX (México)	P,M,G,GG,2XG,3XG,4XG	+ R$ 60,00	TORCEDOR,KIT_INFANTIL	torcedor/1786382895410_0.jpg torcedor/1786382895411_1.jpg
e47917d2-8e0e-4970-9d85-01a7963515d6	Atlas Home Kids 26/27	R$ 199,00	KIDS	MX (México)	14,16,18	+ R$ 60,00	KIT_INFANTIL,TORCEDOR	kit_infantil/1786382895337_0.jpg kit_infantil/1786382895338_1.jpg
7ade25c0-0a26-454b-9459-65adc499e242	Atlas Home Retro 00/01	R$ 229,00	RETRÔ	MX (México)	P,M,G,GG,2XG,3XG,4XG	+ R$ 60,00	RETRO	retro/1786382896019_0.jpg retro/1786382896020_1.jpg retro/1786382896020_2.jpg retro/1786382896021_3.jpg retro/1786382896021_4.jpg retro/1786382898842_5.jpg retro/1786382898843_6.jpg
f12e23b1-4b10-4535-890d-08230f810e29	Atlas Away Retro 99/00	R$ 229,00	RETRÔ	MX (México)	P,M,G,GG,2XG,3XG,4XG	+ R$ 60,00	RETRO	retro/1786382895666_0.jpg retro/1786382895667_1.jpg retro/1786382895667_2.jpg retro/1786382895667_3.jpg retro/1786382895668_4.jpg
3ec2042d-f5cb-426a-95d4-b4f990f5da41	Atlas Home Retro 94/95	R$ 229,00	RETRÔ	MX (México)	P,M,G,GG,2XG,3XG,4XG	+ R$ 60,00	RETRO	retro/1786382895339_0.jpg retro/1786382895339_1.jpg retro/1786382895339_2.jpg retro/1786382895340_3.jpg retro/1786382895340_4.jpg retro/1786382898520_5.jpg
479a24c4-ee78-46b3-98f7-999a444e3e76	Chivas Away Soccer 26/27	R$ 189,00	TORCEDOR	MX (México)	P,M,G,GG,2XG,3XG,4XG	+ R$ 60,00	TORCEDOR,KIT_INFANTIL,FEMININA,JOGADOR	torcedor/1786964344312_0.jpg torcedor/1786964344313_1.jpg
15fd1ffb-7d6d-461e-9789-15c43b238242	Chivas Home 26/27	R$ 189,00	TORCEDOR	MX (México)	P,M,G,GG,2XG,3XG,4XG	+ R$ 60,00	TORCEDOR,KIT_INFANTIL,JOGADOR	torcedor/1786964343471_0.jpg torcedor/1786964343471_1.jpg
7d499963-64c2-480d-aa16-aa9602ab7d45	Chivas Away Kids 26/27	R$ 199,00	KIDS	MX (México)	14,16,18	+ R$ 60,00	KIT_INFANTIL,TORCEDOR,FEMININA,JOGADOR	kit_infantil/1786964345173_0.jpg kit_infantil/1786964345174_1.jpg
ef9ede8d-8b83-4ee9-a4cf-8ec31a5f8b02	Chivas Away Player 26/27	R$ 229,00	JOGADOR	MX (México)	P,M,G,GG,2XG,3XG,4XG	+ R$ 60,00	JOGADOR,TORCEDOR,KIT_INFANTIL,FEMININA	jogador/1786964344655_0.jpg jogador/1786964344656_1.jpg jogador/1786964344656_2.jpg jogador/1786964344656_3.jpg
cc4ccadb-4710-4100-a9dc-d9cbb2b68c67	Chivas Away Feminina 26/27	R$ 179,00	FEMININO	MX (México)	P,M,G,GG	+ R$ 60,00	FEMININA,TORCEDOR,KIT_INFANTIL,JOGADOR	feminina/1786964343800_0.jpg feminina/1786964343801_1.jpg feminina/1786964343801_2.jpg feminina/1786964343802_3.jpg feminina/1786964343802_4.jpg
3979d0b9-1a25-452b-b386-6f496b303fa4	Chivas Home Kids 26/27	R$ 199,00	KIDS	MX (México)	14,16,18	+ R$ 60,00	KIT_INFANTIL,TORCEDOR,JOGADOR	kit_infantil/1786964343139_0.jpg kit_infantil/1786964343140_1.jpg
49908bb3-ea34-43b8-960f-fdcf6fad51cd	Chivas Home Player 26/27	R$ 229,00	JOGADOR	MX (México)	P,M,G,GG,2XG,3XG,4XG	+ R$ 60,00	JOGADOR,TORCEDOR,KIT_INFANTIL	jogador/1786964343022_0.jpg jogador/1786964343023_1.jpg jogador/1786964343023_2.jpg jogador/1786964343023_3.jpg jogador/1786964343024_4.jpg jogador/1786964346459_5.jpg
863f61e5-6cb9-4790-92e2-7b4964484867	Chivas 120 Years Anniversary 2026	R$ 189,00	TORCEDOR		P,M,G,GG,2XG,3XG,4XG	+ R$ 60,00	TORCEDOR	torcedor/1786964387261_0.jpg torcedor/1786964387262_1.jpg torcedor/1786964387262_2.jpg torcedor/1786964387262_3.jpg torcedor/1786964387262_4.jpg
e6b5fb46-e7d5-4697-9479-f6e54f6a2ac9	Chivas 100 Years Anniversary Retro 16/17	R$ 229,00	RETRÔ	MX (México)	P,M,G,GG,2XG,3XG,4XG	+ R$ 60,00	RETRO	torcedor/1786964387423_0.jpg torcedor/1786964387424_1.jpg torcedor/1786964387424_2.jpg torcedor/1786964387424_3.jpg torcedor/1786964387425_4.jpg torcedor/1786964390364_5.jpg torcedor/1786964390365_6.jpg
73fa0382-1f21-4141-b638-76e283825884	Chivas Retro 07/08	R$ 229,00	RETRÔ	MX (México)	P,M,G,GG,2XG,3XG,4XG	+ R$ 60,00	RETRO	retro/1786964537922_0.jpg retro/1786964537923_1.jpg retro/1786964537923_2.jpg retro/1786964537923_3.jpg retro/1786964537924_4.jpg retro/1786964541206_5.jpg
d829732a-787b-4102-a243-6643e0fc70f2	Chivas Home Retro 06/07	R$ 229,00	RETRÔ	MX (México)	P,M,G,GG,2XG,3XG,4XG	+ R$ 60,00	RETRO	retro/1786964561238_0.jpg retro/1786964561239_1.jpg retro/1786964561239_2.jpg retro/1786964561239_3.jpg retro/1786964561239_4.jpg retro/1786964564914_5.jpg
ff3eef11-cd73-4e5f-914a-b76782207420	Chivas Home Long Sleeve Retro 06/07	R$ 229,00	MANGA LONGA	MX (México)	P,M,G,GG,2XG,3XG,4XG	+ R$ 60,00	RETRO	retro/1786964465493_0.jpg retro/1786964465494_1.jpg retro/1786964465494_2.jpg retro/1786964465495_3.jpg retro/1786964465495_4.jpg retro/1786964468526_5.jpg
33421bd0-a574-4008-878a-7ae400b61424	Chivas Away Retro 06/07	R$ 229,00	RETRÔ	MX (México)	P,M,G,GG,2XG,3XG,4XG	+ R$ 60,00	RETRO	retro/1786964411731_0.jpg retro/1786964411731_1.jpg retro/1786964411732_2.jpg retro/1786964411732_3.jpg retro/1786964411732_4.jpg retro/1786964415032_5.jpg
5edb7394-ee14-4c27-822e-f3dfb0eaf15b	Chivas Home Retro 03/04	R$ 229,00	RETRÔ	MX (México)	P,M,G,GG,2XG,3XG,4XG	+ R$ 60,00	RETRO	retro/1786964584252_0.jpg retro/1786964584252_1.jpg retro/1786964584253_2.jpg retro/1786964584253_3.jpg retro/1786964584253_4.jpg
b46ff326-d5f3-42bb-b83d-e6da8ad933b4	Chivas Home Long Sleeve Retro 02/03	R$ 229,00	MANGA LONGA	MX (México)	P,M,G,GG,2XG,3XG,4XG	+ R$ 60,00	RETRO	retro/1786964465422_0.jpg retro/1786964465423_1.jpg retro/1786964465423_2.jpg
0ec96b51-9593-440f-bbe5-1c1ab1ccab1a	Chivas Home Retro 00/01	R$ 229,00	RETRÔ	MX (México)	P,M,G,GG,2XG,3XG,4XG	+ R$ 60,00	RETRO	retro/1786964571979_0.jpg retro/1786964571980_1.jpg retro/1786964571980_2.jpg retro/1786964571981_3.jpg retro/1786964571981_4.jpg retro/1786964574840_5.jpg
81c1b785-c9bc-4eb7-9baa-d8b8d2287e6a	Chivas Home Retro 98/99	R$ 229,00	RETRÔ	MX (México)	P,M,G,GG,2XG,3XG,4XG	+ R$ 60,00	RETRO	retro/1786964537931_0.jpg retro/1786964537932_1.jpg retro/1786964537932_2.jpg retro/1786964537932_3.jpg retro/1786964537932_4.jpg retro/1786964540893_5.jpg
07e194f8-d7d7-4e7b-bce2-14244d50c787	Chivas de Guadalajara Away Retro 98/99	R$ 229,00	RETRÔ	MX (México)	P,M,G,GG,2XG,3XG,4XG	+ R$ 60,00	RETRO	retro/1786964466351_0.jpg retro/1786964466352_1.jpg retro/1786964466352_2.jpg retro/1786964466353_3.jpg retro/1786964466353_4.jpg
eaae0be0-4379-4e35-88f9-aeb26cea4fbc	Chivas Away Retro 98/99	R$ 229,00	RETRÔ	MX (México)	P,M,G,GG,2XG,3XG,4XG	+ R$ 60,00	RETRO	retro/1786964412244_0.jpg retro/1786964412244_1.jpg retro/1786964412244_2.jpg retro/1786964412245_3.jpg retro/1786964412245_4.jpg retro/1786964415316_5.jpg
c33163c6-5101-49b5-ad3f-c43576d0579c	Chivas Home Retro 97/98	R$ 229,00	RETRÔ	MX (México)	P,M,G,GG,2XG,3XG,4XG	+ R$ 60,00	RETRO	retro/1786964538755_0.jpg retro/1786964538756_1.jpg retro/1786964538756_2.jpg retro/1786964538756_3.jpg retro/1786964538756_4.jpg retro/1786964542483_5.jpg
5054e780-9f76-44c6-be89-e833fd6b813d	Chivas Home 2 Retro 97/98	R$ 229,00	RETRÔ	MX (México)	P,M,G,GG,2XG,3XG,4XG	+ R$ 60,00	RETRO	retro/1786964466127_0.jpg retro/1786964466128_1.jpg retro/1786964466128_2.jpg retro/1786964466129_3.jpg retro/1786964466129_4.jpg
47e72d90-90bd-4308-8b18-d738cd80fbc0	Chivas Home Retro 94/95	R$ 229,00	RETRÔ	MX (México)	P,M,G,GG,2XG,3XG,4XG	+ R$ 60,00	RETRO	retro/1786964539209_0.jpg retro/1786964539209_1.jpg
24fe886c-9e4a-4234-9aba-a64268140d09	Chivas Home Retro 92/93	R$ 229,00	RETRÔ	MX (México)	P,M,G,GG,2XG,3XG,4XG	+ R$ 60,00	RETRO	retro/1786964521196_0.jpg retro/1786964521197_1.jpg retro/1786964521197_2.jpg retro/1786964521197_3.jpg retro/1786964521197_4.jpg
1f41c126-b86f-4bf0-aa9c-9a00e0be3459	Chivas Home Retro 91/92	R$ 229,00	RETRÔ	MX (México)	P,M,G,GG,2XG,3XG,4XG	+ R$ 60,00	RETRO	retro/1786964594554_0.jpg retro/1786964594554_1.jpg retro/1786964594555_2.jpg retro/1786964594555_3.jpg
afe62c89-91e7-43ca-af24-7d6522ea408e	Chivas Home Retro 86/87	R$ 229,00	RETRÔ	MX (México)	P,M,G,GG,2XG,3XG,4XG	+ R$ 60,00	RETRO	retro/1786964560948_0.jpg retro/1786964560949_1.jpg retro/1786964560949_2.jpg retro/1786964560949_3.jpg retro/1786964560949_4.jpg
d84d939c-93dc-42b7-bbf4-7a94c0115eee	Cruz Azul Away 26/27	R$ 189,00	TORCEDOR	MX (México)	P,M,G,GG,2XG,3XG,4XG	+ R$ 60,00	TORCEDOR	torcedor/1786383430922_0.jpg torcedor/1786383430923_1.jpg
49bb2dd1-fbfc-43d7-bae6-56ab6dbf8f55	Cruz Azul Home 26/27	R$ 189,00	TORCEDOR	MX (México)	P,M,G,GG,2XG,3XG,4XG	+ R$ 60,00	TORCEDOR,JOGADOR	torcedor/1786383429939_0.jpg torcedor/1786383429939_1.jpg
226550ee-9f5f-469c-b4ac-a4c6669d5de0	Cruz Azul Home Player 26/27	R$ 229,00	JOGADOR	MX (México)	P,M,G,GG,2XG,3XG,4XG	+ R$ 60,00	JOGADOR,TORCEDOR	jogador/1786383429592_0.jpg jogador/1786383429592_1.jpg jogador/1786383429592_2.jpg jogador/1786383429593_3.jpg
3fd72d10-a305-43e2-887a-8ceb14cb56ca	Cruz Azul Home Retro 18/19	R$ 229,00	RETRÔ	MX (México)	P,M,G,GG,2XG,3XG,4XG	+ R$ 60,00	RETRO	retro/1786383693322_0.jpg retro/1786383693323_1.jpg retro/1786383693323_2.jpg retro/1786383693323_3.jpg
93ac9358-5b64-4a38-9420-3f1e8e1bbc62	Cruz Azul Home Retro 97/98	R$ 229,00	RETRÔ	MX (México)	P,M,G,GG,2XG,3XG,4XG	+ R$ 60,00	RETRO	retro/1786383692476_0.jpg retro/1786383692477_1.jpg retro/1786383692477_2.jpg retro/1786383692477_3.jpg retro/1786383692478_4.jpg
5504d972-85c5-4e46-9e6d-57f3259f5429	Cruz Azul Home Retro 1960	R$ 229,00	RETRÔ		P,M,G,GG,2XG,3XG,4XG	+ R$ 60,00	RETRO	retro/1786383692547_0.jpg retro/1786383692547_1.jpg
b66c47b0-b016-4ee6-a05c-0b53736ecd66	Cruz Azul Home Retro 1932	R$ 229,00	RETRÔ		P,M,G,GG,2XG,3XG,4XG	+ R$ 60,00	RETRO	retro/1786383693814_0.jpg retro/1786383693815_1.jpg
c924f56a-2474-40ce-8284-1482568940d9	Club Leon Home 26/27	R$ 189,00	TORCEDOR	MX (México)	P,M,G,GG,2XG,3XG,4XG	+ R$ 60,00	TORCEDOR	torcedor/1786383459470_0.jpg torcedor/1786383459471_1.jpg
ea076e9a-8318-4817-8b89-26dae6f0e40a	Club Leon Away 26/27	R$ 189,00	TORCEDOR	MX (México)	P,M,G,GG,2XG,3XG,4XG	+ R$ 60,00	TORCEDOR	torcedor/1786383459345_0.jpg torcedor/1786383459350_1.jpg
bb731849-1495-4731-ad14-007a392397f8	Leon Home Retro 98/99	R$ 229,00	RETRÔ	MX (México)	P,M,G,GG,2XG,3XG,4XG	+ R$ 60,00	RETRO	retro/1786964835897_0.jpg retro/1786964835898_1.jpg retro/1786964835898_2.jpg retro/1786964835899_3.jpg
dd4cb39d-2db8-4709-ba12-fac5f0f5d3ac	Monterrey Home 26/27	R$ 189,00	TORCEDOR	MX (México)	P,M,G,GG,2XG,3XG,4XG	+ R$ 60,00	TORCEDOR,KIT_INFANTIL	torcedor/1786383429262_0.jpg torcedor/1786383429262_1.jpg torcedor/1786383429263_2.jpg torcedor/1786383429263_3.jpg
64febcdb-db52-4833-abdc-854d13d97656	Rayados Monterrey Away 26/27	R$ 189,00	TORCEDOR	MX (México)	P,M,G,GG,2XG,3XG,4XG	+ R$ 60,00	TORCEDOR	torcedor/1786383243438_0.jpg torcedor/1786383243439_1.jpg
d40b9fdf-2e9d-4a3e-bd95-bc006af71ddf	Monterrey Home Kids 26/27	R$ 199,00	KIDS	MX (México)	14,16,18	+ R$ 60,00	KIT_INFANTIL,TORCEDOR	kit_infantil/1786383428843_0.jpg kit_infantil/1786383428843_1.jpg
754063ca-a398-4803-81d0-4edec07a60f2	Monterrey Home Retro 13/14	R$ 229,00	RETRÔ	MX (México)	P,M,G,GG,2XG,3XG,4XG	+ R$ 60,00	RETRO	retro/1786964785951_0.jpg retro/1786964785952_1.jpg retro/1786964785952_2.jpg
9aed1adc-7c55-4fdc-bdea-25abfbd79d43	Monterrey Away Retro 09/10	R$ 229,00	RETRÔ	MX (México)	P,M,G,GG,2XG,3XG,4XG	+ R$ 60,00	RETRO	retro/1786964834602_0.jpg retro/1786964834603_1.jpg retro/1786964834603_2.jpg retro/1786964834603_3.jpg retro/1786964834604_4.jpg
7872ae8e-2f95-4fd3-b4a6-36321f8d451b	Monterrey Home Retro 09/10	R$ 229,00	RETRÔ	MX (México)	P,M,G,GG,2XG,3XG,4XG	+ R$ 60,00	RETRO	retro/1786964786479_0.jpg retro/1786964786480_1.jpg retro/1786964786480_2.jpg retro/1786964786481_3.jpg retro/1786964786481_4.jpg retro/1786964790270_5.jpg
962e89c7-1a7b-427c-a9f7-b31ef0fbbb93	Monterrey Home Retro 00/01	R$ 229,00	RETRÔ	MX (México)	P,M,G,GG,2XG,3XG,4XG	+ R$ 60,00	RETRO	retro/1786964786862_0.jpg retro/1786964786863_1.jpg
e2994701-f789-4f2c-a0f0-2ab631ff9a5f	Monterrey Away Retro 99/00	R$ 229,00	RETRÔ	MX (México)	P,M,G,GG,2XG,3XG,4XG	+ R$ 60,00	RETRO	retro/1786964833295_0.jpg retro/1786964833296_1.jpg retro/1786964833296_2.jpg retro/1786964833296_3.jpg retro/1786964833296_4.jpg retro/1786964836878_5.png
abee01a2-d2cd-460b-b6bd-3b9db0f7eb09	Monterrey Home Retro 99/00	R$ 229,00	RETRÔ	MX (México)	P,M,G,GG,2XG,3XG,4XG	+ R$ 60,00	RETRO	retro/1786964785597_0.jpg retro/1786964785598_1.jpg retro/1786964785598_2.jpg retro/1786964785598_3.jpg retro/1786964785598_4.jpg
ae621f1f-321b-4af4-8274-d97971ecd60e	Monterrey Away Retro 95/96	R$ 229,00	RETRÔ	MX (México)	P,M,G,GG,2XG,3XG,4XG	+ R$ 60,00	RETRO	retro/1786964833329_0.jpg retro/1786964833329_1.jpg retro/1786964833330_2.jpg retro/1786964833330_3.jpg
395bcdb0-c7e3-4b4e-b1e4-628503a6199e	Monterrey Home Retro 95/96	R$ 229,00	RETRÔ	MX (México)	P,M,G,GG,2XG,3XG,4XG	+ R$ 60,00	RETRO	retro/1786964785500_0.jpg retro/1786964785501_1.jpg retro/1786964785501_2.jpg retro/1786964785501_3.jpg
e8091d84-eecd-4204-9b0e-f259e0dcd077	Necaxa Home 25/26	R$ 189,00	TORCEDOR	MX (México)	P,M,G,GG,2XG,3XG,4XG	+ R$ 60,00	TORCEDOR,KIT_INFANTIL	torcedor/1786964736359_0.jpg torcedor/1786964736359_1.jpg
358e9d2e-ced1-4bbe-8c4b-a9d9c2398227	Necaxa Home Kids 25/26	R$ 199,00	KIDS	MX (México)	14,16,18	+ R$ 60,00	KIT_INFANTIL,TORCEDOR	kit_infantil/1786964736059_0.jpg kit_infantil/1786964736059_1.jpg
bae0dbcf-a506-457e-b373-5af6963090bb	Necaxa Home Retro 99/00	R$ 229,00	RETRÔ	MX (México)	P,M,G,GG,2XG,3XG,4XG	+ R$ 60,00	RETRO	retro/1786964966927_0.jpg retro/1786964966928_1.jpg retro/1786964966928_2.jpg retro/1786964966929_3.jpg retro/1786964966929_4.jpg retro/1786964970549_5.jpg
ae431c6a-0eeb-4316-8afa-0a1b5bc91f4d	Necaxa Home Retro 94/95	R$ 229,00	RETRÔ	MX (México)	P,M,G,GG,2XG,3XG,4XG	+ R$ 60,00	RETRO	retro/1786964967497_0.jpg retro/1786964967497_1.jpg
7446da49-b514-4b26-b4b7-206a053def71	Pachuca Home 25/26	R$ 189,00	TORCEDOR	MX (México)	P,M,G,GG,2XG,3XG,4XG	+ R$ 60,00	TORCEDOR,KIT_INFANTIL	torcedor/1786964694783_0.jpg torcedor/1786964694784_1.jpg
d7391a65-8bfb-4254-ba7c-40232a0471e7	Pachuca Away 25/26	R$ 189,00	TORCEDOR	MX (México)	P,M,G,GG,2XG,3XG,4XG	+ R$ 60,00	TORCEDOR,KIT_INFANTIL	torcedor/1786964694549_0.jpg torcedor/1786964694550_1.jpg
24f2c6c3-4036-4d4e-9058-ace514794b33	Pachuca Home Kids 25/26	R$ 199,00	KIDS	MX (México)	14,16,18	+ R$ 60,00	KIT_INFANTIL,TORCEDOR	kit_infantil/1786964695314_0.jpg kit_infantil/1786964695315_1.jpg
31b9e7e5-d8ff-4d35-876b-4daefee31bd8	Pachuca Away Kids 25/26	R$ 199,00	KIDS	MX (México)	14,16,18	+ R$ 60,00	KIT_INFANTIL,TORCEDOR	kit_infantil/1786964694464_0.jpg kit_infantil/1786964694465_1.jpg
3a0916d7-25e5-426f-80a6-eb31840d21f0	Club Puebla Home 26/27	R$ 189,00	TORCEDOR	MX (México)	P,M,G,GG,2XG,3XG,4XG	+ R$ 60,00	TORCEDOR	torcedor/1786383459933_0.jpg torcedor/1786383459933_1.jpg
32483576-5a64-4346-9a52-67e718f68507	Puebla Third 25/26	R$ 189,00	TORCEDOR	MX (México)	P,M,G,GG,2XG,3XG,4XG	+ R$ 60,00	TORCEDOR	torcedor/1786964655743_0.jpg torcedor/1786964655743_1.jpg
31636e44-7f78-4492-ac12-0c8fcd71ddb1	Club Puebla Home Kids 25/26	R$ 199,00	KIDS	MX (México)	14,16,18	+ R$ 60,00	KIT_INFANTIL	torcedor/1786964849072_0.jpg torcedor/1786964849073_1.jpg
22875d87-a407-47f5-97f6-8bc5db8b29f3	Pumas UNAM Away 26/27	R$ 189,00	TORCEDOR	MX (México)	P,M,G,GG,2XG,3XG,4XG	+ R$ 60,00	TORCEDOR,JOGADOR	torcedor/1786970563264_1.jpg torcedor/1786970563264_0.jpg
ead84f72-48f0-4629-b85f-a19571f0d793	Pumas UNAM Home 26/27	R$ 189,00	TORCEDOR	MX (México)	P,M,G,GG,2XG,3XG,4XG	+ R$ 60,00	TORCEDOR,JOGADOR	torcedor/1786970563273_0.jpg torcedor/1786970563274_1.jpg
0b5e1649-1680-4129-b78a-4c2ccc8828ad	Nurnberg Home Red 26/27	R$ 189,00	TORCEDOR	MX (México)	P,M,G,GG,2XG,3XG,4XG	+ R$ 60,00	TORCEDOR,JOGADOR	torcedor/1786970563234_0.jpg torcedor/1786970563235_1.jpg
c40ad003-fa9c-4991-acbb-d07ca4bb0134	Pumas Away 26/27	R$ 189,00	TORCEDOR	MX (México)	P,M,G,GG,2XG,3XG,4XG	+ R$ 60,00	TORCEDOR,JOGADOR	torcedor/1786383244691_0.jpg torcedor/1786383244692_1.jpg torcedor/1786383244692_2.jpg torcedor/1786383244693_3.jpg
9ea7d895-e5ea-4f20-9c16-9c24c96a9c4f	Pumas Home 26/27	R$ 189,00	TORCEDOR	MX (México)	P,M,G,GG,2XG,3XG,4XG	+ R$ 60,00	TORCEDOR,JOGADOR	torcedor/1786383244284_0.jpg torcedor/1786383244285_1.jpg
a903846d-e056-4c91-a785-9158d0a5b8b1	Monterrey Home Player 26/27	R$ 229,00	JOGADOR	MX (México)	P,M,G,GG,2XG,3XG,4XG	+ R$ 60,00	JOGADOR,TORCEDOR	torcedor/1786970563633_0.jpg torcedor/1786970563634_1.jpg torcedor/1786970563634_2.jpg torcedor/1786970563635_3.jpg torcedor/1786970563635_4.jpg
a21e4d77-82ba-489b-a74f-82820d0e4c69	Pumas Home Player 26/27	R$ 229,00	JOGADOR	MX (México)	P,M,G,GG,2XG,3XG,4XG	+ R$ 60,00	JOGADOR,TORCEDOR	jogador/1786383243821_0.jpg jogador/1786383243822_1.jpg jogador/1786383243822_2.jpg jogador/1786383243822_3.jpg
65a6fb1f-93c7-4fc1-9fe0-7cc292e1c6fe	Pumas UNAM Away Player 26/27	R$ 229,00	JOGADOR	MX (México)	P,M,G,GG,2XG,3XG,4XG	+ R$ 60,00	JOGADOR,TORCEDOR	jogador/1786383243622_0.jpg jogador/1786383243622_1.jpg jogador/1786383243623_2.jpg jogador/1786383243623_3.jpg jogador/1786383243623_4.jpg
90edda57-f069-4cef-a8c7-ed6a95a2ee1c	Pumas UNAM Home Retro 08/09	R$ 229,00	RETRÔ	MX (México)	P,M,G,GG,2XG,3XG,4XG	+ R$ 60,00	RETRO	retro/1786964937529_0.jpg retro/1786964937529_1.jpg retro/1786964937529_2.jpg retro/1786964937530_3.jpg
784d1b11-eb6d-4590-ba79-b319c329414e	Pumas UNAM Home Long Sleeve Retro 99/00	R$ 229,00	MANGA LONGA	MX (México)	P,M,G,GG,2XG,3XG,4XG	+ R$ 60,00	RETRO	retro/1786964936967_0.jpg retro/1786964936968_1.jpg retro/1786964936968_2.jpg retro/1786964936969_3.jpg retro/1786964936969_4.jpg
f42120ef-cb02-45bc-b116-110ab555baca	Pumas UNAM Away Retro 99/00	R$ 229,00	RETRÔ	MX (México)	P,M,G,GG,2XG,3XG,4XG	+ R$ 60,00	RETRO	retro/1786964896657_0.jpg retro/1786964896657_1.jpg retro/1786964896658_2.jpg retro/1786964896658_3.jpg
666d7c42-8084-48d9-b07e-c68bb3a49391	Pumas Home Player 99/00	R$ 229,00	JOGADOR	MX (México)	P,M,G,GG,2XG,3XG,4XG	+ R$ 60,00	RETRO	retro/1786964884882_0.jpg retro/1786964884883_1.jpg retro/1786964884883_2.jpg retro/1786964884883_3.jpg
f2c2d730-bd2b-47cb-892c-d209cf583a98	Pumas UNAM Home Retro 97/98	R$ 229,00	RETRÔ	MX (México)	P,M,G,GG,2XG,3XG,4XG	+ R$ 60,00	RETRO	retro/1786964936737_0.jpg retro/1786964936738_1.jpg
412c8f56-dc24-47ab-b900-ff228b7349df	Santos Laguna Third 25/26	R$ 189,00	TORCEDOR	MX (México)	P,M,G,GG,2XG,3XG,4XG	+ R$ 60,00	TORCEDOR	torcedor/1786964958004_0.jpg torcedor/1786964958004_1.jpg
cc368a73-2063-4e47-a558-7f0143f193fa	Santos Laguna Home 25/26	R$ 189,00	TORCEDOR	MX (México)	P,M,G,GG,2XG,3XG,4XG	+ R$ 60,00	TORCEDOR	torcedor/1786964957544_0.jpg torcedor/1786964957545_1.jpg
ba933e90-da7e-4023-b400-6cc71f67a5ef	Santos Laguna Home Retro 07/08	R$ 229,00	RETRÔ	MX (México)	P,M,G,GG,2XG,3XG,4XG	+ R$ 60,00	RETRO	kit_infantil/1786964956366_0.jpg kit_infantil/1786964956366_1.jpg kit_infantil/1786964956366_2.jpg kit_infantil/1786964956366_3.jpg kit_infantil/1786964956366_4.jpg
729961ab-bc88-424d-b22a-e2f182ed663c	Tigres UANL Away 26/27	R$ 189,00	TORCEDOR	MX (México)	P,M,G,GG,2XG,3XG,4XG	+ R$ 60,00	TORCEDOR,JOGADOR	torcedor/1786383150417_0.jpg torcedor/1786383150417_1.jpg
bcb9aa2c-5888-454b-baae-cf864ea8e6f0	Tigres UANL Home 26/27	R$ 189,00	TORCEDOR	MX (México)	P,M,G,GG,2XG,3XG,4XG	+ R$ 60,00	TORCEDOR,JOGADOR,MANGA_LONGA	torcedor/1786383120476_0.jpg torcedor/1786383120477_1.jpg
c79bf3b3-a23c-4889-ac53-8f864bacbd42	Tigres UANL Away Player 26/27	R$ 229,00	JOGADOR	MX (México)	P,M,G,GG,2XG,3XG,4XG	+ R$ 60,00	JOGADOR,TORCEDOR	jogador/1786383120993_0.jpg jogador/1786383120994_1.jpg jogador/1786383120994_2.jpg jogador/1786383120994_3.jpg jogador/1786383120994_4.jpg
cbf9d8a5-4ed6-4c8c-a714-3ed504f9034e	Tigres UANL Home Long 26/27	R$ 209,00	Tigres UANL Home Long 26/27	MX (México)	P,M,G,GG,2XG,3XG,4XG	+ R$ 60,00	MANGA_LONGA,JOGADOR,TORCEDOR	manga_longa/1786383120094_0.jpg manga_longa/1786383120095_1.jpg
b4ef908f-0115-430c-8737-3981e604e24b	Tigres UANL Home Player 26/27	R$ 229,00	JOGADOR	MX (México)	P,M,G,GG,2XG,3XG,4XG	+ R$ 60,00	JOGADOR,TORCEDOR,MANGA_LONGA	manga_longa/1786383119721_0.jpg manga_longa/1786383119722_1.jpg manga_longa/1786383119722_2.jpg manga_longa/1786383119722_3.jpg manga_longa/1786383119723_4.jpg manga_longa/1786383122632_5.jpg
22569e40-2adf-487d-beea-c9f4b403ac84	Tigres UANL Copa Libertadores Away 2006	R$ 229,00	RETRÔ		P,M,G,GG,2XG,3XG,4XG	+ R$ 60,00	RETRO	retro/1786963788100_0.jpg retro/1786963788101_1.jpg retro/1786963788101_2.jpg
6468f6fd-3bf5-4a5e-944b-952e62d56c1a	Tigres UANL Copa Libertadores Home Retro Soccer Jersey 2026	R$ 229,00	RETRÔ		P,M,G,GG,2XG,3XG,4XG	+ R$ 60,00	RETRO	retro/1786383637836_0.jpg retro/1786383637836_1.jpg retro/1786383637836_2.jpg
553692db-8dc6-41f9-8499-cf4cd752ad6c	Tigres UANL Away Retro 05/06	R$ 229,00	RETRÔ	MX (México)	P,M,G,GG,2XG,3XG,4XG	+ R$ 60,00	RETRO	retro/1786383638598_0.jpg retro/1786383638599_1.jpg retro/1786383638599_2.jpg retro/1786383638599_3.jpg
0a221e30-ea62-422e-9a9c-ab847dd9f278	Tigres UANL Home Retro 01/02	R$ 229,00	RETRÔ	MX (México)	P,M,G,GG,2XG,3XG,4XG	+ R$ 60,00	RETRO	retro/1786383637834_0.jpg retro/1786383637834_1.jpg retro/1786383637835_2.jpg retro/1786383637835_3.jpg retro/1786383637835_4.jpg retro/1786383640863_5.jpg retro/1786383640864_6.jpg
9bdefb07-6529-48b1-b799-34375d2ed924	Tigres UANL Away Retro 99/00	R$ 229,00	RETRÔ	MX (México)	P,M,G,GG,2XG,3XG,4XG	+ R$ 60,00	RETRO	retro/1786383638187_0.jpg retro/1786383638188_1.jpg retro/1786383638188_2.jpg retro/1786383638188_3.jpg retro/1786383638188_4.jpg retro/1786383640963_5.jpg
c66b2652-ae4f-421c-8bf1-e25dccafcba7	Tigres UANL Home Retro 95/96	R$ 229,00	RETRÔ	MX (México)	P,M,G,GG,2XG,3XG,4XG	+ R$ 60,00	RETRO	retro/1786383637854_0.jpg retro/1786383637855_1.jpg retro/1786383637855_2.jpg retro/1786383637855_3.jpg retro/1786383637855_4.jpg
7f67d663-680e-4d1f-8bf5-ff525bdeeb58	Tijuana Home 26/27	R$ 189,00	TORCEDOR	MX (México)	P,M,G,GG,2XG,3XG,4XG	+ R$ 60,00	TORCEDOR	torcedor/1786383119535_0.jpg torcedor/1786383119536_1.jpg torcedor/1786383119536_2.jpg torcedor/1786383119536_3.jpg
9db14540-713c-4b4a-931a-caed74ab9502	Tijuana Away Retro 12/13	R$ 229,00	RETRÔ	MX (México)	P,M,G,GG,2XG,3XG,4XG	+ R$ 60,00	RETRO	retro/1786383577265_0.jpg retro/1786383577266_1.jpg retro/1786383577266_2.jpg retro/1786383577267_3.jpg retro/1786383577267_4.jpg
c9573a01-a440-4c20-9c3a-ced94d578d5f	Tijuana Home Retro 12/13	R$ 229,00	RETRÔ	MX (México)	P,M,G,GG,2XG,3XG,4XG	+ R$ 60,00	RETRO	retro/1786383576917_0.jpg retro/1786383576917_1.jpg retro/1786383576918_2.jpg retro/1786383576918_3.jpg retro/1786383576918_4.jpg retro/1786383579539_5.jpg
c50055f6-4c12-433b-8ce0-ada8db4450c2	Toluca Home 26/27	R$ 189,00	TORCEDOR	MX (México)	P,M,G,GG,2XG,3XG,4XG	+ R$ 60,00	TORCEDOR,JOGADOR	torcedor/1786970357773_1.jpg torcedor/1786970357772_0.jpg
1d63a806-fe06-48df-a30e-5e51bf2a8ba5	Toluca Away 26/27	R$ 189,00	TORCEDOR	MX (México)	P,M,G,GG,2XG,3XG,4XG	+ R$ 60,00	TORCEDOR	torcedor/1786382952462_0.jpg torcedor/1786382952463_1.jpg
1a3e6eff-1845-472b-8c2c-32f301b2de42	Toluca Home Player 26/27	R$ 229,00	JOGADOR	MX (México)	P,M,G,GG,2XG,3XG,4XG	+ R$ 60,00	JOGADOR,TORCEDOR	jogador/1786970357999_1.jpg jogador/1786970357998_0.jpg jogador/1786970357999_2.jpg jogador/1786970358000_3.jpg
45ae1915-d6fa-485f-983e-b88e8ee5051c	Toluca Home Retro 08/09	R$ 229,00	RETRÔ	MX (México)	P,M,G,GG,2XG,3XG,4XG	+ R$ 60,00	RETRO	retro/1786383576199_0.jpg
4b88928a-c34c-4a1b-95bd-dc2169d6f0e6	Toluca Home Retro 05/06	R$ 229,00	RETRÔ	MX (México)	P,M,G,GG,2XG,3XG,4XG	+ R$ 60,00	RETRO	retro/1786383575780_0.jpg
dfc6080f-748e-4363-b78d-b2fbc03d493f	Toluca Home 03/04	R$ 229,00	RETRÔ	MX (México)	P,M,G,GG,2XG,3XG,4XG	+ R$ 60,00	RETRO	retro/1786963770516_0.jpg
7ae80630-eda5-4a17-8925-a195a83bf0a1	Toluca Away Retro 00/01	R$ 229,00	RETRÔ	MX (México)	P,M,G,GG,2XG,3XG,4XG	+ R$ 60,00	RETRO	retro/1786383576092_0.jpg
8bc23805-3818-4ff7-b52b-c28b7c52c0bb	Toluca Away Long 99/00	R$ 229,00	RETRÔ	MX (México)	P,M,G,GG,2XG,3XG,4XG	+ R$ 60,00	RETRO	retro/1786963770768_0.jpg retro/1786963770769_1.jpg retro/1786963770769_2.jpg
e255f79d-2741-49b2-8b9e-00ed380bf07a	Toluca Away Retro 97/98	R$ 229,00	RETRÔ	MX (México)	P,M,G,GG,2XG,3XG,4XG	+ R$ 60,00	RETRO	retro/1786383576540_0.jpg retro/1786383576541_1.jpg retro/1786383576541_2.jpg retro/1786383576541_3.jpg retro/1786383576541_4.jpg retro/1786383579159_5.jpg
1933acbe-36db-4e33-8817-8d0366104ed1	Alianza Lima 125 Years Anniversary 26/27	R$ 189,00	TORCEDOR	Outro - América	P,M,G,GG,2XG,3XG,4XG	+ R$ 60,00	TORCEDOR	torcedor/1787070424524_0.jpg torcedor/1787070424525_1.jpg
496e13d4-a247-4750-aa8f-e8e1863f0576	Alianza Lima Home 26/27	R$ 189,00	TORCEDOR	Outro - América	P,M,G,GG,2XG,3XG,4XG	+ R$ 60,00	TORCEDOR	torcedor/1787070424188_0.jpg torcedor/1787070424190_1.jpg
2f68cbf8-b631-4037-954c-7cd06c85037d	America de Cali Away 26/27	R$ 189,00	TORCEDOR	Outro - América	P,M,G,GG,2XG,3XG,4XG	+ R$ 60,00	TORCEDOR	torcedor/1787070423793_0.jpg torcedor/1787070423794_1.jpg
5fe74943-07ab-4e2d-8579-fbd7b6958cbc	America de Cali Home 26/27	R$ 189,00	TORCEDOR	Outro - América	P,M,G,GG,2XG,3XG,4XG	+ R$ 60,00	TORCEDOR	torcedor/1787070423520_0.jpg torcedor/1787070423521_1.jpg
b601fc76-c8bd-472f-b0ec-178c258a2f89	Atletico Nacional Away 26/27	R$ 189,00	TORCEDOR	Outro - América	P,M,G,GG,2XG,3XG,4XG	+ R$ 60,00	TORCEDOR,JOGADOR	torcedor/1787070919058_0.jpg torcedor/1787070919059_1.jpg
97ac8fab-a1f5-4de7-a25f-e3f8ab81daca	Atletico Nacional Home 26/27	R$ 189,00	TORCEDOR	Outro - América	P,M,G,GG,2XG,3XG,4XG	+ R$ 60,00	TORCEDOR,JOGADOR	torcedor/1787070918215_0.jpg torcedor/1787070918215_1.jpg
2d3beff6-be5e-4a18-9b1b-1bd7ea395c7e	Atletico Nacional Third 26/27	R$ 189,00	TORCEDOR	Outro - América	P,M,G,GG,2XG,3XG,4XG	+ R$ 60,00	TORCEDOR	torcedor/1787070917994_0.jpg torcedor/1787070917994_1.jpg
8d1cca25-04b1-401c-a5fe-5f656a5aa5ad	Atlético Nacional Training Player 26/27	R$ 229,00	JOGADOR	Outro - América	P,M,G,GG,2XG,3XG,4XG	+ R$ 60,00	JOGADOR	jogador/1787070920191_0.jpg jogador/1787070920192_1.jpg jogador/1787070920192_2.jpg jogador/1787070920192_3.jpg jogador/1787070920192_4.jpg
4d431edc-d11c-4396-9e53-00c1d9a212c7	Atletico Nacional Home Player 26/27	R$ 229,00	JOGADOR	Outro - América	P,M,G,GG,2XG,3XG,4XG	+ R$ 60,00	JOGADOR,TORCEDOR	jogador/1787070919553_0.jpg jogador/1787070919554_1.jpg jogador/1787070919554_2.jpg jogador/1787070919554_3.jpg jogador/1787070919554_4.jpg
15bc69c6-170a-45b2-94e5-ea8c8526709d	Atletico Nacional Away Player 26/27	R$ 229,00	JOGADOR	Outro - América	P,M,G,GG,2XG,3XG,4XG	+ R$ 60,00	JOGADOR,TORCEDOR	jogador/1787070918367_0.jpg jogador/1787070918367_1.jpg jogador/1787070918368_2.jpg jogador/1787070918368_3.jpg jogador/1787070918368_4.jpg
5c7ca739-535d-4a7a-a67c-5442bde25304	Atletico Nacional Home Retro 1997	R$ 229,00	RETRÔ		P,M,G,GG,2XG,3XG,4XG	+ R$ 60,00	RETRO	retro/1787071720894_0.jpg retro/1787071720895_1.jpg retro/1787071720895_2.jpg retro/1787071720895_3.jpg retro/1787071720896_4.jpg
ed427ea5-4c55-465b-ad0f-2f9167f8c054	Atletico Nacional Home Retro 1996	R$ 229,00	RETRÔ		P,M,G,GG,2XG,3XG,4XG	+ R$ 60,00	RETRO	retro/1787071721329_0.jpg retro/1787071721329_1.jpg retro/1787071721330_2.jpg
84529745-314e-46b5-b6a2-06445e7b10f6	Barcelona Home 25/26	R$ 189,00	TORCEDOR	Outro - América	P,M,G,GG,2XG,3XG,4XG	+ R$ 60,00	TORCEDOR	torcedor/1787071104212_0.jpg torcedor/1787071104213_1.jpg
8958b1c8-4513-438c-9e43-034b4faf520f	Cerro Porteno Away 26/27	R$ 189,00	TORCEDOR	Outro - América	P,M,G,GG,2XG,3XG,4XG	+ R$ 60,00	TORCEDOR	torcedor/1787070930905_1.jpg torcedor/1787070930904_0.jpg
0ccd764b-59a9-4095-9b12-266a7beaac6b	Cerro Porteno Home 26/27	R$ 189,00	TORCEDOR	Outro - América	P,M,G,GG,2XG,3XG,4XG	+ R$ 60,00	TORCEDOR	torcedor/1787070875338_0.jpg torcedor/1787070875338_1.jpg
1940b773-31dd-44cc-9513-16b38fc486b6	Cerro Porteno Third 26/27	R$ 189,00	TORCEDOR	Outro - América	P,M,G,GG,2XG,3XG,4XG	+ R$ 60,00	TORCEDOR	torcedor/1787070874719_0.jpg torcedor/1787070874719_1.jpg
a74cbe27-6246-4129-993b-20854c97fa23	Club Nacional de Football Home 26/27	R$ 189,00	TORCEDOR	Outro - América	P,M,G,GG,2XG,3XG,4XG	+ R$ 60,00	TORCEDOR	torcedor/1787070874334_0.jpg torcedor/1787070874335_1.jpg torcedor/1787070874335_2.jpg torcedor/1787070874335_3.jpg torcedor/1787070874361_4.jpg torcedor/1787070878605_5.jpg
7d3d436e-735a-4fd7-b1cc-db0c2cad3904	Club Nacional Goalkeeper 26/27	R$ 189,00	TORCEDOR	Outro - América	P,M,G,GG,2XG,3XG,4XG	+ R$ 60,00	TORCEDOR	torcedor/1787070873852_0.jpg torcedor/1787070873853_1.jpg torcedor/1787070873853_2.jpg torcedor/1787070873853_3.jpg torcedor/1787070873853_4.jpg torcedor/1787070876886_5.jpg
b9ee6dc7-8fc2-4925-851b-ce8996470bdf	Colo Colo Away 2026	R$ 189,00	TORCEDOR		P,M,G,GG,2XG,3XG,4XG	+ R$ 60,00	TORCEDOR,MANGA_LONGA,KIT_INFANTIL	torcedor/1787071244595_0.jpg torcedor/1787071244595_1.jpg torcedor/1787071244596_2.jpg
f6bdedc7-199a-4fa6-865c-614e7513987e	Colo Colo home 2026	R$ 189,00	TORCEDOR		P,M,G,GG,2XG,3XG,4XG	+ R$ 60,00	TORCEDOR,MANGA_LONGA,FEMININA,KIT_INFANTIL	torcedor/1787071242310_0.jpg
a307fb0d-639d-4175-81bf-c0bec99e7044	Colo Colo Third 2026	R$ 189,00	TORCEDOR		P,M,G,GG,2XG,3XG,4XG	+ R$ 60,00	TORCEDOR	torcedor/1787071241118_0.jpg torcedor/1787071241119_1.jpg
48dd17b1-a4de-42ef-b648-532841afbd6d	Colo Colo Away Kids 2026	R$ 199,00	KIDS		14,16,18	+ R$ 60,00	KIT_INFANTIL,MANGA_LONGA,TORCEDOR	kit_infantil/1787071244023_0.jpg kit_infantil/1787071244024_1.jpg
47049e8d-646a-4477-8160-8e5de861d26a	Colo Colo Away Long 2026	R$ 209,00	Colo Colo Away Long 2026		P,M,G,GG,2XG,3XG,4XG	+ R$ 60,00	MANGA_LONGA,KIT_INFANTIL,TORCEDOR	manga_longa/1787071243585_0.jpg manga_longa/1787071243586_1.jpg manga_longa/1787071243586_2.jpg manga_longa/1787071243586_3.jpg
2797eb82-d912-4bcd-95ce-d53f622d1f4b	Colo Colo home Feminina 2026	R$ 179,00	FEMININO		P,M,G,GG	+ R$ 60,00	FEMININA,MANGA_LONGA,KIT_INFANTIL,TORCEDOR	feminina/1787071242720_0.jpg feminina/1787071242720_1.jpg
9fb1ef8e-9b73-453b-89c6-a592821f5e89	Colo Colo Home Kids 2026	R$ 199,00	KIDS		14,16,18	+ R$ 60,00	KIT_INFANTIL,MANGA_LONGA,FEMININA,TORCEDOR	kit_infantil/1787071241778_0.jpg kit_infantil/1787071241779_1.jpg
03015bcb-3ff2-4c65-bc0f-d865562c9bdb	Colo Colo Home Long 2026	R$ 209,00	Colo Colo Home Long 2026		P,M,G,GG,2XG,3XG,4XG	+ R$ 60,00	MANGA_LONGA,FEMININA,KIT_INFANTIL,TORCEDOR	manga_longa/1787071241499_0.jpg manga_longa/1787071241499_1.jpg manga_longa/1787071241500_2.jpg manga_longa/1787071241500_3.jpg manga_longa/1787071241500_4.jpg
bf198034-daf1-42a7-82c5-e6af08956c4e	Colo Colo Retro 2011	R$ 229,00	RETRÔ		P,M,G,GG,2XG,3XG,4XG	+ R$ 60,00	RETRO	retro/1787071777949_0.jpg retro/1787071777949_1.jpg retro/1787071777950_2.jpg retro/1787071777950_3.jpg retro/1787071777950_4.jpg retro/1787071782318_5.jpg
d8a303ed-c86e-4bdd-b328-89d02f085b70	Colo Colo Away Retro 2003	R$ 229,00	RETRÔ		P,M,G,GG,2XG,3XG,4XG	+ R$ 60,00	RETRO	retro/1787071790187_2.jpg retro/1787071790186_0.jpg retro/1787071790186_1.jpg
cefde5ae-3eac-4abd-b4b5-a0fdf4faa167	Colo Colo Retro 2003	R$ 229,00	RETRÔ		P,M,G,GG,2XG,3XG,4XG	+ R$ 60,00	RETRO	retro/1787071778370_0.jpg retro/1787071778370_1.jpg retro/1787071778371_2.jpg
77eca64b-a204-4fa8-8508-93a2bfe99f9d	Colo-Colo away 99	R$ 229,00	RETRÔ		P,M,G,GG,2XG,3XG,4XG	+ R$ 60,00	RETRO	retro/1787071777149_0.jpg retro/1787071777149_1.jpg retro/1787071777150_2.jpg retro/1787071777150_3.jpg retro/1787071777150_4.jpg
016d90dc-f1c4-427d-82ad-1176643d40a1	Colo-Colo home 99	R$ 229,00	RETRÔ		P,M,G,GG,2XG,3XG,4XG	+ R$ 60,00	RETRO	retro/1787071777059_0.jpg retro/1787071777060_1.jpg retro/1787071777060_2.jpg retro/1787071777061_3.jpg
89af1258-dee7-4282-90a9-cc2d304c0e9c	Colo-Colo home 91	R$ 229,00	RETRÔ		P,M,G,GG,2XG,3XG,4XG	+ R$ 60,00	RETRO	retro/1787071777017_0.jpg retro/1787071777018_1.jpg retro/1787071777018_2.jpg retro/1787071777018_3.jpg
4453ce98-6e67-4eb6-9dec-d1312334de79	Colo-Colo away 1986	R$ 229,00	RETRÔ		P,M,G,GG,2XG,3XG,4XG	+ R$ 60,00	RETRO	retro/1787071777479_0.jpg retro/1787071777480_1.jpg retro/1787071777480_2.jpg retro/1787071777480_3.jpg
76411d45-19b0-45a4-8ed6-4e3311e7fc4a	Emelec Away 26/27	R$ 189,00	TORCEDOR	Outro - América	P,M,G,GG,2XG,3XG,4XG	+ R$ 60,00	TORCEDOR	torcedor/1787070873477_0.jpg torcedor/1787070873478_1.jpg
603ab37e-3fc6-4bf2-82fb-a97cb60ef2fd	Emelec Home 26/27	R$ 189,00	TORCEDOR	Outro - América	P,M,G,GG,2XG,3XG,4XG	+ R$ 60,00	TORCEDOR	torcedor/1787070873260_0.jpg torcedor/1787070873261_1.jpg
324656aa-dedd-4712-a839-189097fd4ee5	Independiente de Medellin Home 25/26	R$ 189,00	TORCEDOR	Outro - América	P,M,G,GG,2XG,3XG,4XG	+ R$ 60,00	TORCEDOR	torcedor/1787071106944_0.jpg torcedor/1787071106944_1.jpg
8a542f4f-5458-480c-9193-67ee10577fcc	Independiente de Medellin Awa 25/26	R$ 189,00	TORCEDOR	Outro - América	P,M,G,GG,2XG,3XG,4XG	+ R$ 60,00	TORCEDOR	torcedor/1787071105301_0.jpg torcedor/1787071105302_1.jpg
e0678ded-7db7-486b-a26c-4fc17a0714da	Junior Barranquilla Away 26/27	R$ 189,00	TORCEDOR	Outro - América	P,M,G,GG,2XG,3XG,4XG	+ R$ 60,00	TORCEDOR	torcedor/1787070771405_0.jpg torcedor/1787070771406_1.jpg
2b1ee289-d09a-44f3-9f37-7aafca46d9fe	Junior Barranquilla Home 26/27	R$ 189,00	TORCEDOR	Outro - América	P,M,G,GG,2XG,3XG,4XG	+ R$ 60,00	TORCEDOR	torcedor/1787070770886_0.jpg torcedor/1787070770887_1.jpg
95c42d0a-c377-4335-87c6-9d31fb138b1a	LDU Quito third 25/26	R$ 189,00	TORCEDOR	Outro - América	P,M,G,GG,2XG,3XG,4XG	+ R$ 60,00	TORCEDOR	torcedor/1787071112071_1.png torcedor/1787071112070_0.png
68e328fc-4189-4311-ae50-bafc82d842b7	LDU Quito home 25/26	R$ 189,00	TORCEDOR	Outro - América	P,M,G,GG,2XG,3XG,4XG	+ R$ 60,00	TORCEDOR	torcedor/1787071110705_1.png torcedor/1787071110704_0.png
80953345-cb1d-4c99-9359-dc6dce6bf05b	LDU Quito away 25/26	R$ 189,00	TORCEDOR	Outro - América	P,M,G,GG,2XG,3XG,4XG	+ R$ 60,00	TORCEDOR	torcedor/1787071110088_1.png torcedor/1787071110087_0.png
c00c5108-6af7-4b29-a9b1-35b7b3eddd85	Libertard Home 26/27	R$ 189,00	TORCEDOR	Outro - América	P,M,G,GG,2XG,3XG,4XG	+ R$ 60,00	TORCEDOR	torcedor/1787071286842_0.jpg torcedor/1787071286842_1.jpg torcedor/1787071286842_2.jpg torcedor/1787071286843_3.jpg torcedor/1787071286843_4.jpg torcedor/1787071290362_5.jpg
c87a2e27-f4d8-453a-983d-bac924cd3fc6	Millonarios Home 26/27	R$ 189,00	TORCEDOR	Outro - América	P,M,G,GG,2XG,3XG,4XG	+ R$ 60,00	TORCEDOR,JOGADOR	torcedor/1787070794050_0.jpg torcedor/1787070794051_1.jpg torcedor/1787070794051_2.jpg torcedor/1787070794051_3.jpg torcedor/1787070794051_4.jpg torcedor/1787070797606_5.jpg
6b8ca032-b4c3-4cab-a46b-c40287f4add1	Millonarios Home Player 26/27	R$ 229,00	JOGADOR	Outro - América	P,M,G,GG,2XG,3XG,4XG	+ R$ 60,00	JOGADOR,TORCEDOR	jogador/1787070793699_1.jpg jogador/1787070793699_0.jpg jogador/1787070793700_2.jpg jogador/1787070793700_3.jpg jogador/1787070793700_4.jpg jogador/1787070797078_5.jpg jogador/1787070797079_6.jpg
e96a474d-a651-450a-97c8-e43c24af88c2	Montevideo City Torque Home 26/27	R$ 189,00	TORCEDOR	Outro - América	P,M,G,GG,2XG,3XG,4XG	+ R$ 60,00	TORCEDOR	torcedor/1787070793167_0.jpg torcedor/1787070793168_1.jpg torcedor/1787070793168_2.jpg torcedor/1787070793169_3.jpg
7f5f0790-81da-45dd-a298-7f8a7bc05aa3	Olimpia Away 26/27	R$ 189,00	TORCEDOR	Outro - América	P,M,G,GG,2XG,3XG,4XG	+ R$ 60,00	TORCEDOR	torcedor/1787070724427_0.jpg torcedor/1787070724427_1.jpg torcedor/1787070724428_2.jpg
456134d0-cb78-430f-8b9a-2ddb30243906	Olimpia Home 26/27	R$ 189,00	TORCEDOR	Outro - América	P,M,G,GG,2XG,3XG,4XG	+ R$ 60,00	TORCEDOR	torcedor/1787070722785_1.jpg torcedor/1787070722785_0.jpg
a2d75e1d-181a-45d9-a714-d758c9c9c36f	Olimpia Third 26/27	R$ 189,00	TORCEDOR	Outro - América	P,M,G,GG,2XG,3XG,4XG	+ R$ 60,00	TORCEDOR	torcedor/1787070722521_0.jpg torcedor/1787070722522_1.jpg torcedor/1787070722522_2.jpg
095bf080-54cd-4a65-9d39-a4b80b0607dd	Penarol Away 26/27	R$ 189,00	TORCEDOR	Outro - América	P,M,G,GG,2XG,3XG,4XG	+ R$ 60,00	TORCEDOR	torcedor/1787070722305_0.jpg torcedor/1787070722306_1.jpg torcedor/1787070722306_2.jpg torcedor/1787070722306_3.jpg torcedor/1787070722306_4.jpg torcedor/1787070728015_5.jpg
b414347c-808c-436b-b391-1e57643b6633	Penarol Third 26/27	R$ 189,00	TORCEDOR	Outro - América	P,M,G,GG,2XG,3XG,4XG	+ R$ 60,00	TORCEDOR	torcedor/1787070722297_0.jpg torcedor/1787070722298_1.jpg
11a7ed56-3f11-40cd-b80f-a9b4bb4eeb73	Penarol Home 26/27	R$ 189,00	TORCEDOR	Outro - América	P,M,G,GG,2XG,3XG,4XG	+ R$ 60,00	TORCEDOR	torcedor/1787070722310_0.jpg torcedor/1787070722310_1.jpg torcedor/1787070722311_2.jpg torcedor/1787070722311_3.jpg torcedor/1787070722311_4.jpg torcedor/1787070725484_5.jpg torcedor/1787070725485_6.jpg
6509fbd7-4842-49de-aab3-028b7d060f59	Penarol Home Retro 1999	R$ 229,00	RETRÔ		P,M,G,GG,2XG,3XG,4XG	+ R$ 60,00	RETRO	retro/1787072129366_0.jpg retro/1787072129367_1.jpg retro/1787072129367_2.jpg retro/1787072129367_3.jpg
8b599635-b7cb-4171-b562-912737ad3987	Penarol Home Retro 96/97	R$ 229,00	RETRÔ	Outro - América	P,M,G,GG,2XG,3XG,4XG	+ R$ 60,00	RETRO	retro/1787072129231_0.jpg retro/1787072129232_1.jpg retro/1787072129232_2.jpg retro/1787072129232_3.jpg
07490384-bb5c-42fc-bbd7-514723049ca2	Universidad Catolica de Chile Away 2026	R$ 189,00	TORCEDOR		P,M,G,GG,2XG,3XG,4XG	+ R$ 60,00	TORCEDOR	torcedor/1787071240022_0.jpg torcedor/1787071240023_1.jpg torcedor/1787071240023_2.jpg torcedor/1787071240023_3.jpg
47e46962-a38e-445e-9dec-39d7be040470	Universidad Catolica de Chile Home 2026	R$ 189,00	TORCEDOR		P,M,G,GG,2XG,3XG,4XG	+ R$ 60,00	TORCEDOR,RETRO	torcedor/1787071239563_0.jpg torcedor/1787071239563_1.jpg torcedor/1787071239564_2.jpg torcedor/1787071239564_3.jpg
09057603-a33a-4692-bf42-64d5dd8a881d	Universidad Catolica de Chile Third 2026	R$ 189,00	TORCEDOR		P,M,G,GG,2XG,3XG,4XG	+ R$ 60,00	TORCEDOR	torcedor/1787071239161_0.jpg torcedor/1787071239161_1.jpg
c1f7e2a9-2a6c-471a-b6c6-9cc38005e643	Universidad Catolica de Chile Retro Home 2026	R$ 229,00	RETRÔ		P,M,G,GG,2XG,3XG,4XG	+ R$ 60,00	RETRO,TORCEDOR	torcedor/1787071239113_0.jpg torcedor/1787071239114_1.jpg torcedor/1787071239114_2.jpg torcedor/1787071239114_3.jpg
2e8370ee-eed1-46eb-bf2d-be70717e5fbf	Universidad Catolica de Chile Away 2009	R$ 229,00	RETRÔ		P,M,G,GG,2XG,3XG,4XG	+ R$ 60,00	RETRO	retro/1787071878908_0.jpg retro/1787071878909_1.jpg retro/1787071878909_2.jpg retro/1787071878909_3.jpg retro/1787071878909_4.jpg retro/1787071882427_5.jpg
f4a57a8f-85b8-4ac1-b151-80f696cf9ab9	Universidad Catolica de Chile Away Retro 98	R$ 229,00	RETRÔ		P,M,G,GG,2XG,3XG,4XG	+ R$ 60,00	RETRO	kit_infantil/1787071878507_1.jpg kit_infantil/1787071878506_0.jpg kit_infantil/1787071878507_2.jpg kit_infantil/1787071878507_3.jpg kit_infantil/1787071878507_4.jpg kit_infantil/1787071881850_5.jpg
102d469c-26dc-4943-b643-fd4949c8f61e	Universidad Catolica de Chile Home 96	R$ 229,00	RETRÔ		P,M,G,GG,2XG,3XG,4XG	+ R$ 60,00	RETRO	retro/1787071878370_0.jpg retro/1787071878371_1.jpg retro/1787071878371_2.jpg retro/1787071878372_3.jpg retro/1787071878372_4.jpg
af1da64d-6e57-4a93-aed4-7504057a6b3d	Universidad de Chile Away 26/27	R$ 189,00	TORCEDOR	Outro - América	P,M,G,GG,2XG,3XG,4XG	+ R$ 60,00	TORCEDOR,KIT_INFANTIL	torcedor/1787070550019_0.jpg torcedor/1787070550020_1.jpg torcedor/1787070550020_2.jpg torcedor/1787070550021_3.jpg
be9ce847-db96-42df-931f-8120b2d51b4e	Universidad de Chile Home 26/27	R$ 189,00	TORCEDOR	Outro - América	P,M,G,GG,2XG,3XG,4XG	+ R$ 60,00	TORCEDOR,MANGA_LONGA,KIT_INFANTIL	torcedor/1787070549061_0.jpg torcedor/1787070549062_1.jpg torcedor/1787070549062_2.jpg
d7b40d02-593c-47c3-94cd-bfaac3686c7a	Universidad de Chile Third 26/27	R$ 189,00	TORCEDOR	Outro - América	P,M,G,GG,2XG,3XG,4XG	+ R$ 60,00	TORCEDOR	torcedor/1787070546856_0.jpg torcedor/1787070546857_1.jpg torcedor/1787070546857_2.jpg torcedor/1787070546857_3.jpg torcedor/1787070546858_4.jpg
89551e58-4270-478a-a093-73dda6ed1066	Universidad de Chile Away Kids 26/27	R$ 199,00	KIDS	Outro - América	14,16,18	+ R$ 60,00	KIT_INFANTIL,TORCEDOR	kit_infantil/1787070549053_0.jpg kit_infantil/1787070549054_1.jpg
e34c65d7-a749-4dea-be18-f5c83a39c219	Universidad de Chile Home Kids 26/27	R$ 199,00	KIDS	Outro - América	14,16,18	+ R$ 60,00	KIT_INFANTIL,TORCEDOR,MANGA_LONGA	kit_infantil/1787070547799_0.jpg kit_infantil/1787070547800_1.jpg
d8bc8241-e1b6-4a8b-a1b6-6c91f15ae513	Universidad de Chile Home Long 26/27	R$ 209,00	Universidad de Chile Home Long 26/27	Outro - América	P,M,G,GG,2XG,3XG,4XG	+ R$ 60,00	MANGA_LONGA,TORCEDOR,KIT_INFANTIL	manga_longa/1787070547450_0.jpg manga_longa/1787070547451_1.jpg manga_longa/1787070547451_2.jpg manga_longa/1787070547451_3.jpg
05b78d57-df5e-4124-a9ab-368dab59dba1	Universidad de Chile Home Retro 2001	R$ 229,00	RETRÔ		P,M,G,GG,2XG,3XG,4XG	+ R$ 60,00	RETRO	retro/1787071827026_0.jpg retro/1787071827027_1.jpg
8c20cf54-471d-4be0-be6f-10902a170d77	Universidad de Chile Away Retro 2000-1999	R$ 229,00	RETRÔ		P,M,G,GG,2XG,3XG,4XG	+ R$ 60,00	RETRO	retro/1787071846974_0.jpg retro/1787071846974_1.jpg retro/1787071846975_2.jpg retro/1787071846975_3.jpg retro/1787071846975_4.jpg
63bfad04-a699-43e2-a8ed-4a4c8caaa325	Universidad de Chile Home Retro 99/00	R$ 229,00	RETRÔ	Outro - América	P,M,G,GG,2XG,3XG,4XG	+ R$ 60,00	RETRO	retro/1787071826952_0.jpg retro/1787071826953_1.jpg retro/1787071826953_2.jpg
0225aaed-e161-40a6-8015-bb0c0164e008	Universidad de Chile Home Retro 1996	R$ 229,00	RETRÔ		P,M,G,GG,2XG,3XG,4XG	+ R$ 60,00	RETRO	retro/1787071827528_0.jpg retro/1787071827529_1.jpg retro/1787071827529_2.jpg retro/1787071827529_3.jpg
b9790dbd-3c7e-4d23-93b4-9be4c58fcf14	Augsburg Home 25/26	R$ 189,00	TORCEDOR	Bundesliga (Alemanha)	P,M,G,GG,2XG,3XG,4XG	+ R$ 60,00	TORCEDOR	torcedor/1784683024353_0.jpg torcedor/1784683024354_1.jpg torcedor/1784683024354_2.jpg torcedor/1784683024354_3.jpg
f65dec4e-378e-4f22-b3de-a3642a642083	Leverkusen Home 26/27	R$ 189,00	TORCEDOR	Bundesliga (Alemanha)	P,M,G,GG,2XG,3XG,4XG	+ R$ 60,00	TORCEDOR,JOGADOR	torcedor/1789489036461_0.jpg torcedor/1789489036462_1.jpg torcedor/1789489036462_2.jpg
81e4e006-2569-4653-9823-847defc840d6	Leverkusen Home Player Version 26/27	R$ 229,00	JOGADOR	Bundesliga (Alemanha)	P,M,G,GG,2XG,3XG,4XG	+ R$ 60,00	JOGADOR,TORCEDOR	jogador/1789489036799_0.jpg jogador/1789489036800_1.jpg jogador/1789489036800_2.jpg jogador/1789489036800_3.jpg jogador/1789489036800_4.jpg
76401c4f-7ca5-44ec-9e97-89423a98baaa	Leverkusen Away Player 26/27	R$ 229,00	JOGADOR	Bundesliga (Alemanha)	P,M,G,GG,2XG,3XG,4XG	+ R$ 60,00	JOGADOR	jogador/1789489035989_0.jpg jogador/1789489035989_1.jpg jogador/1789489035990_2.jpg jogador/1789489035990_3.jpg
e4418c1e-38c7-4553-b337-91d7d050a095	Bayer 04 Leverkusen Home 25/26	R$ 189,00	TORCEDOR	Bundesliga (Alemanha)	P,M,G,GG,2XG,3XG,4XG	+ R$ 60,00	TORCEDOR	torcedor/1784682631433_3.jpg torcedor/1784682631432_0.jpg torcedor/1784682631432_1.jpg torcedor/1784682631433_2.jpg torcedor/1784682631433_4.jpg
a5a81f00-91bb-4915-9a76-a8848ff11410	Bayer 04 Leverkusen Away 25/26	R$ 189,00	TORCEDOR	Bundesliga (Alemanha)	P,M,G,GG,2XG,3XG,4XG	+ R$ 60,00	TORCEDOR	torcedor/1784682598147_1.jpg torcedor/1784682598147_0.jpg torcedor/1784682598147_2.jpg torcedor/1784682598148_3.jpg torcedor/1784682598148_4.jpg
c19c650c-bf3d-476a-a1fd-cb92edcd651b	Leverkusen Home Retro 02/04	R$ 229,00	RETRÔ	Bundesliga (Alemanha)	P,M,G,GG,2XG,3XG,4XG	+ R$ 60,00	RETRO	retro/1789489037242_0.jpg retro/1789489037243_1.jpg retro/1789489037243_2.jpg retro/1789489037243_3.jpg
ae061bf5-b0d9-49b9-a700-5f9ba69a21c4	Leverkusen Home Retro 97/98	R$ 229,00	RETRÔ	Bundesliga (Alemanha)	P,M,G,GG,2XG,3XG,4XG	+ R$ 60,00	RETRO	retro/1789489038105_0.jpg retro/1789489038105_1.jpg retro/1789489038105_2.jpg retro/1789489038105_3.jpg
36b157b7-83d3-477c-8f19-09e926cbc25b	Bayern Munich Third 26/27	R$ 189,00	TORCEDOR	Bundesliga (Alemanha)	P,M,G,GG,2XG,3XG,4XG	+ R$ 60,00	TORCEDOR,KIT_INFANTIL,MANGA_LONGA	torcedor/1789488419541_0.jpg torcedor/1789488419541_1.jpg torcedor/1789488419541_2.jpg torcedor/1789488419541_3.jpg
744ba2e2-8a9c-451f-99b6-ee855a5e585f	Bayern Munich Cream White 1990 Vintage Remake fan	R$ 229,00	TORCEDOR		P,M,G,GG,2XG,3XG,4XG	+ R$ 60,00	RETRO	jogador/1784733760260_1.jpg jogador/1784733760259_0.jpg jogador/1784733760260_2.jpg jogador/1784733760260_3.jpg
3c3986e4-a671-4af8-a439-89ee77814d3b	Bayern Pré Jogo 26/27	R$ 189,00	TORCEDOR	Bundesliga (Alemanha)	P,M,G,GG,2XG,3XG,4XG	+ R$ 60,00	TORCEDOR	torcedor/1784733758616_1.jpg torcedor/1784733758615_0.jpg
5c5fa41a-9be3-4dad-8dac-445b9c5721aa	Bayern Away 26/27	R$ 189,00	TORCEDOR	Bundesliga (Alemanha)	P,M,G,GG,2XG,3XG,4XG	+ R$ 60,00	TORCEDOR,JOGADOR	torcedor/1784733519391_0.jpg torcedor/1784733519391_1.jpg torcedor/1784733519392_2.jpg torcedor/1784733519392_3.jpg torcedor/1784733519392_4.jpg torcedor/1784733524695_5.jpg torcedor/1784733524696_6.jpg torcedor/1784733524696_7.jpg
bb3ac3ec-8f1e-4225-82c8-31ecbd3aad76	Bayern Home 26/27	R$ 189,00	TORCEDOR	Bundesliga (Alemanha)	P,M,G,GG,2XG,3XG,4XG	+ R$ 60,00	TORCEDOR,JOGADOR,KIT_INFANTIL	torcedor/1784733513964_0.png torcedor/1784733513965_1.jpg torcedor/1784733513965_2.jpg torcedor/1784733513965_3.jpg torcedor/1784733513965_4.jpg torcedor/1784733521362_5.png torcedor/1784733521362_6.jpg torcedor/1784733521363_7.jpg
c72c3442-1eeb-4f36-830c-31f0ca2e104e	Bayern Munich Third Long Sleeve 26/27	R$ 209,00	MANGA LONGA	Bundesliga (Alemanha)	P,M,G,GG,2XG,3XG,4XG	+ R$ 60,00	MANGA_LONGA,TORCEDOR,KIT_INFANTIL	manga_longa/1789488418848_0.jpg manga_longa/1789488418849_1.jpg
8c1b4588-5aea-45b6-9e68-1183dddb3c6f	Bayern-Munich-Third-Kids- 26/27	R$ 199,00	KIDS	Bundesliga (Alemanha)	14,16,18	+ R$ 60,00	KIT_INFANTIL,TORCEDOR,MANGA_LONGA	kit_infantil/1789488417392_0.jpg kit_infantil/1789488417392_1.jpg
50a15566-c255-4310-aaf4-7855020f543a	Bayern Home Kids 26/27	R$ 199,00	KIDS	Bundesliga (Alemanha)	14,16,18	+ R$ 60,00	KIT_INFANTIL,JOGADOR,TORCEDOR	kit_infantil/1784733763767_1.jpg kit_infantil/1784733763767_0.jpg kit_infantil/1784733763768_2.jpg kit_infantil/1784733763768_3.jpg
3215ae07-5786-4eda-b109-b2ad6c6bf012	Bayern Home Player 26/27	R$ 229,00	JOGADOR	Bundesliga (Alemanha)	P,M,G,GG,2XG,3XG,4XG	+ R$ 60,00	JOGADOR,KIT_INFANTIL,TORCEDOR	jogador/1784733762650_2.jpg jogador/1784733762649_0.jpg jogador/1784733762650_1.jpg jogador/1784733762650_3.jpg jogador/1784733762650_4.jpg jogador/1784733770826_5.jpg
c312433b-f40b-4a2a-8253-0ed5d5eefaf9	Bayern Munich Cream White 1990 Vintage Remake	R$ 229,00	RETRÔ		P,M,G,GG,2XG,3XG,4XG	+ R$ 60,00	RETRO	manga_longa/1784733760763_4.jpg manga_longa/1784733760762_0.jpg manga_longa/1784733760762_1.jpg manga_longa/1784733760762_2.jpg manga_longa/1784733760763_3.jpg
7a8de4c1-05ee-436f-bb4b-64b97033f130	Bayern Away Player 26/27	R$ 229,00	JOGADOR	Bundesliga (Alemanha)	P,M,G,GG,2XG,3XG,4XG	+ R$ 60,00	JOGADOR,TORCEDOR	jogador/1784733519221_0.jpg jogador/1784733519225_1.jpg jogador/1784733519225_2.jpg jogador/1784733519225_3.jpg
d0f87ab9-db0a-452f-9ca5-571d29106690	Bayern Munich home retro 21/22	R$ 229,00	RETRÔ	Bundesliga (Alemanha)	P,M,G,GG,2XG,3XG,4XG	+ R$ 60,00	RETRO	retro/1784733759645_0.jpg retro/1784733759646_1.jpg retro/1784733759646_2.jpg retro/1784733759646_3.jpg retro/1784733759647_4.jpg
882f7855-37a4-4b83-8c48-9b72ccfca799	Bayern Home Retro 2001	R$ 229,00	RETRÔ		P,M,G,GG,2XG,3XG,4XG	+ R$ 60,00	RETRO	retro/1784733761336_1.jpg retro/1784733761335_0.jpg retro/1784733761336_2.jpg retro/1784733761336_3.jpg retro/1784733761337_4.jpg
1fa844f9-0be2-4057-bf98-9e2573eb8a8b	Bayern Munich Home Retro 15/16	R$ 229,00	RETRÔ	Bundesliga (Alemanha)	P,M,G,GG,2XG,3XG,4XG	+ R$ 60,00	RETRO	retro/1790208160437_0.jpg retro/1790208160438_1.jpg
3a93f76a-99f7-4721-ae24-f5552eea222c	Bayern Home Retrô 14/15	R$ 229,00	RETRÔ	Bundesliga (Alemanha)	P,M,G,GG,2XG,3XG,4XG	+ R$ 60,00	RETRO	retro/1784733761647_1.jpg retro/1784733761647_0.jpg retro/1784733761648_2.jpg retro/1784733761648_3.jpg
4259fe94-e421-4496-8129-1e2c2618b3e8	bayern third Retrô 14/15	R$ 229,00	RETRÔ	Bundesliga (Alemanha)	P,M,G,GG,2XG,3XG,4XG	+ R$ 60,00	RETRO	retro/1784733758179_0.jpg retro/1784733758180_1.jpg retro/1784733758180_2.jpg retro/1784733758180_3.jpg retro/1784733758180_4.jpg
8c039a1c-d025-4e83-99c5-87d0670ca542	Bayern home Retrô 13/14	R$ 229,00	RETRÔ	Bundesliga (Alemanha)	P,M,G,GG,2XG,3XG,4XG	+ R$ 60,00	RETRO	retro/1784733514812_0.jpg retro/1784733514813_1.jpg retro/1784733514813_2.jpg retro/1784733514813_3.jpg retro/1784733514814_4.jpg retro/1784733524620_5.jpg
dbfb594a-1064-4cc1-ae02-33a191867176	Bayern home Retrô 12/13	R$ 229,00	RETRÔ	Bundesliga (Alemanha)	P,M,G,GG,2XG,3XG,4XG	+ R$ 60,00	RETRO	retro/1784733514003_0.jpg retro/1784733514004_1.jpg retro/1784733514004_2.jpg retro/1784733514005_3.jpg retro/1784733514005_4.jpg retro/1784733517563_5.jpg retro/1784733517564_6.jpg retro/1784733517564_7.jpg
9d0e6fbd-61b4-47a3-96da-02cfc7b5269d	Bayern home Retrô 07/08	R$ 229,00	RETRÔ	Bundesliga (Alemanha)	P,M,G,GG,2XG,3XG,4XG	+ R$ 60,00	RETRO	retro/1784733522315_0.jpg retro/1784733522315_1.jpg retro/1784733522316_2.jpg retro/1784733522316_3.jpg retro/1784733522316_4.jpg
0cbbe8bc-0300-4afd-8f0e-816e6ab79134	Bayern Away Retro 04/05	R$ 229,00	RETRÔ	Bundesliga (Alemanha)	P,M,G,GG,2XG,3XG,4XG	+ R$ 60,00	RETRO	retro/1784733516033_0.jpg retro/1784733516033_1.jpg retro/1784733516034_2.jpg retro/1784733516034_3.jpg retro/1784733516034_4.jpg retro/1784733520004_5.jpg
c6c23749-9c65-4aa1-b133-f4d4f7af9317	Bayern Munchen Away Retro 02/04	R$ 229,00	RETRÔ	Bundesliga (Alemanha)	P,M,G,GG,2XG,3XG,4XG	+ R$ 60,00	RETRO	retro/1789488419909_0.jpg retro/1789488419909_1.jpg retro/1789488419909_2.jpg retro/1789488419910_3.jpg retro/1789488419911_4.jpg
9e764d41-d461-422b-887e-9ccd9a7a0e7a	Bayern home Retrô 01/02	R$ 229,00	RETRÔ	Bundesliga (Alemanha)	P,M,G,GG,2XG,3XG,4XG	+ R$ 60,00	RETRO	retro/1784733515750_0.jpg retro/1784733515751_1.jpg retro/1784733515751_2.jpg retro/1784733515751_3.jpg retro/1784733515752_4.jpg
b90e833b-9460-4bc6-af92-a152b94c7eed	Bayern Away Retrô 00/02	R$ 229,00	RETRÔ	Bundesliga (Alemanha)	P,M,G,GG,2XG,3XG,4XG	+ R$ 60,00	RETRO	retro/1784733517519_0.jpg retro/1784733517520_1.jpg retro/1784733517520_2.jpg retro/1784733517521_3.jpg retro/1784733517521_4.jpg retro/1784733525621_5.jpg retro/1784733525622_6.jpg
432244f2-e696-4d05-bc78-fb67b0ec2b42	Bayern Munich Retro Home 93/95	R$ 229,00	RETRÔ	Bundesliga (Alemanha)	P,M,G,GG,2XG,3XG,4XG	+ R$ 60,00	RETRO	retro/1784733759219_2.jpg retro/1784733759218_0.jpg retro/1784733759219_1.jpg retro/1784733759219_3.jpg retro/1784733759220_4.jpg
049d9235-157e-470f-8fac-029010ef9db6	Dortmund Third 26/27	R$ 189,00	TORCEDOR	Bundesliga (Alemanha)	P,M,G,GG,2XG,3XG,4XG	+ R$ 60,00	TORCEDOR	torcedor/1789489187385_0.jpg torcedor/1789489187386_1.jpg torcedor/1789489187386_2.jpg torcedor/1789489187387_3.jpg torcedor/1789489187387_4.jpg
cf59dcf8-a55d-42ba-ae43-0f5038c8b3b2	Borussia Dortmund Away 26/27	R$ 189,00	TORCEDOR	Bundesliga (Alemanha)	P,M,G,GG,2XG,3XG,4XG	+ R$ 60,00	TORCEDOR	torcedor/1784733898422_3.png torcedor/1784733898421_0.jpg torcedor/1784733898422_1.jpg torcedor/1784733898422_2.png torcedor/1784733898422_4.jpg
232ed671-ebb1-440f-988a-dc2654539565	Borussia Dortmund Home 26/27	R$ 189,00	TORCEDOR	Bundesliga (Alemanha)	P,M,G,GG,2XG,3XG,4XG	+ R$ 60,00	TORCEDOR,KIT_INFANTIL	torcedor/1784733897528_1.jpg torcedor/1784733897527_0.jpg torcedor/1784733897528_2.jpg torcedor/1784733897528_3.jpg torcedor/1784733897528_4.jpg torcedor/1784733901416_5.jpg
e5289a77-2b17-40ba-a2da-9a81c74a48bf	Borussia Dortmund Home Kids 26/27	R$ 199,00	KIDS	Bundesliga (Alemanha)	14,16,18	+ R$ 60,00	KIT_INFANTIL,TORCEDOR	kit_infantil/1784733898514_1.jpg kit_infantil/1784733898514_0.jpg kit_infantil/1784733898515_2.jpg kit_infantil/1784733898515_3.jpg
627d46ab-84ea-4cef-adac-5775d7540052	Borussia Dortmund Home Retro 21/22	R$ 229,00	RETRÔ	Bundesliga (Alemanha)	P,M,G,GG,2XG,3XG,4XG	+ R$ 60,00	RETRO	retro/1784733896129_2.jpg retro/1784733896128_0.jpg retro/1784733896129_1.jpg retro/1784733896129_3.jpg retro/1784733896129_4.jpg
622e8c5d-b213-4047-9d02-661ca306b3e5	Borussia Dortmund Home Retro 11/12	R$ 229,00	RETRÔ	Bundesliga (Alemanha)	P,M,G,GG,2XG,3XG,4XG	+ R$ 60,00	RETRO	retro/1784733896552_3.jpg retro/1784733896551_0.jpg retro/1784733896552_1.jpg retro/1784733896552_2.jpg retro/1784733896552_4.jpg
8450a92f-a6b7-4d92-a936-b6b3c776d81b	Borussia Dortmund Away Retro 98/00	R$ 229,00	RETRÔ	Bundesliga (Alemanha)	P,M,G,GG,2XG,3XG,4XG	+ R$ 60,00	RETRO	retro/1784733897954_3.jpg retro/1784733897953_0.jpg retro/1784733897954_1.jpg retro/1784733897954_2.jpg retro/1784733897954_4.jpg retro/1784733901179_5.jpg
a8ff4fef-9a81-40a3-bf8f-82615615bcae	Borussia Dortmund Home Retro 96/97	R$ 229,00	RETRÔ	Bundesliga (Alemanha)	P,M,G,GG,2XG,3XG,4XG	+ R$ 60,00	RETRO	retro/1784733895327_1.png retro/1784733895326_0.jpg retro/1784733895327_2.png retro/1784733895327_3.jpg retro/1784733895327_4.jpg
5a8cb31f-9008-434e-a9d7-6eeac44195a2	Borussia Dortmund Home Retro 94/95	R$ 229,00	RETRÔ	Bundesliga (Alemanha)	P,M,G,GG,2XG,3XG,4XG	+ R$ 60,00	RETRO	retro/1784733895363_4.jpg retro/1784733895361_0.jpg retro/1784733895362_1.jpg retro/1784733895363_2.jpg retro/1784733895363_3.jpg
9e52a03e-452b-43fc-8ace-62c8362af1b5	Borussia Dortmund Home Retro 88	R$ 229,00	RETRÔ		P,M,G,GG,2XG,3XG,4XG	+ R$ 60,00	RETRO	retro/1784733895790_0.jpg retro/1784733895791_1.jpg retro/1784733895791_2.jpg retro/1784733895791_3.jpg retro/1784733895791_4.jpg retro/1784733918228_5.jpg
3d3b80f2-0eca-4c15-8efc-6447aa548c67	Monchengladbach Third 26/27	R$ 189,00	TORCEDOR	Bundesliga (Alemanha)	P,M,G,GG,2XG,3XG,4XG	+ R$ 60,00	TORCEDOR	torcedor/1789488946201_0.jpg torcedor/1789488946202_1.jpg
4f230804-7032-424a-83de-e7519a0bf730	Borussia Mönchengladbach Home Away 26/27	R$ 189,00	TORCEDOR	Bundesliga (Alemanha)	P,M,G,GG,2XG,3XG,4XG	+ R$ 60,00	TORCEDOR,KIT_INFANTIL	torcedor/1784683085147_0.jpg torcedor/1784683085147_1.jpg
5ef2a7aa-a7e1-4c68-a39f-db7526f598ae	Borussia Mönchengladbach Home 26/27	R$ 189,00	TORCEDOR	Bundesliga (Alemanha)	P,M,G,GG,2XG,3XG,4XG	+ R$ 60,00	TORCEDOR,KIT_INFANTIL	torcedor/1784682710065_0.png torcedor/1784682710066_1.jpg torcedor/1784682710066_2.png torcedor/1784682710066_3.jpg torcedor/1784682710067_4.jpg torcedor/1784682713661_5.jpg
6d07fc90-7a0d-46fb-bad5-700290d71ef1	Borussia Mönchengladbach Away 26/27	R$ 189,00	TORCEDOR	Bundesliga (Alemanha)	P,M,G,GG,2XG,3XG,4XG	+ R$ 60,00	TORCEDOR	torcedor/1784682685812_0.jpg torcedor/1784682685813_1.jpg
c89c1d24-7066-4176-99bd-7c71fb7d357f	Borussia Mönchengladbach Home Kids 26/27	R$ 199,00	KIDS	Bundesliga (Alemanha)	14,16,18	+ R$ 60,00	KIT_INFANTIL,TORCEDOR	kit_infantil/1784682758454_1.jpg kit_infantil/1784682758453_0.jpg
9d975a91-d041-4b02-8b59-c2ed91bc1e6b	Borussia Mönchengladbach KING Special Edition WhiteGreen Away 25/26	R$ 189,00	TORCEDOR	Bundesliga (Alemanha)	P,M,G,GG,2XG,3XG,4XG	+ R$ 60,00	TORCEDOR	torcedor/1784683139843_0.jpg torcedor/1784683139844_1.jpg torcedor/1784683139844_2.jpg torcedor/1784683139844_3.jpg
91978553-3018-4a47-9f0e-5f082890c2ca	Borussia Mönchengladbach Retrô 2008	R$ 229,00	RETRÔ		P,M,G,GG,2XG,3XG,4XG	+ R$ 60,00	RETRO	retro/1784682794059_4.jpg retro/1784682794058_0.jpg retro/1784682794058_1.jpg retro/1784682794059_2.jpg retro/1784682794059_3.jpg retro/1784682797107_5.jpg
586103e0-1fcf-40c3-8ad4-3319e64a5fde	Borussia Mönchengladbach Retrô Home 96/97	R$ 229,00	RETRÔ	Bundesliga (Alemanha)	P,M,G,GG,2XG,3XG,4XG	+ R$ 60,00	RETRO	retro/1784682886746_0.jpg retro/1784682886747_1.jpg
0f1ad008-aa73-444b-9d8d-5819f6756126	Borussia Mönchengladbach Retrô Home 95/96	R$ 229,00	RETRÔ	Bundesliga (Alemanha)	P,M,G,GG,2XG,3XG,4XG	+ R$ 60,00	RETRO	retro/1784682862265_0.jpg retro/1784682862266_1.jpg retro/1784682862266_2.jpg retro/1784682862267_3.jpg
0af3da16-ff26-4b15-bd36-dfbef898be72	Borussia Mönchengladbach Retrô Away 95/96	R$ 229,00	RETRÔ	Bundesliga (Alemanha)	P,M,G,GG,2XG,3XG,4XG	+ R$ 60,00	RETRO	retro/1784682822824_3.jpg retro/1784682822823_0.jpg retro/1784682822823_1.jpg retro/1784682822824_2.jpg
635e5459-05f4-413d-af2d-248201657629	Borussia Monchengladbach Home Retro 85/87	R$ 229,00	RETRÔ	Bundesliga (Alemanha)	P,M,G,GG,2XG,3XG,4XG	+ R$ 60,00	RETRO	retro/1789489477369_0.jpg retro/1789489477370_1.jpg
8481f3a3-b190-4163-a7e4-e069e95a23d0	Frankfurt Home 26/27	R$ 189,00	TORCEDOR	Bundesliga (Alemanha)	P,M,G,GG,2XG,3XG,4XG	+ R$ 60,00	TORCEDOR	torcedor/1784683262593_0.jpg torcedor/1784683262594_1.jpg
7c2391bd-f0b1-4571-9654-d2145ee580f0	Frankfurt Away 26/27	R$ 189,00	TORCEDOR	Bundesliga (Alemanha)	P,M,G,GG,2XG,3XG,4XG	+ R$ 60,00	TORCEDOR	torcedor/1784683233877_0.jpg torcedor/1784683233878_1.jpg
02b24136-c56d-4271-afbd-3aea3ae058b8	Frankfurt Home Retrô 1999	R$ 229,00	RETRÔ		P,M,G,GG,2XG,3XG,4XG	+ R$ 60,00	RETRO	retro/1784683319481_0.jpg retro/1784683319482_1.jpg retro/1784683319482_2.jpg retro/1784683319482_3.jpg retro/1784683319482_4.jpg
baeb65cc-f96a-4296-8240-8c69126f7294	Freiburg Third 26/27	R$ 189,00	TORCEDOR	Bundesliga (Alemanha)	P,M,G,GG,2XG,3XG,4XG	+ R$ 60,00	TORCEDOR	torcedor/1786970470087_0.jpg torcedor/1786970470088_1.jpg
d5e2644b-5f13-41b4-a29b-6775be2f6d26	Freiburg Home 25/26	R$ 189,00	TORCEDOR	Bundesliga (Alemanha)	P,M,G,GG,2XG,3XG,4XG	+ R$ 60,00	TORCEDOR	torcedor/1784683378444_0.jpg torcedor/1784683378445_1.jpg torcedor/1784683378445_2.jpg
d54fb6ef-a2f0-4feb-bc98-915f49c24791	Freiburg Away 25/26	R$ 189,00	TORCEDOR	Bundesliga (Alemanha)	P,M,G,GG,2XG,3XG,4XG	+ R$ 60,00	TORCEDOR	torcedor/1784683351685_0.jpg torcedor/1784683351686_1.jpg torcedor/1784683351686_2.jpg
a7a25e7f-a318-400c-beed-e652a17cd579	Hamburger SV Away 26/27	R$ 189,00	TORCEDOR	Bundesliga (Alemanha)	P,M,G,GG,2XG,3XG,4XG	+ R$ 60,00	TORCEDOR	torcedor/1789489107239_0.jpg torcedor/1789489107239_1.jpg torcedor/1789489107240_2.jpg torcedor/1789489107240_3.jpg torcedor/1789489107240_4.jpg
62c1846b-85a6-4eea-b30e-baf562d9c0d5	Hamburger SV Home 26/27	R$ 189,00	TORCEDOR	Bundesliga (Alemanha)	P,M,G,GG,2XG,3XG,4XG	+ R$ 60,00	TORCEDOR	torcedor/1789489106800_0.jpg torcedor/1789489106801_1.jpg
89391139-120a-4aff-85a1-0e16b823f679	Hamburger SV Third 26/27	R$ 189,00	TORCEDOR	Bundesliga (Alemanha)	P,M,G,GG,2XG,3XG,4XG	+ R$ 60,00	TORCEDOR	torcedor/1789489106688_0.jpg torcedor/1789489106689_1.jpg torcedor/1789489106689_2.jpg torcedor/1789489106689_3.jpg
4b6f44f3-f439-45ee-bab4-4a8f1b940343	Hamburger Home 25/26	R$ 189,00	TORCEDOR	Bundesliga (Alemanha)	P,M,G,GG,2XG,3XG,4XG	+ R$ 60,00	TORCEDOR	torcedor/1784683539488_1.jpg torcedor/1784683539487_0.jpg torcedor/1784683539488_2.jpg torcedor/1784683539488_3.jpg
9db416ba-3071-41ce-aa95-4773136ad738	Hamburger Away 25/26	R$ 189,00	TORCEDOR	Bundesliga (Alemanha)	P,M,G,GG,2XG,3XG,4XG	+ R$ 60,00	TORCEDOR	torcedor/1784683516489_1.jpg torcedor/1784683516489_0.jpg torcedor/1784683516490_2.jpg torcedor/1784683516490_3.jpg torcedor/1784683516490_4.jpg torcedor/1784683519585_5.jpg
0cdc22c9-ad69-4614-8384-96979655dd71	Hamburger Home Retrô 2000	R$ 229,00	RETRÔ		P,M,G,GG,2XG,3XG,4XG	+ R$ 60,00	RETRO	retro/1784683596526_0.jpg retro/1784683596527_1.jpg retro/1784683596527_2.jpg retro/1784683596527_3.jpg retro/1784683596528_4.jpg
eb48c9b8-25c4-4d53-abfa-b2bd696f54fa	Hamburger Away Retrô 83/84	R$ 229,00	RETRÔ	Bundesliga (Alemanha)	P,M,G,GG,2XG,3XG,4XG	+ R$ 60,00	RETRO	retro/1784683497070_3.jpg retro/1784683497069_0.jpg retro/1784683497070_1.jpg retro/1784683497070_2.jpg retro/1784683497071_4.jpg
2894c97b-34ce-49e2-ba37-63d621d231f6	Hamburger Home Retrô 1980	R$ 229,00	RETRÔ		P,M,G,GG,2XG,3XG,4XG	+ R$ 60,00	RETRO	retro/1784683576593_0.jpg retro/1784683576594_1.jpg retro/1784683576594_2.jpg retro/1784683576594_3.jpg
eb1e6f9c-40fe-452c-8f8c-84129b5aa60c	Hoffenheim home 25/26	R$ 189,00	TORCEDOR	Bundesliga (Alemanha)	P,M,G,GG,2XG,3XG,4XG	+ R$ 60,00	TORCEDOR	torcedor/1784683648137_0.jpg torcedor/1784683648138_1.jpg torcedor/1784683648138_2.jpg
8fe36cb8-58d3-4178-848b-6d1f122bf862	Hoffenheim Away 25/26	R$ 189,00	TORCEDOR	Bundesliga (Alemanha)	P,M,G,GG,2XG,3XG,4XG	+ R$ 60,00	TORCEDOR	torcedor/1784683622040_0.jpg torcedor/1784683622041_1.jpg torcedor/1784683622041_2.jpg
24ba630c-5d67-46af-8842-06104a0d921e	FC Koln Away 26/27	R$ 189,00	TORCEDOR	Bundesliga (Alemanha)	P,M,G,GG,2XG,3XG,4XG	+ R$ 60,00	TORCEDOR	torcedor/1789489187397_0.jpg torcedor/1789489187397_1.jpg torcedor/1789489187398_2.jpg torcedor/1789489187398_3.jpg torcedor/1789489187398_4.jpg
6b3482dc-8b14-45c1-85f0-9eac55c852a6	Koln Goalkeeper 26/27	R$ 189,00	TORCEDOR	Bundesliga (Alemanha)	P,M,G,GG,2XG,3XG,4XG	+ R$ 60,00	TORCEDOR	torcedor/1789489056387_0.jpg torcedor/1789489056387_1.jpg
f9649720-7aea-490d-a652-ebd085ed1af4	Koln Third 26/27	R$ 189,00	TORCEDOR	Bundesliga (Alemanha)	P,M,G,GG,2XG,3XG,4XG	+ R$ 60,00	TORCEDOR	retro/1784683786020_0.jpg retro/1784683786020_1.jpg retro/1784683786020_2.jpg retro/1784683786021_3.jpg
c33a5ff5-d943-41fb-8cf2-0d920df5e8b1	Koln Home Home 26/27	R$ 189,00	TORCEDOR	Bundesliga (Alemanha)	P,M,G,GG,2XG,3XG,4XG	+ R$ 60,00	TORCEDOR	torcedor/1784683706577_0.jpg torcedor/1784683706577_1.jpg torcedor/1784683706578_2.jpg torcedor/1784683706578_3.jpg
50d3367e-30da-4785-9c24-0e07f4bb4fa8	Koln Home Retro 96/97	R$ 229,00	RETRÔ	Bundesliga (Alemanha)	P,M,G,GG,2XG,3XG,4XG	+ R$ 60,00	RETRO	retro/1784683760967_0.jpg retro/1784683760968_1.jpg retro/1784683760968_2.jpg retro/1784683760969_3.jpg
f8a5ecf8-0509-4e79-a16e-f4287939b74b	Koln Home Retro 91/92	R$ 229,00	RETRÔ	Bundesliga (Alemanha)	P,M,G,GG,2XG,3XG,4XG	+ R$ 60,00	RETRO	retro/1784683734526_0.jpg retro/1784683734527_1.jpg
bb4e6411-23bd-4a8d-b699-476afb3893c6	Mainz 05 120th Anniversary 25/26	R$ 189,00	TORCEDOR	Bundesliga (Alemanha)	P,M,G,GG,2XG,3XG,4XG	+ R$ 60,00	TORCEDOR	torcedor/1784683818425_0.jpg torcedor/1784683818425_1.jpg torcedor/1784683818426_2.jpg torcedor/1784683818426_3.jpg torcedor/1784683818426_4.jpg
8ba49c15-512e-4718-8022-f67e7d9b910a	Leipzig Red Bulls Away 26/27	R$ 189,00	TORCEDOR	Bundesliga (Alemanha)	P,M,G,GG,2XG,3XG,4XG	+ R$ 60,00	TORCEDOR	torcedor/1789489035539_0.jpg torcedor/1789489035540_1.jpg
31a1baa3-f3ca-4ae0-b60e-8e62d8b33208	RB Leipzig Home Fan 26/27	R$ 189,00	TORCEDOR	Bundesliga (Alemanha)	P,M,G,GG,2XG,3XG,4XG	+ R$ 60,00	TORCEDOR,JOGADOR	torcedor/1784683860795_0.jpg torcedor/1784683860796_1.jpg torcedor/1784683860796_2.jpg torcedor/1784683860796_3.jpg torcedor/1784683860796_4.jpg torcedor/1784683864251_5.jpg
a9a81bf0-44c9-4c15-9a32-92471ecdf101	RB Leipzig Home Player 26/27	R$ 229,00	JOGADOR	Bundesliga (Alemanha)	P,M,G,GG,2XG,3XG,4XG	+ R$ 60,00	JOGADOR,TORCEDOR	jogador/1784683892874_0.png jogador/1784683892875_1.png jogador/1784683892875_2.png jogador/1784683892875_3.png
9e57b9ab-78f5-4ee6-9d86-e996aba60b49	St Pauli Away 26/27	R$ 189,00	TORCEDOR	Bundesliga (Alemanha)	P,M,G,GG,2XG,3XG,4XG	+ R$ 60,00	TORCEDOR	torcedor/1784721401246_1.jpg torcedor/1784721401245_0.jpg
b470a03a-27da-4bc3-957f-82f4ec222da3	St Pauli Home 26/27	R$ 189,00	TORCEDOR	Bundesliga (Alemanha)	P,M,G,GG,2XG,3XG,4XG	+ R$ 60,00	TORCEDOR	torcedor/1784721344435_1.jpg torcedor/1784721344434_0.jpg
cd7fdd27-6e05-4994-99db-b67c222bf1c2	St Pauli Home 25/26	R$ 189,00	TORCEDOR	Bundesliga (Alemanha)	P,M,G,GG,2XG,3XG,4XG	+ R$ 60,00	TORCEDOR	torcedor/1784721370640_0.jpg torcedor/1784721370641_1.jpg torcedor/1784721370641_2.jpg torcedor/1784721370642_3.jpg torcedor/1784721370642_4.jpg
ddee0461-38e7-48a2-b8f9-84e58e428936	St Pauli Third 25/26	R$ 189,00	TORCEDOR	Bundesliga (Alemanha)	P,M,G,GG,2XG,3XG,4XG	+ R$ 60,00	TORCEDOR	torcedor/1784721267711_0.jpg torcedor/1784721267712_1.jpg torcedor/1784721267712_2.jpg torcedor/1784721267712_3.jpg torcedor/1784721267712_4.jpg
2affbb7c-36dd-4f87-9770-a2481040a871	St Pauli Retrô 2000	R$ 229,00	RETRÔ		P,M,G,GG,2XG,3XG,4XG	+ R$ 60,00	RETRO	torcedor/1784721320604_0.jpg torcedor/1784721320604_1.jpg torcedor/1784721320605_2.jpg
c255ced7-a646-45cc-9acb-265c1d687c15	St Pauli Retrô 99/00	R$ 229,00	RETRÔ	Bundesliga (Alemanha)	P,M,G,GG,2XG,3XG,4XG	+ R$ 60,00	RETRO	torcedor/1784721297902_3.jpg torcedor/1784721297901_0.jpg torcedor/1784721297902_1.jpg torcedor/1784721297902_2.jpg
d9b58dac-7305-4a8f-858b-3fa9c7b6b8ea	Schalke 04 Home 26/27	R$ 189,00	TORCEDOR	Bundesliga (Alemanha)	P,M,G,GG,2XG,3XG,4XG	+ R$ 60,00	TORCEDOR	torcedor/1789488671763_0.jpg torcedor/1789488671764_1.jpg torcedor/1789488671764_2.jpg torcedor/1789488671764_3.jpg torcedor/1789488671764_4.jpg
f740997d-b824-4238-853f-0acbbfffe7a2	Schalke 04 Goalkeeper 26/27	R$ 189,00	TORCEDOR	Bundesliga (Alemanha)	P,M,G,GG,2XG,3XG,4XG	+ R$ 60,00	TORCEDOR	torcedor/1789488671346_0.jpg torcedor/1789488671347_1.jpg
865c02db-6ee2-4b52-9d05-a08961e340b9	Schalke 04 Away 26/27	R$ 189,00	TORCEDOR	Bundesliga (Alemanha)	P,M,G,GG,2XG,3XG,4XG	+ R$ 60,00	TORCEDOR	torcedor/1786970357425_0.jpg torcedor/1786970357426_1.jpg torcedor/1786970357426_2.jpg torcedor/1786970357426_3.jpg
c203ef37-e008-4516-bdc3-d7f6ceb15386	Schalke 04 Away Retrô 10/11	R$ 229,00	RETRÔ	Bundesliga (Alemanha)	P,M,G,GG,2XG,3XG,4XG	+ R$ 60,00	RETRO	torcedor/1784721986600_0.jpg torcedor/1784721986601_1.jpg torcedor/1784721986601_2.jpg
fc581942-7fc0-4a29-b45b-c364dc778fa8	Schalke 04 Home Retrô 10/11	R$ 229,00	RETRÔ	Bundesliga (Alemanha)	P,M,G,GG,2XG,3XG,4XG	+ R$ 60,00	RETRO	torcedor/1784721985653_0.jpg torcedor/1784721985653_1.jpg torcedor/1784721985653_2.jpg
569fed9e-a1eb-4b20-94a4-e4d475a65899	Stuttgart Third 26/27	R$ 189,00	TORCEDOR	Bundesliga (Alemanha)	P,M,G,GG,2XG,3XG,4XG	+ R$ 60,00	TORCEDOR	torcedor/1789488578362_0.jpg torcedor/1789488578362_1.jpg
a90778c1-06b7-4ab8-a137-2e06f2c9ba1e	Stuttgart Champions League Home 26/27	R$ 189,00	TORCEDOR	Bundesliga (Alemanha)	P,M,G,GG,2XG,3XG,4XG	+ R$ 60,00	TORCEDOR	torcedor/1789488577767_0.jpg torcedor/1789488577768_1.jpg
84395bb4-263d-43fb-a85d-fef705a10650	Stuttgart Champions League Away 26/27	R$ 189,00	TORCEDOR	Bundesliga (Alemanha)	P,M,G,GG,2XG,3XG,4XG	+ R$ 60,00	TORCEDOR	torcedor/1789488577365_0.jpg torcedor/1789488577366_1.jpg
6f50a6fd-d217-4d23-af3e-ae733170af88	Stuttgart Away Soccer 26/27	R$ 189,00	TORCEDOR	Bundesliga (Alemanha)	P,M,G,GG,2XG,3XG,4XG	+ R$ 60,00	TORCEDOR	torcedor/1789488577247_0.jpg torcedor/1789488577248_1.jpg
6b709058-c77a-4edf-a490-bf5dd8d74c48	Stuttgart Home 25/26	R$ 189,00	TORCEDOR	Bundesliga (Alemanha)	P,M,G,GG,2XG,3XG,4XG	+ R$ 60,00	TORCEDOR	torcedor/1784684126367_0.jpg torcedor/1784684126368_1.jpg torcedor/1784684126368_2.jpg torcedor/1784684126368_3.jpg torcedor/1784684126368_4.jpg
b8c80149-e8d0-404a-8fac-7c9fe02486fa	Stuttgart Away 25/26	R$ 189,00	TORCEDOR	Bundesliga (Alemanha)	P,M,G,GG,2XG,3XG,4XG	+ R$ 60,00	TORCEDOR	torcedor/1784684069853_0.jpg torcedor/1784684069854_1.jpg torcedor/1784684069854_2.jpg torcedor/1784684069854_3.jpg torcedor/1784684069854_4.jpg torcedor/1784684074158_5.jpg
bbc35f65-c85a-4437-89e9-a88606a006aa	Stuttgart Home Retrô 2006	R$ 229,00	RETRÔ		P,M,G,GG,2XG,3XG,4XG	+ R$ 60,00	RETRO	retro/1784684161312_0.jpg retro/1784684161313_1.jpg retro/1784684161313_2.jpg retro/1784684161313_3.jpg
cf131b01-d738-4ea4-b6dd-175b60a7cd03	Stuttgart Away Retrô 2006	R$ 229,00	RETRÔ		P,M,G,GG,2XG,3XG,4XG	+ R$ 60,00	RETRO	retro/1784684102906_0.jpg retro/1784684102907_1.jpg retro/1784684102907_2.jpg retro/1784684102908_3.jpg retro/1784684102908_4.jpg retro/1784684105748_5.jpg
ea06b4d0-aaea-4c34-a0f4-88aac67ea4b1	Union Berlin Away 26/27	R$ 189,00	TORCEDOR	Bundesliga (Alemanha)	P,M,G,GG,2XG,3XG,4XG	+ R$ 60,00	TORCEDOR	torcedor/1789488531184_0.jpg torcedor/1789488531185_1.jpg
241fa6b6-4480-4481-a996-03091c602344	Union Berlin 26/27 Home	R$ 189,00	TORCEDOR	Bundesliga (Alemanha)	P,M,G,GG,2XG,3XG,4XG	+ R$ 60,00	TORCEDOR	torcedor/1784721243523_0.jpg torcedor/1784721243523_1.jpg
5d8e87fb-d287-497a-8bea-f3da5d5925f1	Union Berlin 26/27 Especial	R$ 189,00	TORCEDOR	Bundesliga (Alemanha)	P,M,G,GG,2XG,3XG,4XG	+ R$ 60,00	TORCEDOR	torcedor/1784721217778_0.jpg torcedor/1784721217779_1.jpg torcedor/1784721217779_2.jpg
b8a26542-b5db-4749-b69e-c6eb16268576	Werder Bremen Third 26/27	R$ 189,00	TORCEDOR	Bundesliga (Alemanha)	P,M,G,GG,2XG,3XG,4XG	+ R$ 60,00	TORCEDOR	torcedor/1784684289779_0.jpg torcedor/1784684289780_1.jpg
261c58b2-2201-4d22-a9a3-59023e4bdbb6	Werder Bremen Away 26/27	R$ 189,00	TORCEDOR	Bundesliga (Alemanha)	P,M,G,GG,2XG,3XG,4XG	+ R$ 60,00	TORCEDOR,KIT_INFANTIL	torcedor/1784684211410_0.jpg torcedor/1784684211411_1.jpg
a0639197-04ac-4e3b-aa1e-248fdc692137	Werder Bremen Away Kids 26/27	R$ 199,00	KIDS	Bundesliga (Alemanha)	14,16,18	+ R$ 60,00	KIT_INFANTIL,TORCEDOR	kit_infantil/1789488517470_0.jpg kit_infantil/1789488517470_1.jpg
127087c1-e36e-41ab-ac1b-e98f162b99fb	Werder Bremen '10 Years of Inclusion' Special	R$ 189,00	TORCEDOR		P,M,G,GG,2XG,3XG,4XG	+ R$ 60,00	TORCEDOR	torcedor/1784721173278_0.jpg torcedor/1784721173279_1.jpg
9b0e1ece-9255-4b44-87a8-acc6ff472152	Werder Bremen Home Edição Especial 25/26	R$ 189,00	TORCEDOR	Bundesliga (Alemanha)	P,M,G,GG,2XG,3XG,4XG	+ R$ 60,00	TORCEDOR	torcedor/1784721145703_0.jpg torcedor/1784721145704_1.jpg
a6239763-8adf-4617-a7bb-f549b8ce26cb	Werder Bremen Retrô 03/04	R$ 229,00	RETRÔ	Bundesliga (Alemanha)	P,M,G,GG,2XG,3XG,4XG	+ R$ 60,00	RETRO	retro/1784684265293_0.jpg retro/1784684265294_1.jpg retro/1784684265294_2.jpg retro/1784684265294_3.jpg retro/1784684265295_4.jpg
842cca69-94f5-4fd6-ad53-3bf38a91c047	Wolfsburg Home 26/27	R$ 189,00	TORCEDOR	Bundesliga (Alemanha)	P,M,G,GG,2XG,3XG,4XG	+ R$ 60,00	TORCEDOR	torcedor/1786970358740_1.jpg torcedor/1786970358739_0.jpg
9792d422-9b64-449f-853f-30098da7662d	Wolfsburg Home 25/26	R$ 189,00	TORCEDOR	Bundesliga (Alemanha)	P,M,G,GG,2XG,3XG,4XG	+ R$ 60,00	TORCEDOR	torcedor/1784684349144_0.jpg torcedor/1784684349145_1.jpg torcedor/1784684349145_2.jpg torcedor/1784684349146_3.jpg
93f11a8a-40b0-4f46-99ee-79d21142d0ae	Wolfsburg Away 25/26	R$ 189,00	TORCEDOR	Bundesliga (Alemanha)	P,M,G,GG,2XG,3XG,4XG	+ R$ 60,00	TORCEDOR	torcedor/1784684315497_0.jpg torcedor/1784684315497_1.jpg torcedor/1784684315497_2.jpg torcedor/1784684315498_3.jpg
987f9539-52ff-45f7-8eb6-cce0e8019792	Wolfsburg Maillot Stadium 25/26	R$ 189,00	TORCEDOR	Bundesliga (Alemanha)	P,M,G,GG,2XG,3XG,4XG	+ R$ 60,00	TORCEDOR	torcedor/1784682950735_2.jpg torcedor/1784682950734_0.jpg torcedor/1784682950735_1.jpg torcedor/1784682950735_3.jpg torcedor/1784682950735_4.jpg
2bb6b139-46a8-48eb-b983-ad1fd98090d6	Camisa Athletico Paranaense Home 26/27	R$ 189,00	TORCEDOR	Brasileirão (Brasil)	P,M,G,GG,2XG,3XG,4XG	+ R$ 60,00	TORCEDOR	torcedor/1784642265165_2.jpg torcedor/1784642265164_0.jpg torcedor/1784642265165_1.jpg torcedor/1784642265165_3.jpg torcedor/1784642265166_4.jpg torcedor/1784642269058_5.jpg torcedor/1784642269059_6.jpg
ca7f7557-aca9-4d89-8785-a0f5ce408e98	Camisa Atletico Paranaense Away 26/27	R$ 189,00	TORCEDOR	Brasileirão (Brasil)	P,M,G,GG,2XG,3XG,4XG	+ R$ 60,00	TORCEDOR	torcedor/1784642160515_3.png torcedor/1784642160513_0.jpg torcedor/1784642160514_1.png torcedor/1784642160514_2.jpg torcedor/1784642160515_4.jpg
00eea578-4b11-4ce0-b19c-c06c6f91daba	Camisa Athletico Paranaense Home Retrô 2018	R$ 229,00	RETRÔ		P,M,G,GG,2XG,3XG,4XG	+ R$ 60,00	RETRO	torcedor/1784642313649_0.jpg torcedor/1784642313650_1.jpg torcedor/1784642313650_2.jpg torcedor/1784642313650_3.jpg torcedor/1784642313651_4.jpg torcedor/1784642317448_5.jpg
ced3c815-3bf7-49b9-9ffc-a0eeb54c7b11	Camisa Atletico Mineiro Fan Home 26/27	R$ 189,00	TORCEDOR	Brasileirão (Brasil)	P,M,G,GG,2XG,3XG,4XG	+ R$ 60,00	TORCEDOR,KIT_INFANTIL,FEMININA,JOGADOR	torcedor/1784588012910_0.jpg torcedor/1784588012910_1.jpg torcedor/1784588012911_2.jpg torcedor/1784588012911_3.jpg torcedor/1784588012911_4.jpg torcedor/1784588016238_5.jpg
6f4cb473-8ae7-4662-af0e-fada54a12e47	Camisa Atlético Mineiro Away Fan - 26/27	R$ 189,00	TORCEDOR	Brasileirão (Brasil)	P,M,G,GG,2XG,3XG,4XG	+ R$ 60,00	TORCEDOR,KIT_INFANTIL,FEMININA	torcedor/1784587985804_2.jpg torcedor/1784587985803_0.jpg torcedor/1784587985803_1.jpg torcedor/1784587985804_3.jpg torcedor/1784587985804_4.jpg
e4ceb90b-d312-49b6-bd5a-2c552ab32e4f	Camisa Atlético Mineiro Away All Sponsors - 26/27	R$ 189,00	TORCEDOR	Brasileirão (Brasil)	P,M,G,GG,2XG,3XG,4XG	+ R$ 60,00	TORCEDOR,KIT_INFANTIL,FEMININA	torcedor/1784587967099_0.png torcedor/1784587967100_1.png torcedor/1784587967100_2.png
69339d4c-327e-4f3b-9cda-2397d83f6274	Camisa Atlético Mineiro Training Purple All Sponsors 26/27	R$ 229,00	JOGADOR	Brasileirão (Brasil)	P,M,G,GG,2XG,3XG,4XG	+ R$ 60,00	JOGADOR	jogador/1784642118848_0.png jogador/1784642118849_1.jpg jogador/1784642118849_2.png jogador/1784642118849_3.jpg jogador/1784642118849_4.jpg jogador/1784642122808_5.png
c80c954e-6789-482f-a9ac-528ff4bf302e	Camisa Atlético Mineiro Training Purple 26/27	R$ 229,00	JOGADOR	Brasileirão (Brasil)	P,M,G,GG,2XG,3XG,4XG	+ R$ 60,00	JOGADOR	jogador/1784641998931_0.png jogador/1784641998932_1.jpg jogador/1784641998932_2.jpg jogador/1784641998932_3.jpg
fb1ed1b1-feab-43de-8e13-8be6d710b574	Camisa Atlético Mineiro Player Home 26/27	R$ 229,00	JOGADOR	Brasileirão (Brasil)	P,M,G,GG,2XG,3XG,4XG	+ R$ 60,00	JOGADOR,KIT_INFANTIL,FEMININA,TORCEDOR	jogador/1784630474791_0.png jogador/1784630474791_1.jpg jogador/1784630474792_2.png jogador/1784630474792_3.jpg
006c8874-8abe-4315-88c3-dadfedd52495	Camisa Atletico Mineiro Kids Home 26/27	R$ 199,00	KIDS	Brasileirão (Brasil)	14,16,18	+ R$ 60,00	KIT_INFANTIL,FEMININA,TORCEDOR,JOGADOR	kit_infantil/1784630445710_0.jpg kit_infantil/1784630445711_1.jpg kit_infantil/1784630445711_2.jpg kit_infantil/1784630445711_3.jpg kit_infantil/1784630445712_4.jpg
e9edb238-7b5f-48b4-b9da-7c737c810efa	Camisa Atlético Mineiro Feminina Away 26/27	R$ 179,00	FEMININO	Brasileirão (Brasil)	P,M,G,GG	+ R$ 60,00	FEMININA,TORCEDOR,KIT_INFANTIL	feminina/1784630417573_2.jpg feminina/1784630417572_0.jpg feminina/1784630417573_1.jpg feminina/1784630417573_3.jpg feminina/1784630417573_4.jpg
1e028462-db4d-416a-a2dc-c8c5690dd205	Camisa Atletico Mineiro Feminina Home 26/27	R$ 179,00	FEMININO	Brasileirão (Brasil)	P,M,G,GG	+ R$ 60,00	FEMININA,KIT_INFANTIL,TORCEDOR,JOGADOR	feminina/1784588035234_0.jpg feminina/1784588035235_1.jpg feminina/1784588035235_2.jpg feminina/1784588035235_3.jpg
ceab4cd1-06e3-4d15-9572-4f334bc3bce8	Atlético Mineiro Away 26/27 Kids	R$ 199,00	KIDS	Brasileirão (Brasil)	14,16,18	+ R$ 60,00	KIT_INFANTIL,TORCEDOR,FEMININA	kit_infantil/1784586672476_0.jpg kit_infantil/1784586672477_1.jpg kit_infantil/1784586672477_2.jpg kit_infantil/1784586672477_3.jpg kit_infantil/1784586672477_4.jpg
421186e8-4428-4114-a558-31d1e759db84	Camisa Atlético Mineiro III All Sponsors 25/26	R$ 189,00	TORCEDOR	Brasileirão (Brasil)	P,M,G,GG,2XG,3XG,4XG	+ R$ 60,00	TORCEDOR	torcedor/1784642117730_0.jpg torcedor/1784642117731_1.jpg torcedor/1784642117731_2.png torcedor/1784642117731_3.png torcedor/1784642117732_4.jpg torcedor/1784642121755_5.jpg
db5c7801-d57e-43d6-afd8-536e4a2de1b3	Atletico Mineiro Home Retro 2000	R$ 229,00	RETRÔ		P,M,G,GG,2XG,3XG,4XG	+ R$ 60,00	RETRO	retro/1789488348438_0.jpg retro/1789488348439_1.jpg retro/1789488348439_2.jpg retro/1789488348439_3.jpg retro/1789488348439_4.jpg retro/1789488351872_5.jpg retro/1789488351873_6.jpg retro/1789488351873_7.jpg
a6b3e646-32fc-4b70-b2aa-b6c0b91de0e4	Camisa Bahia Home Fan 26/27 All Sponsors	R$ 189,00	TORCEDOR	Brasileirão (Brasil)	P,M,G,GG,2XG,3XG,4XG	+ R$ 60,00	TORCEDOR,JOGADOR,FEMININA	torcedor/1784642932032_0.png torcedor/1784642932032_1.png
3209d87b-19f4-4c8d-a59a-fbd60baeb3e1	Camisa Bahia Home Fan 26/27	R$ 189,00	TORCEDOR	Brasileirão (Brasil)	P,M,G,GG,2XG,3XG,4XG	+ R$ 60,00	TORCEDOR,JOGADOR,FEMININA	torcedor/1784642908590_0.jpg torcedor/1784642908590_1.jpg torcedor/1784642908591_2.jpg torcedor/1784642908591_3.jpg torcedor/1784642908591_4.jpg torcedor/1784642912298_5.jpg torcedor/1784642912299_6.jpg torcedor/1784642912299_7.jpg
0abbea5e-ca9b-4d5e-b6b3-ab0b97c20b06	Camisa Bahia GK Fan 26/27 - Roxo	R$ 189,00	TORCEDOR	Brasileirão (Brasil)	P,M,G,GG,2XG,3XG,4XG	+ R$ 60,00	TORCEDOR	torcedor/1784642574213_1.jpg torcedor/1784642574213_0.jpg torcedor/1784642574214_2.jpg torcedor/1784642574214_3.jpg torcedor/1784642574214_4.jpg
61fe451e-1399-452d-bfea-822b702c4aef	Camisa Bahia GK Fan 26/27 - Laranja	R$ 189,00	TORCEDOR	Brasileirão (Brasil)	P,M,G,GG,2XG,3XG,4XG	+ R$ 60,00	TORCEDOR	torcedor/1784642549776_3.png torcedor/1784642549775_0.jpg torcedor/1784642549775_1.jpg torcedor/1784642549775_2.jpg
06ce1e83-72d3-4e12-aa61-9764386e36c4	Camisa Bahia GK Fan 26/27 - Amarelo	R$ 189,00	TORCEDOR	Brasileirão (Brasil)	P,M,G,GG,2XG,3XG,4XG	+ R$ 60,00	TORCEDOR	torcedor/1784642526731_3.png torcedor/1784642526730_0.jpg torcedor/1784642526730_1.jpg torcedor/1784642526731_2.jpg
27bd86d6-2bf0-4cd1-afb6-52aa167fec6a	Camisa Bahia Away FAN 26/27 - All Sponsors	R$ 189,00	TORCEDOR	Brasileirão (Brasil)	P,M,G,GG,2XG,3XG,4XG	+ R$ 60,00	TORCEDOR,JOGADOR	torcedor/1784642411111_0.png torcedor/1784642411111_1.png
f596bd20-0ee3-47b4-b7ae-3470c51a081b	Botafogo Away 26/27	R$ 189,00	TORCEDOR	Brasileirão (Brasil)	P,M,G,GG,2XG,3XG,4XG	+ R$ 60,00	TORCEDOR	torcedor/1788372108495_0.jpg torcedor/1788372108496_1.jpg
357dc657-0ca8-4517-9e60-93a09262ed05	Botafogo Home Fan 26/27	R$ 189,00	TORCEDOR	Brasileirão (Brasil)	P,M,G,GG,2XG,3XG,4XG	+ R$ 60,00	TORCEDOR	torcedor/1784651839564_3.png torcedor/1784651839563_0.jpg torcedor/1784651839563_1.jpg torcedor/1784651839563_2.jpg torcedor/1784651839564_4.jpg torcedor/1784651843229_5.png
ca4461e5-2ac1-4a6c-b044-c0b520172301	Botafogo Gk Amarela fan 26/27	R$ 189,00	TORCEDOR	Brasileirão (Brasil)	P,M,G,GG,2XG,3XG,4XG	+ R$ 60,00	TORCEDOR	torcedor/1784651743370_0.jpg torcedor/1784651743370_1.jpg
ff5903da-3152-41b2-890a-2e199b0fd979	Botafogo Gk branca fan 26/27	R$ 189,00	TORCEDOR	Brasileirão (Brasil)	P,M,G,GG,2XG,3XG,4XG	+ R$ 60,00	TORCEDOR	torcedor/1784651743383_0.jpg torcedor/1784651743384_1.jpg
1d58fbdd-bbe2-42a7-b85d-c6a4887145f3	Botafogo Purple 25/26	R$ 189,00	TORCEDOR	Brasileirão (Brasil)	P,M,G,GG,2XG,3XG,4XG	+ R$ 60,00	TORCEDOR	torcedor/1784651839490_3.jpg torcedor/1784651839489_0.jpg torcedor/1784651839490_1.jpg torcedor/1784651839490_2.jpg torcedor/1784651839491_4.jpg
009f049c-2e97-4cf0-b75e-aba21c6df843	Botafogo FIFA World Cup 2025 Home	R$ 189,00	TORCEDOR		P,M,G,GG,2XG,3XG,4XG	+ R$ 60,00	TORCEDOR	torcedor/1784651707745_0.png
971c3e4c-b5b3-4452-a2a3-a3d6cfbad407	Ceará Away 26/27	R$ 189,00	TORCEDOR	Brasileirão (Brasil)	P,M,G,GG,2XG,3XG,4XG	+ R$ 60,00	TORCEDOR	torcedor/1784660850992_1.jpg torcedor/1784660850991_0.jpg torcedor/1784660850992_2.jpg torcedor/1784660850993_3.jpg torcedor/1784660850993_4.jpg torcedor/1784660854852_5.jpg torcedor/1784660854853_6.jpg
1427dad0-3f7d-4fd4-b189-bf093392fb6d	Ceará Away All Sponsors 26/27	R$ 189,00	TORCEDOR	Brasileirão (Brasil)	P,M,G,GG,2XG,3XG,4XG	+ R$ 60,00	TORCEDOR	torcedor/1784660850316_1.png torcedor/1784660850315_0.png
92122006-5d2b-43e7-ba1e-869236a212ce	Ceará Home 26/27	R$ 189,00	TORCEDOR	Brasileirão (Brasil)	P,M,G,GG,2XG,3XG,4XG	+ R$ 60,00	TORCEDOR	torcedor/1784660860545_5.jpg torcedor/1784660849909_0.jpg torcedor/1784660849910_1.jpg torcedor/1784660849910_2.jpg torcedor/1784660849910_3.jpg torcedor/1784660849911_4.jpg torcedor/1784660860546_6.jpg
89d28165-e16b-452e-af05-c30eabe9de40	Ceará Home All Sponsors 26/27	R$ 189,00	TORCEDOR	Brasileirão (Brasil)	P,M,G,GG,2XG,3XG,4XG	+ R$ 60,00	TORCEDOR	torcedor/1784660849911_1.png torcedor/1784660849910_0.png
e80ab049-332f-4924-9da7-291ebbd9fb67	Chapecoense Home 26/27	R$ 189,00	TORCEDOR	Brasileirão (Brasil)	P,M,G,GG,2XG,3XG,4XG	+ R$ 60,00	TORCEDOR	torcedor/1784651910667_6.jpg torcedor/1784651905425_0.jpg torcedor/1784651905426_1.jpg torcedor/1784651905426_2.jpg torcedor/1784651905426_3.jpg torcedor/1784651905426_4.jpg torcedor/1784651910666_5.jpg torcedor/1784651910667_7.jpg
16c2886e-d1c4-4342-b9e5-4cb46df98b96	Chapecoense Home 26/27 All Sponsors	R$ 189,00	TORCEDOR	Brasileirão (Brasil)	P,M,G,GG,2XG,3XG,4XG	+ R$ 60,00	TORCEDOR	torcedor/1784651905141_1.png torcedor/1784651905140_0.png
5b848e71-d0d0-471a-92b5-f5390d8fca23	Corinthians Home Fan 26/27	R$ 189,00	TORCEDOR	Brasileirão (Brasil)	P,M,G,GG,2XG,3XG,4XG	+ R$ 60,00	TORCEDOR,FEMININA,JOGADOR	torcedor/1784652508067_2.jpg torcedor/1784652508066_0.jpg torcedor/1784652508067_1.jpg torcedor/1784652508067_3.jpg
767f80ab-5bc3-405b-9a5c-4aa8a7c4d318	Corinthians Home Fan 26/27 All Sponsors	R$ 189,00	TORCEDOR	Brasileirão (Brasil)	P,M,G,GG,2XG,3XG,4XG	+ R$ 60,00	TORCEDOR,FEMININA,JOGADOR	torcedor/1784652507694_0.png torcedor/1784652507695_1.png
f352f658-47cd-4598-8187-4430cb0eb3b4	Corinthians GK Fan 26/27	R$ 189,00	TORCEDOR	Brasileirão (Brasil)	P,M,G,GG,2XG,3XG,4XG	+ R$ 60,00	TORCEDOR,JOGADOR	torcedor/1784652403997_0.png torcedor/1784652403998_1.png torcedor/1784652403998_2.png torcedor/1784652403998_3.png torcedor/1784652403998_4.png torcedor/1784652408064_5.png torcedor/1784652408065_6.png torcedor/1784652408065_7.jpg
b56feeef-62bb-4590-aa21-c9291d4b53e6	Corinthians Away Fan 26/27 All Sponsors	R$ 189,00	TORCEDOR	Brasileirão (Brasil)	P,M,G,GG,2XG,3XG,4XG	+ R$ 60,00	TORCEDOR,JOGADOR,FEMININA	torcedor/1784652402117_0.png torcedor/1784652402117_1.png torcedor/1784652402118_2.png
7667da48-c21e-42de-917c-9708dea794af	Corinthians Away Fan 26/27	R$ 189,00	TORCEDOR	Brasileirão (Brasil)	P,M,G,GG,2XG,3XG,4XG	+ R$ 60,00	TORCEDOR,JOGADOR,FEMININA	torcedor/1784652291442_0.png torcedor/1784652291442_1.jpg torcedor/1784652291442_2.jpg torcedor/1784652291443_3.jpg
d81674ae-4223-49aa-a180-29b53025c140	Corinthians Home Player 26/27	R$ 229,00	JOGADOR	Brasileirão (Brasil)	P,M,G,GG,2XG,3XG,4XG	+ R$ 60,00	JOGADOR,TORCEDOR,FEMININA	jogador/1784652507229_1.jpg jogador/1784652507229_0.jpg jogador/1784652507229_2.jpg jogador/1784652507230_3.jpg jogador/1784652507230_4.jpg
b3620503-950f-45db-bf70-0c29b7961c6a	Sport Club Internacional Third 26/27	R$ 189,00	TORCEDOR	Brasileirão (Brasil)	P,M,G,GG,2XG,3XG,4XG	+ R$ 60,00	TORCEDOR,FEMININA	torcedor/1789041102588_0.jpg torcedor/1789041102588_1.jpg
3b7f498c-c0d0-43d2-b47a-108b1c758939	Internacional Home Fan All Sponsors 26/27	R$ 189,00	TORCEDOR	Brasileirão (Brasil)	P,M,G,GG,2XG,3XG,4XG	+ R$ 60,00	TORCEDOR,FEMININA	torcedor/1784659312271_1.png torcedor/1784659312270_0.png
76eec0fe-65d1-4957-a256-1aae1c0de15b	Internacional Home Fan 26/27	R$ 189,00	TORCEDOR	Brasileirão (Brasil)	P,M,G,GG,2XG,3XG,4XG	+ R$ 60,00	TORCEDOR,FEMININA	torcedor/1784659311828_0.jpg torcedor/1784659311829_1.jpg torcedor/1784659311829_2.jpg torcedor/1784659311829_3.jpg torcedor/1784659311829_4.jpg torcedor/1784659344472_5.jpg
31c8f10f-b264-4cbc-873d-d72190418803	Internacional Treino Branco 26/27	R$ 189,00	TORCEDOR	Brasileirão (Brasil)	P,M,G,GG,2XG,3XG,4XG	+ R$ 60,00	TORCEDOR	torcedor/1784659310909_0.jpg torcedor/1784659310909_1.jpg torcedor/1784659310910_2.jpg torcedor/1784659310910_3.jpg torcedor/1784659310910_4.jpg
632e59c0-4b42-4519-835e-0dae023d912f	Internacional Treino Vermelho 26/27	R$ 189,00	TORCEDOR	Brasileirão (Brasil)	P,M,G,GG,2XG,3XG,4XG	+ R$ 60,00	TORCEDOR	torcedor/1784659310880_0.jpg torcedor/1784659310881_1.jpg torcedor/1784659310881_2.jpg torcedor/1784659310881_3.jpg torcedor/1784659310881_4.jpg
b0ecc0dc-4cee-4366-b6a2-2e1f36da265a	Internacional Away Fan All Sponsors 26/27	R$ 189,00	TORCEDOR	Brasileirão (Brasil)	P,M,G,GG,2XG,3XG,4XG	+ R$ 60,00	TORCEDOR,MANGA_LONGA,FEMININA	torcedor/1784659209981_0.png torcedor/1784659209982_1.png
83eac028-ed58-4eba-8916-ecc0456b7bed	Palmeiras Third 2026	R$ 189,00	TORCEDOR		P,M,G,GG,2XG,3XG,4XG	+ R$ 60,00	TORCEDOR	torcedor/1788372136286_0.jpg torcedor/1788372136287_1.jpg
2ed00c9f-842f-4a1a-84ec-481211df7134	Camisa Palmeiras Home 26/27	R$ 189,00	TORCEDOR	Brasileirão (Brasil)	P,M,G,GG,2XG,3XG,4XG	+ R$ 60,00	TORCEDOR,KIT_INFANTIL,MANGA_LONGA,JOGADOR	feminina/1781865134379_2.jpg feminina/1781865134378_0.jpg feminina/1781865134379_1.jpg feminina/1781865134379_3.jpg feminina/1781865134380_4.jpg feminina/1781865138563_5.jpg feminina/1781865138563_6.jpg feminina/1781865138564_7.jpg feminina/1781865138564_8.jpg feminina/1781865138564_9.jpg feminina/1781865142539_10.jpg feminina/1781865142540_11.jpg feminina/1781865142541_12.jpg feminina/1781865142541_13.jpg feminina/1781865142541_14.jpg feminina/1781865147152_15.jpg feminina/1781865147153_16.jpg feminina/1781865147153_17.jpg feminina/1781865147154_18.jpg feminina/1781865147154_19.jpg feminina/1781865151364_20.jpg
7a7be32d-6133-4e04-a556-a8d76020ade6	Camisa Palmeiras Fan Away 26/27	R$ 189,00	TORCEDOR	Brasileirão (Brasil)	P,M,G,GG,2XG,3XG,4XG	+ R$ 60,00	TORCEDOR,KIT_INFANTIL,JOGADOR,MANGA_LONGA	torcedor/1781864921050_11.jpg torcedor/1781864911869_0.jpg torcedor/1781864911870_1.jpg torcedor/1781864911870_2.jpg torcedor/1781864911870_3.jpg torcedor/1781864911870_4.jpg torcedor/1781864916788_5.jpg torcedor/1781864916789_6.jpg torcedor/1781864916789_7.jpg torcedor/1781864916790_8.jpg torcedor/1781864916790_9.jpg torcedor/1781864921049_10.jpg torcedor/1781864921051_12.jpg torcedor/1781864921051_13.jpg torcedor/1781864921051_14.jpg torcedor/1781864925228_15.jpg torcedor/1781864925228_16.jpg torcedor/1781864925229_17.jpg torcedor/1781864925229_18.jpg torcedor/1781864925229_19.jpg torcedor/1781864929656_20.jpg torcedor/1781864929657_21.jpg torcedor/1781864929657_22.jpg torcedor/1781864929657_23.jpg torcedor/1781864929658_24.jpg torcedor/1781864933630_25.jpg
f4ad7d91-d7bd-40e9-aea5-9ef1858b1c82	Palmeiras Third Feminina 26/27	R$ 179,00	FEMININO	Brasileirão (Brasil)	P,M,G,GG	+ R$ 60,00	FEMININA	feminina/1789041366861_0.jpg feminina/1789041366862_1.jpg
f3b80b01-a7eb-49bb-983f-ac430476e9b8	Camisa Palmeiras Long Away 26/27	R$ 209,00		Brasileirão (Brasil)	P,M,G,GG,2XG,3XG,4XG	+ R$ 60,00	MANGA_LONGA,KIT_INFANTIL,TORCEDOR,JOGADOR	manga_longa/1783426726586_13.jpg manga_longa/1783426720628_0.jpg manga_longa/1783426720629_1.jpg manga_longa/1783426720629_2.jpg manga_longa/1783426720629_3.jpg manga_longa/1783426720629_4.jpg manga_longa/1783426723402_5.jpg manga_longa/1783426723403_6.jpg manga_longa/1783426723404_7.jpg manga_longa/1783426723404_8.jpg manga_longa/1783426723404_9.jpg manga_longa/1783426726585_10.jpg manga_longa/1783426726586_11.jpg manga_longa/1783426726586_12.jpg manga_longa/1783426726587_14.jpg manga_longa/1783426732578_15.jpg manga_longa/1783426732579_16.jpg manga_longa/1783426732579_17.jpg manga_longa/1783426732580_18.jpg manga_longa/1783426732580_19.jpg manga_longa/1783426736390_20.jpg manga_longa/1783426736391_21.jpg manga_longa/1783426736391_22.jpg manga_longa/1783426736391_23.jpg manga_longa/1783426736392_24.jpg manga_longa/1783426739719_25.jpg
1b8918ea-91a1-49e7-9f0f-58515dc4da55	Camisa Palmeiras Long Home 26/27	R$ 209,00		Brasileirão (Brasil)	P,M,G,GG,2XG,3XG,4XG	+ R$ 60,00	MANGA_LONGA,KIT_INFANTIL,TORCEDOR,JOGADOR	manga_longa/1783426680543_8.jpg manga_longa/1783426677359_0.jpg manga_longa/1783426677360_1.jpg manga_longa/1783426677360_2.jpg manga_longa/1783426677360_3.jpg manga_longa/1783426677360_4.jpg manga_longa/1783426680542_5.jpg manga_longa/1783426680543_6.jpg manga_longa/1783426680543_7.jpg manga_longa/1783426680543_9.jpg manga_longa/1783426684529_10.jpg manga_longa/1783426684530_11.jpg manga_longa/1783426684530_12.jpg manga_longa/1783426684530_13.jpg manga_longa/1783426684530_14.jpg manga_longa/1783426687956_15.jpg manga_longa/1783426687956_16.jpg manga_longa/1783426687957_17.jpg manga_longa/1783426687957_18.jpg manga_longa/1783426687957_19.jpg manga_longa/1783426691429_20.jpg manga_longa/1783426691430_21.jpg manga_longa/1783426691430_22.jpg
03d68782-a11f-4513-aee5-11d14f7d952f	Camisa Palmeiras Kids Home 26/27	R$ 199,00	KIDS	Brasileirão (Brasil)	14,16,18	+ R$ 60,00	KIT_INFANTIL,MANGA_LONGA,TORCEDOR,JOGADOR	kit_infantil/1783426646440_2.jpg kit_infantil/1783426646439_0.jpg kit_infantil/1783426646440_1.jpg kit_infantil/1783426646440_3.jpg kit_infantil/1783426646440_4.jpg kit_infantil/1783426650380_5.jpg kit_infantil/1783426650381_6.jpg kit_infantil/1783426650381_7.jpg kit_infantil/1783426650381_8.jpg kit_infantil/1783426650381_9.jpg kit_infantil/1783426653895_10.jpg kit_infantil/1783426653896_11.jpg kit_infantil/1783426653896_12.jpg kit_infantil/1783426653897_13.jpg kit_infantil/1783426653897_14.jpg kit_infantil/1783426657231_15.jpg kit_infantil/1783426657231_16.jpg kit_infantil/1783426657232_17.jpg kit_infantil/1783426657232_18.jpg kit_infantil/1783426657232_19.jpg kit_infantil/1783426661323_20.jpg kit_infantil/1783426661324_21.jpg kit_infantil/1783426661324_22.jpg kit_infantil/1783426661324_23.jpg kit_infantil/1783426661325_24.jpg kit_infantil/1783426664670_25.jpg kit_infantil/1783426664671_26.jpg kit_infantil/1783426664671_27.jpg
3a3abbde-056e-4f54-8894-994e69cc408c	Camisa Palmeiras Kids Away 26/27	R$ 199,00	KIDS	Brasileirão (Brasil)	14,16,18	+ R$ 60,00	KIT_INFANTIL,TORCEDOR,JOGADOR,MANGA_LONGA	kit_infantil/1783426622701_18.jpg kit_infantil/1783426612161_0.jpg kit_infantil/1783426612162_1.jpg kit_infantil/1783426612163_2.jpg kit_infantil/1783426612163_3.jpg kit_infantil/1783426612163_4.jpg kit_infantil/1783426615541_5.jpg kit_infantil/1783426615542_6.jpg kit_infantil/1783426615542_7.jpg kit_infantil/1783426615542_8.jpg kit_infantil/1783426615543_9.jpg kit_infantil/1783426619107_10.jpg kit_infantil/1783426619107_11.jpg kit_infantil/1783426619108_12.jpg kit_infantil/1783426619108_13.jpg kit_infantil/1783426619108_14.jpg kit_infantil/1783426622700_15.jpg kit_infantil/1783426622701_16.jpg kit_infantil/1783426622701_17.jpg kit_infantil/1783426622701_19.jpg kit_infantil/1783426626942_20.jpg kit_infantil/1783426626943_21.jpg kit_infantil/1783426626944_22.jpg kit_infantil/1783426626944_23.jpg kit_infantil/1783426626945_24.jpg kit_infantil/1783426631063_25.jpg kit_infantil/1783426631064_26.jpg kit_infantil/1783426631064_27.jpg kit_infantil/1783426631064_28.jpg
85ed8f9c-0822-41a6-a608-ca9e6bb87319	Camisa Palmeiras Player Home 26/27	R$ 229,00	JOGADOR	Brasileirão (Brasil)	P,M,G,GG,2XG,3XG,4XG	+ R$ 60,00	JOGADOR,KIT_INFANTIL,MANGA_LONGA,TORCEDOR	jogador/1781865117270_21.jpg jogador/1781865101839_0.jpg jogador/1781865101840_1.jpg jogador/1781865101840_2.jpg jogador/1781865101840_3.jpg jogador/1781865101841_4.jpg jogador/1781865105561_5.jpg jogador/1781865105562_6.jpg jogador/1781865105562_7.jpg jogador/1781865105562_8.jpg jogador/1781865105563_9.jpg jogador/1781865109322_10.jpg jogador/1781865109323_11.jpg jogador/1781865109323_12.jpg jogador/1781865109324_13.jpg jogador/1781865109324_14.jpg jogador/1781865112864_15.jpg jogador/1781865112865_16.jpg jogador/1781865112866_17.jpg jogador/1781865112866_18.jpg jogador/1781865112866_19.jpg jogador/1781865117269_20.jpg jogador/1781865117271_22.jpg jogador/1781865117271_23.jpg jogador/1781865117271_24.jpg jogador/1781865121507_25.jpg jogador/1781865121508_26.jpg
d85f557b-4bbc-401e-9e48-024dad43c687	Camisa Palmeiras Player Away 26/27	R$ 229,00	JOGADOR	Brasileirão (Brasil)	P,M,G,GG,2XG,3XG,4XG	+ R$ 60,00	JOGADOR,KIT_INFANTIL,TORCEDOR,MANGA_LONGA	jogador/1781864975185_12.jpg jogador/1781864967049_0.jpg jogador/1781864967050_1.jpg jogador/1781864967052_2.jpg jogador/1781864967052_3.jpg jogador/1781864967052_4.jpg jogador/1781864970696_5.jpg jogador/1781864970697_6.jpg jogador/1781864970697_7.jpg jogador/1781864970697_8.jpg jogador/1781864970698_9.jpg jogador/1781864975184_10.jpg jogador/1781864975185_11.jpg jogador/1781864975185_13.jpg jogador/1781864975186_14.jpg jogador/1781864978943_15.jpg jogador/1781864978944_16.jpg jogador/1781864978944_17.jpg jogador/1781864978944_18.jpg jogador/1781864978944_19.jpg jogador/1781864982950_20.jpg jogador/1781864982951_21.jpg jogador/1781864982951_22.jpg jogador/1781864982951_23.jpg
17541fd4-6603-4d9e-9ba3-0bbb02935298	Camisa Palmeiras Fan Third 25/26	R$ 189,00	TORCEDOR	Brasileirão (Brasil)	P,M,G,GG,2XG,3XG,4XG	+ R$ 60,00	TORCEDOR	torcedor/1781864850678_19.jpg torcedor/1781864838396_0.jpg torcedor/1781864838397_1.jpg torcedor/1781864838397_2.jpg torcedor/1781864838397_3.jpg torcedor/1781864838398_4.jpg torcedor/1781864842529_5.jpg torcedor/1781864842530_6.jpg torcedor/1781864842530_7.jpg torcedor/1781864842530_8.jpg torcedor/1781864842530_9.jpg torcedor/1781864846725_10.jpg torcedor/1781864846726_11.jpg torcedor/1781864846726_12.jpg torcedor/1781864846726_13.jpg torcedor/1781864846726_14.jpg torcedor/1781864850675_15.jpg torcedor/1781864850676_16.jpg torcedor/1781864850677_17.jpg torcedor/1781864850677_18.jpg torcedor/1781864854890_20.jpg torcedor/1781864854890_21.jpg torcedor/1781864854891_22.jpg torcedor/1781864854891_23.jpg torcedor/1781864854891_24.jpg torcedor/1781864858893_25.jpg torcedor/1781864858895_26.jpg torcedor/1781864858895_27.jpg
ec6c2101-1c11-4672-b50f-e2e721176161	Camisa Palmeiras Fan Home 25/26	R$ 189,00	TORCEDOR	Brasileirão (Brasil)	P,M,G,GG,2XG,3XG,4XG	+ R$ 60,00	TORCEDOR	torcedor/1781864763168_15.jpg torcedor/1781864750026_0.jpg torcedor/1781864750026_1.jpg torcedor/1781864750027_2.jpg torcedor/1781864750027_3.jpg torcedor/1781864750027_4.jpg torcedor/1781864754705_5.jpg torcedor/1781864754706_6.jpg torcedor/1781864754706_7.jpg torcedor/1781864754707_8.jpg torcedor/1781864754707_9.jpg torcedor/1781864758713_10.jpg torcedor/1781864758714_11.jpg torcedor/1781864758714_12.jpg torcedor/1781864758714_13.jpg torcedor/1781864758715_14.jpg torcedor/1781864763169_16.jpg torcedor/1781864763169_17.jpg torcedor/1781864763170_18.jpg torcedor/1781864763170_19.jpg torcedor/1781864767487_20.jpg torcedor/1781864767487_21.jpg torcedor/1781864767488_22.jpg torcedor/1781864767488_23.jpg
e9b50c21-faf4-4e68-9582-38c2618a966c	Camisa Palmeiras Fan Away 25/26	R$ 189,00	TORCEDOR	Brasileirão (Brasil)	P,M,G,GG,2XG,3XG,4XG	+ R$ 60,00	TORCEDOR	torcedor/1781864689845_4.jpg torcedor/1781864689844_0.jpg torcedor/1781864689845_1.jpg torcedor/1781864689845_2.jpg torcedor/1781864689845_3.jpg torcedor/1781864693911_5.jpg torcedor/1781864693912_6.jpg torcedor/1781864693912_7.jpg torcedor/1781864693912_8.jpg torcedor/1781864693912_9.jpg torcedor/1781864698005_10.jpg torcedor/1781864698006_11.jpg torcedor/1781864698007_12.jpg torcedor/1781864698007_13.jpg torcedor/1781864698007_14.jpg torcedor/1781864702400_15.jpg torcedor/1781864702401_16.jpg torcedor/1781864702401_17.jpg torcedor/1781864702401_18.jpg torcedor/1781864702402_19.jpg torcedor/1781864706474_20.jpg torcedor/1781864706474_21.jpg torcedor/1781864706475_22.jpg torcedor/1781864706475_23.jpg
24b5311f-deb2-4544-926a-0708fb944a80	Camisa Palmeiras Fan Home Retro 19/92	R$ 229,00	RETRÔ	Brasileirão (Brasil)	P,M,G,GG,2XG,3XG,4XG	+ R$ 60,00	RETRO	torcedor/1781865198725_1.jpg torcedor/1781865198724_0.jpg torcedor/1781865198725_2.jpg torcedor/1781865198725_3.jpg torcedor/1781865198726_4.jpg torcedor/1781865207553_5.jpg torcedor/1781865207553_6.jpg torcedor/1781865207554_7.jpg torcedor/1781865207554_8.jpg torcedor/1781865207554_9.jpg torcedor/1781865211844_10.jpg torcedor/1781865211845_11.jpg torcedor/1781865211845_12.jpg torcedor/1781865211845_13.jpg torcedor/1781865211846_14.jpg torcedor/1781865215396_15.jpg torcedor/1781865215397_16.jpg torcedor/1781865215397_17.jpg torcedor/1781865215397_18.jpg torcedor/1781865215397_19.jpg torcedor/1781865219916_20.jpg torcedor/1781865219917_21.jpg torcedor/1781865219917_22.jpg torcedor/1781865219917_23.jpg
a9fb54f6-f8ee-45eb-b5fa-73662be55fa6	Palmeiras Third Retro 2009	R$ 229,00	RETRÔ		P,M,G,GG,2XG,3XG,4XG	+ R$ 60,00	RETRO	retro/1789488823744_0.jpg retro/1789488823745_1.jpg
643549a8-9f54-4b0d-b33f-82b31714f0a3	Palmeiras Home 2 Retro 1996	R$ 229,00	RETRÔ		P,M,G,GG,2XG,3XG,4XG	+ R$ 60,00	RETRO	retro/1789488858793_0.jpg retro/1789488858794_1.jpg
2f75253a-5240-4006-9973-8fb6c8d7102a	Palmeiras home Retro 93/94	R$ 229,00	RETRÔ	Brasileirão (Brasil)	P,M,G,GG,2XG,3XG,4XG	+ R$ 60,00	RETRO	retro/1789488859625_0.jpg retro/1789488859626_1.jpg retro/1789488859626_2.jpg retro/1789488859626_3.jpg retro/1789488859626_4.jpg retro/1789488863683_5.jpg
2cb451f9-cd02-497d-925a-f2171d4c593c	Palmeiras Home Retro 89	R$ 229,00	RETRÔ		P,M,G,GG,2XG,3XG,4XG	+ R$ 60,00	RETRO	retro/1789488859138_0.jpg retro/1789488859138_1.jpg
814b6630-539e-49b1-ae46-9e00cff68926	Palmeiras Away Retro 89	R$ 229,00	RETRÔ		P,M,G,GG,2XG,3XG,4XG	+ R$ 60,00	RETRO	retro/1789488858695_0.jpg retro/1789488858695_1.jpg
0b1b2dab-8612-4b77-a5ef-697f1d271271	Paysandu Home Fan 26/27 All Sponsors	R$ 189,00	TORCEDOR	Brasileirão (Brasil)	P,M,G,GG,2XG,3XG,4XG	+ R$ 60,00	TORCEDOR	torcedor/1784661550929_0.png torcedor/1784661550930_1.png torcedor/1784661550930_2.png
b667313f-5279-449c-bf81-18be367558cc	Paysandu Away Fan 26/27	R$ 189,00	TORCEDOR	Brasileirão (Brasil)	P,M,G,GG,2XG,3XG,4XG	+ R$ 60,00	TORCEDOR,FEMININA	torcedor/1784661545391_0.png torcedor/1784661545391_1.jpg torcedor/1784661545391_2.jpg torcedor/1784661545392_3.jpg torcedor/1784661545392_4.jpg torcedor/1784661549223_5.jpg torcedor/1784661549224_6.jpg
ad0ebca0-042e-41fe-ade3-972b66f9101b	Paysandu Away Fan 26/27 All Sponsors	R$ 189,00	TORCEDOR	Brasileirão (Brasil)	P,M,G,GG,2XG,3XG,4XG	+ R$ 60,00	TORCEDOR,FEMININA	torcedor/1784661544760_0.png torcedor/1784661544761_1.png torcedor/1784661544761_2.png
99dc3cac-87d3-43d7-be2b-868374fa7275	Paysandu Away Home 26/27	R$ 189,00	TORCEDOR	Brasileirão (Brasil)	P,M,G,GG,2XG,3XG,4XG	+ R$ 60,00	TORCEDOR	torcedor/1784661543519_0.jpg torcedor/1784661543520_1.jpg torcedor/1784661543520_2.jpg torcedor/1784661543520_3.jpg torcedor/1784661543520_4.jpg torcedor/1784661547148_5.jpg torcedor/1784661547149_6.jpg
58bec31b-6ad5-4b6e-aa89-e9b10d7bac02	Paysandu Home Fan 26/27	R$ 189,00	TORCEDOR	Brasileirão (Brasil)	P,M,G,GG,2XG,3XG,4XG	+ R$ 60,00	TORCEDOR	torcedor/1784661543304_0.jpg torcedor/1784661543305_1.jpg torcedor/1784661543305_2.jpg torcedor/1784661543306_3.jpg torcedor/1784661543306_4.jpg torcedor/1784661547166_5.jpg torcedor/1784661547167_6.jpg torcedor/1784661547168_7.jpg
ac74b80d-d93f-4a90-b85b-a6e8f3ea428a	Paysandu Away Feminina 26/27	R$ 179,00	FEMININO	Brasileirão (Brasil)	P,M,G,GG	+ R$ 60,00	FEMININA,TORCEDOR	feminina/1784661543966_0.png feminina/1784661543966_1.jpg feminina/1784661543967_2.jpg feminina/1784661543967_3.png feminina/1784661543967_4.jpg
34af1b3a-b569-4660-a001-b6bcfe16f422	Remo Away Fan 26/27	R$ 189,00	TORCEDOR	Brasileirão (Brasil)	P,M,G,GG,2XG,3XG,4XG	+ R$ 60,00	TORCEDOR,FEMININA	torcedor/1784659432697_5.png torcedor/1784659429028_0.jpg torcedor/1784659429029_1.jpg torcedor/1784659429029_2.jpg torcedor/1784659429029_3.jpg torcedor/1784659429029_4.png
9fc78faf-f089-42e4-aecd-da3518a922fb	Remo GK Fan 26/27	R$ 189,00	TORCEDOR	Brasileirão (Brasil)	P,M,G,GG,2XG,3XG,4XG	+ R$ 60,00	TORCEDOR	torcedor/1784659428564_0.jpg torcedor/1784659428565_1.png torcedor/1784659428565_2.png torcedor/1784659428566_3.jpg torcedor/1784659428566_4.jpg torcedor/1784659432374_5.jpg
48323604-a011-4186-9513-12072082648b	Remo Home Fan All Sponsors 26/27	R$ 189,00	TORCEDOR	Brasileirão (Brasil)	P,M,G,GG,2XG,3XG,4XG	+ R$ 60,00	TORCEDOR,FEMININA	torcedor/1784659428144_0.png torcedor/1784659428145_1.png torcedor/1784659428145_2.png
902b8c4b-544b-4922-b9bc-e34da890f532	Remo Home Fan 26/27	R$ 189,00	TORCEDOR	Brasileirão (Brasil)	P,M,G,GG,2XG,3XG,4XG	+ R$ 60,00	TORCEDOR,FEMININA	torcedor/1784659431747_5.jpg torcedor/1784659428088_0.jpg torcedor/1784659428088_1.jpg torcedor/1784659428089_2.jpg torcedor/1784659428089_3.jpg torcedor/1784659428089_4.jpg torcedor/1784659431748_6.jpg
b55ee261-35f3-4ffb-9f1d-a7f0b3c5861b	Remo Away Feminina 26/27	R$ 179,00	FEMININO	Brasileirão (Brasil)	P,M,G,GG	+ R$ 60,00	FEMININA,TORCEDOR	feminina/1789488711339_0.jpg feminina/1789488711340_1.jpg
17c5193e-5070-43c5-a10d-cbe5ff70801a	Remo Home Feminina 26/27	R$ 179,00	FEMININO	Brasileirão (Brasil)	P,M,G,GG	+ R$ 60,00	FEMININA,TORCEDOR	feminina/1784659459795_4.jpg feminina/1784659459794_0.jpg feminina/1784659459795_1.jpg feminina/1784659459795_2.jpg feminina/1784659459795_3.jpg feminina/1784659463352_5.jpg feminina/1784659463353_6.jpg feminina/1784659463353_7.jpg
1bed0c60-77bc-4b68-a68f-11373e2323c4	Santa Cruz Away fan 26/27	R$ 189,00	TORCEDOR	Brasileirão (Brasil)	P,M,G,GG,2XG,3XG,4XG	+ R$ 60,00	TORCEDOR,FEMININA	torcedor/1784661414904_1.jpg torcedor/1784661414903_0.jpg torcedor/1784661414904_2.jpg torcedor/1784661414904_3.jpg torcedor/1784661414905_4.jpg torcedor/1784661418389_5.jpg torcedor/1784661418390_6.jpg torcedor/1784661418390_7.jpg torcedor/1784661418390_8.jpg
2b8b381b-08e0-4c35-a487-60e83617200d	Santa Cruz Black fan 26/27	R$ 189,00	TORCEDOR	Brasileirão (Brasil)	P,M,G,GG,2XG,3XG,4XG	+ R$ 60,00	TORCEDOR	torcedor/1784661412675_0.jpg torcedor/1784661412675_1.jpg torcedor/1784661412676_2.jpg torcedor/1784661412676_3.jpg torcedor/1784661412676_4.jpg torcedor/1784661416418_5.jpg
20353949-e174-4d97-998f-f60f945b17d9	Santa Cruz GK Fan 26/27	R$ 189,00	TORCEDOR	Brasileirão (Brasil)	P,M,G,GG,2XG,3XG,4XG	+ R$ 60,00	TORCEDOR	torcedor/1784661412148_1.png torcedor/1784661412147_0.jpg torcedor/1784661412148_2.png torcedor/1784661412148_3.jpg torcedor/1784661412149_4.jpg torcedor/1784661415642_5.jpg
f43c65ea-be6f-4673-8779-05aadfe01413	Santa Cruz Home fan 26/27	R$ 189,00	TORCEDOR	Brasileirão (Brasil)	P,M,G,GG,2XG,3XG,4XG	+ R$ 60,00	TORCEDOR,FEMININA	torcedor/1784661411340_0.jpg torcedor/1784661411341_1.jpg torcedor/1784661411341_2.jpg torcedor/1784661411341_3.jpg torcedor/1784661411341_4.jpg torcedor/1784661415752_5.jpg torcedor/1784661415752_6.jpg
9629f66f-8d0c-4df8-842e-4373afa17b31	Santa Cruz Away Feminina 26/27	R$ 179,00	FEMININO	Brasileirão (Brasil)	P,M,G,GG	+ R$ 60,00	FEMININA,TORCEDOR	feminina/1784661413082_3.jpg feminina/1784661413080_0.jpg feminina/1784661413081_1.jpg feminina/1784661413081_2.jpg feminina/1784661413082_4.jpg feminina/1784661416817_5.jpg
133555c9-2663-4b20-a81e-ee88e69d9a78	Santa Cruz Home Feminina 26/27	R$ 179,00	FEMININO	Brasileirão (Brasil)	P,M,G,GG	+ R$ 60,00	FEMININA,TORCEDOR	feminina/1784661410790_0.jpg feminina/1784661410790_1.jpg feminina/1784661410791_2.jpg feminina/1784661410791_3.jpg feminina/1784661410791_4.jpg feminina/1784661414889_5.jpg feminina/1784661414889_6.jpg
66a372fd-2618-4015-a78a-248ca92d07b9	Santa Cruz Home 25/26	R$ 189,00	TORCEDOR	Brasileirão (Brasil)	P,M,G,GG,2XG,3XG,4XG	+ R$ 60,00	TORCEDOR	torcedor/1788372213236_0.jpg torcedor/1788372213237_1.jpg torcedor/1788372213237_2.jpg torcedor/1788372213237_3.jpg torcedor/1788372213237_4.jpg
390b3219-253d-4135-91c1-e6b00ffd9962	Santa Cruz Away 25/26	R$ 189,00	TORCEDOR	Brasileirão (Brasil)	P,M,G,GG,2XG,3XG,4XG	+ R$ 60,00	TORCEDOR	torcedor/1788372211586_1.jpg torcedor/1788372211586_0.jpg torcedor/1788372211587_2.jpg torcedor/1788372211587_3.jpg torcedor/1788372211587_4.jpg
b3f95968-0ea4-4bd3-8fbf-aec4797d54d9	Santos Away Jersey 26/27	R$ 189,00	TORCEDOR	Brasileirão (Brasil)	P,M,G,GG,2XG,3XG,4XG	+ R$ 60,00	TORCEDOR,JOGADOR	torcedor/1784657751780_4.jpg torcedor/1784657751779_0.jpg torcedor/1784657751780_1.jpg torcedor/1784657751780_2.jpg torcedor/1784657751780_3.jpg torcedor/1784657755862_5.jpg torcedor/1784657755863_6.jpg
b47b163a-7876-4780-9aec-6e499f3a63f0	Santos Away Jersey All Sponsors 26/27	R$ 189,00	TORCEDOR	Brasileirão (Brasil)	P,M,G,GG,2XG,3XG,4XG	+ R$ 60,00	TORCEDOR,JOGADOR	torcedor/1784657751639_0.png torcedor/1784657751640_1.png torcedor/1784657751640_2.png
a090f154-c153-46aa-9b48-ff55addef8de	Santos Home Fan 26/27	R$ 189,00	TORCEDOR	Brasileirão (Brasil)	P,M,G,GG,2XG,3XG,4XG	+ R$ 60,00	TORCEDOR,FEMININA,JOGADOR,KIT_INFANTIL	torcedor/1784657689781_4.jpg torcedor/1784657689780_0.jpg torcedor/1784657689781_1.jpg torcedor/1784657689781_2.jpg torcedor/1784657689781_3.jpg torcedor/1784657693469_5.jpg torcedor/1784657693469_6.jpg
8e4a5a89-0798-4915-a15b-d406755b13d9	Santos Away Player 26/27	R$ 229,00	JOGADOR	Brasileirão (Brasil)	P,M,G,GG,2XG,3XG,4XG	+ R$ 60,00	JOGADOR,TORCEDOR	jogador/1784657792268_7.png jogador/1784657787774_0.jpg jogador/1784657787774_1.jpg jogador/1784657787775_2.jpg jogador/1784657787775_3.jpg jogador/1784657787775_4.jpg jogador/1784657792267_5.jpg jogador/1784657792267_6.jpg
f068b0ef-e744-42e6-b9c6-3cdaf39efbf8	Santos Away Player 26/27 - All Sponsors	R$ 229,00	JOGADOR	Brasileirão (Brasil)	P,M,G,GG,2XG,3XG,4XG	+ R$ 60,00	JOGADOR,TORCEDOR	jogador/1784657693045_0.png jogador/1784657693046_1.png jogador/1784657693046_2.png
3829df8a-6e08-4932-8dfc-889fb6e81951	Santos Home Feminina 26/27	R$ 179,00	FEMININO	Brasileirão (Brasil)	P,M,G,GG	+ R$ 60,00	FEMININA,JOGADOR,KIT_INFANTIL,TORCEDOR	feminina/1784657689036_4.jpg feminina/1784657689035_0.jpg feminina/1784657689036_1.jpg feminina/1784657689036_2.jpg feminina/1784657689036_3.jpg
9d65349f-d96d-4af9-b652-5d78fc07c375	Santos Home Kids 26/27	R$ 199,00	KIDS	Brasileirão (Brasil)	14,16,18	+ R$ 60,00	KIT_INFANTIL,FEMININA,JOGADOR,TORCEDOR	kit_infantil/1784657691773_5.jpg kit_infantil/1784657688493_0.jpg kit_infantil/1784657688494_1.jpg kit_infantil/1784657688494_2.jpg kit_infantil/1784657688495_3.jpg kit_infantil/1784657688495_4.jpg kit_infantil/1784657691773_6.jpg
8ed4fe53-5997-4b9d-9381-035234bfdd25	Santos Home Player 26/27	R$ 229,00	JOGADOR	Brasileirão (Brasil)	P,M,G,GG,2XG,3XG,4XG	+ R$ 60,00	JOGADOR,FEMININA,KIT_INFANTIL,TORCEDOR	jogador/1784657687430_4.png jogador/1784657687429_0.jpg jogador/1784657687429_1.jpg jogador/1784657687430_2.jpg jogador/1784657687430_3.jpg
d3c7959b-c98e-4ffc-9116-7159213abdab	Santos Home Player 26/27 - All Sponsors	R$ 229,00	JOGADOR	Brasileirão (Brasil)	P,M,G,GG,2XG,3XG,4XG	+ R$ 60,00	JOGADOR,FEMININA,KIT_INFANTIL,TORCEDOR	jogador/1784657686545_1.png jogador/1784657686545_0.png jogador/1784657686546_2.png
ba430d11-f756-4b51-9eb9-d6e90423f50d	Santos Treino 26/27	R$ 229,00	JOGADOR	Brasileirão (Brasil)	P,M,G,GG,2XG,3XG,4XG	+ R$ 60,00	JOGADOR	jogador/1784657686454_4.png jogador/1784657686453_0.png jogador/1784657686454_1.jpg jogador/1784657686454_2.png jogador/1784657686454_3.png
d61b9699-937a-41cd-8e0e-3aa4ab901b19	Santos Regata Treino 26/27	R$ 229,00	JOGADOR	Brasileirão (Brasil)	P,M,G,GG,2XG,3XG,4XG	+ R$ 60,00	JOGADOR	jogador/1784657686455_4.png jogador/1784657686454_0.jpg jogador/1784657686455_1.jpg jogador/1784657686455_2.png jogador/1784657686455_3.jpg
ead24003-4217-4881-a201-c398510eeaef	Sao Paulo Lifestyle Special Edition 26/27	R$ 189,00	TORCEDOR	Brasileirão (Brasil)	P,M,G,GG,2XG,3XG,4XG	+ R$ 60,00	TORCEDOR,JOGADOR,FEMININA	torcedor/1790208232862_0.png torcedor/1790208232862_1.png
3466b8ec-1ed4-4c06-b086-034f574e17bf	Sao Paulo Third 26/27	R$ 189,00	TORCEDOR	Brasileirão (Brasil)	P,M,G,GG,2XG,3XG,4XG	+ R$ 60,00	TORCEDOR,FEMININA,JOGADOR	torcedor/1786970289521_1.jpg torcedor/1786970289521_0.jpg
ac3ef546-1ab7-43e3-8d31-a4ca0a0c08c1	Camisa São Paulo Away Fan 26/27	R$ 189,00	TORCEDOR	Brasileirão (Brasil)	P,M,G,GG,2XG,3XG,4XG	+ R$ 60,00	TORCEDOR,FEMININA,JOGADOR	torcedor/1784587882548_0.jpg torcedor/1784587882549_1.jpg torcedor/1784587882549_2.png torcedor/1784587882549_3.png torcedor/1784587882550_4.jpg
2e864dff-98f4-4c20-b4b4-58dd82797fdf	Camisa São Paulo Home Fan 26/27	R$ 189,00	TORCEDOR	Brasileirão (Brasil)	P,M,G,GG,2XG,3XG,4XG	+ R$ 60,00	TORCEDOR,KIT_INFANTIL,FEMININA	torcedor/1783426596318_16.jpg torcedor/1783426581022_0.jpg torcedor/1783426581023_1.jpg torcedor/1783426581023_2.jpg torcedor/1783426581023_3.jpg torcedor/1783426581023_4.jpg torcedor/1783426584075_5.jpg torcedor/1783426584076_6.jpg torcedor/1783426584076_7.jpg torcedor/1783426584076_8.jpg torcedor/1783426584076_9.jpg torcedor/1783426589466_10.jpg torcedor/1783426589466_11.jpg torcedor/1783426589467_12.jpg torcedor/1783426589467_13.jpg torcedor/1783426589467_14.jpg torcedor/1783426596317_15.jpg torcedor/1783426596318_17.jpg torcedor/1783426596319_18.jpg torcedor/1783426596319_19.jpg torcedor/1783426599835_20.jpg torcedor/1783426599835_21.jpg torcedor/1783426599836_22.jpg torcedor/1783426599836_23.jpg torcedor/1783426599836_24.jpg
f8da4a84-f9d0-4e6f-95f6-e593e6ab7a2a	Paulo Lifestyle Special Edition Feminina 26/27	R$ 179,00	FEMININO	Brasileirão (Brasil)	P,M,G,GG	+ R$ 60,00	FEMININA,JOGADOR,TORCEDOR	feminina/1790208244002_0.jpg feminina/1790208244003_1.jpg
173a28c7-ac21-43ce-af96-5bb240ecb84f	São Paulo Third Player 26/27	R$ 229,00	JOGADOR	Brasileirão (Brasil)	P,M,G,GG,2XG,3XG,4XG	+ R$ 60,00	JOGADOR,FEMININA,TORCEDOR	jogador/1789488696761_0.jpg jogador/1789488696762_1.png jogador/1789488696762_2.jpg jogador/1789488696762_3.jpg jogador/1789488696762_4.png
1325230a-2a11-476e-a13a-5e0c2a901703	Sao Paulo Third Feminina 2026	R$ 179,00	FEMININO		P,M,G,GG	+ R$ 60,00	FEMININA,JOGADOR,TORCEDOR	feminina/1789488696991_0.jpg feminina/1789488696992_1.jpg
2066f13b-c7d2-4766-8a58-43fa2395eac3	Sao Paulo Third Feminina 26/27	R$ 179,00	FEMININO	Brasileirão (Brasil)	P,M,G,GG	+ R$ 60,00	FEMININA,JOGADOR,TORCEDOR	feminina/1789041126951_0.jpg feminina/1789041126952_1.jpg
305e4e9b-096c-4932-9309-0e6bfc78491a	Camisa	R$ 229,00	JOGADOR		P,M,G,GG,2XG,3XG,4XG	+ R$ 60,00	JOGADOR,TORCEDOR,FEMININA	jogador/1784643529387_3.png jogador/1784643529386_0.png jogador/1784643529387_1.jpg jogador/1784643529387_2.png jogador/1784643529387_4.jpg
0b284c5f-9af4-4645-89a0-8be38e56a269	Camisa São Paulo Treino 26/27	R$ 229,00	JOGADOR	Brasileirão (Brasil)	P,M,G,GG,2XG,3XG,4XG	+ R$ 60,00	JOGADOR,TORCEDOR,FEMININA	jogador/1784643487150_4.png jogador/1784643487149_0.jpg jogador/1784643487149_1.png jogador/1784643487149_2.png jogador/1784643487150_3.png
631dd35d-20d8-4293-bb59-227b92edd16e	Sport Away Fan 26/27	R$ 189,00	TORCEDOR	Brasileirão (Brasil)	P,M,G,GG,2XG,3XG,4XG	+ R$ 60,00	TORCEDOR,FEMININA	torcedor/1784660394793_0.jpg torcedor/1784660394794_1.jpg torcedor/1784660394794_2.jpg torcedor/1784660394794_3.jpg torcedor/1784660394795_4.jpg torcedor/1784660398902_5.jpg torcedor/1784660398903_6.jpg
8b10f8b0-d683-4d1d-bbef-7d6d7f8d7b24	AIK Home 2026	R$ 189,00	TORCEDOR		P,M,G,GG,2XG,3XG,4XG	+ R$ 60,00	TORCEDOR	torcedor/1785970865517_0.jpg torcedor/1785970865518_1.jpg
5516a0f8-84a1-4e49-9e5a-ccfc9afcdafe	AIK Swedish Cup Home S 2026	R$ 189,00	TORCEDOR		P,M,G,GG,2XG,3XG,4XG	+ R$ 60,00	TORCEDOR	torcedor/1785970865176_0.jpg torcedor/1785970865177_1.jpg torcedor/1785970865177_2.jpg torcedor/1785970865177_3.jpg torcedor/1785970865178_4.jpg torcedor/1785970868722_5.jpg
b3cb6fd4-3601-46d8-b903-57fe9f91cc53	Ajax Goalkeeper 1 26/27	R$ 189,00	TORCEDOR	Outros - Europa	P,M,G,GG,2XG,3XG,4XG	+ R$ 60,00	TORCEDOR	torcedor/1789488349881_0.jpg torcedor/1789488349881_1.jpg
4c44056f-da9b-4717-b037-2effd267c949	Ajax Home 26/27	R$ 189,00	TORCEDOR	Outros - Europa	P,M,G,GG,2XG,3XG,4XG	+ R$ 60,00	TORCEDOR,JOGADOR,KIT_INFANTIL	torcedor/1785971257363_0.jpg torcedor/1785971257364_1.jpg
dd7281da-c6e6-45d9-beb1-6c94f7c5e3a1	Ajax Away 26/27	R$ 189,00	TORCEDOR	Outros - Europa	P,M,G,GG,2XG,3XG,4XG	+ R$ 60,00	TORCEDOR	torcedor/1785971225577_0.jpg torcedor/1785971225577_1.jpg
8fee0dd9-c8eb-478f-bd4e-908fc548c071	Ajax Third Soccer 26/27	R$ 189,00	TORCEDOR	Outros - Europa	P,M,G,GG,2XG,3XG,4XG	+ R$ 60,00	TORCEDOR,JOGADOR,KIT_INFANTIL	torcedor/1785971148361_0.jpg torcedor/1785971148362_1.jpg torcedor/1785971148362_2.jpg torcedor/1785971148362_3.jpg torcedor/1785971148363_4.jpg
a049add9-7e54-404e-bcae-801d3e9d101c	Ajax Third Kids 26/27	R$ 199,00	KIDS	Outros - Europa	14,16,18	+ R$ 60,00	KIT_INFANTIL,JOGADOR,TORCEDOR	kit_infantil/1785971280113_0.jpg kit_infantil/1785971280114_1.jpg
8b2c5238-dc14-4255-b90b-18223a842ebb	Ajax Third Player 26/27	R$ 229,00	JOGADOR	Outros - Europa	P,M,G,GG,2XG,3XG,4XG	+ R$ 60,00	JOGADOR,TORCEDOR,KIT_INFANTIL	jogador/1785971279696_0.jpg jogador/1785971279696_1.jpg jogador/1785971279697_2.jpg jogador/1785971279697_3.jpg jogador/1785971279697_4.jpg jogador/1785971283598_5.jpg jogador/1785971283599_6.jpg
cfd39404-59b2-4b3e-a8dc-d55ffc693e67	Ajax Home Kids 26/27	R$ 199,00	KIDS	Outros - Europa	14,16,18	+ R$ 60,00	KIT_INFANTIL,TORCEDOR,JOGADOR	kit_infantil/1785971257179_0.jpg kit_infantil/1785971257180_1.jpg
c421fb04-e808-49b7-a406-1768bcaa7819	Ajax Home Player 26/27	R$ 229,00	JOGADOR	Outros - Europa	P,M,G,GG,2XG,3XG,4XG	+ R$ 60,00	JOGADOR,TORCEDOR,KIT_INFANTIL	jogador/1785971256577_0.jpg jogador/1785971256578_1.jpg jogador/1785971256578_2.jpg jogador/1785971256578_3.jpg jogador/1785971256578_4.jpg jogador/1785971259874_5.jpg jogador/1785971259874_6.jpg jogador/1785971259874_7.jpg
ec7dde82-5e9e-48eb-8d70-e88d5437d1ca	Ajax 125 Years Anniversary 2025	R$ 189,00	TORCEDOR		P,M,G,GG,2XG,3XG,4XG	+ R$ 60,00	TORCEDOR,MANGA_LONGA	torcedor/1785971126861_0.jpg torcedor/1785971126862_1.jpg torcedor/1785971126862_2.jpg torcedor/1785971126862_3.jpg
50f9c1a2-5533-4719-bb0c-23c8c210b2b7	Ajax 125 Years Anniversary long 2025	R$ 209,00			P,M,G,GG,2XG,3XG,4XG	+ R$ 60,00	MANGA_LONGA,TORCEDOR	manga_longa/1785971126419_0.jpg manga_longa/1785971126420_1.jpg manga_longa/1785971126420_2.jpg manga_longa/1785971126420_3.jpg
19d4a25b-0514-4b02-b55e-865568780b1d	Ajax Wine Red Track Jacket 25/26	R$ 409,00		Outros - Europa	P,M,G,GG,2XG,3XG,4XG	+ R$ 60,00	CORTA_VENTO	corta_vento/1785971090404_0.jpg corta_vento/1785971090404_1.jpg corta_vento/1785971090404_2.jpg corta_vento/1785971090405_3.jpg corta_vento/1785971090405_4.jpg
d150aff6-3c0e-4ec9-bfa9-6b928526500f	Ajax Away Retro 18/19	R$ 229,00	RETRÔ	Outros - Europa	P,M,G,GG,2XG,3XG,4XG	+ R$ 60,00	RETRO	retro/1785971117386_5.jpg retro/1785971113578_0.jpg retro/1785971113579_1.jpg retro/1785971113579_2.jpg retro/1785971113580_3.jpg retro/1785971113580_4.jpg
b6c52965-f011-450a-9069-44fd400f82f9	2001 Ajax Away Retro	R$ 229,00	RETRÔ		P,M,G,GG,2XG,3XG,4XG	+ R$ 60,00	RETRO	torcedor/1782392137038_21.jpg torcedor/1782392121472_0.jpg torcedor/1782392121473_1.jpg torcedor/1782392121473_2.jpg torcedor/1782392121473_3.jpg torcedor/1782392121473_4.jpg torcedor/1782392124900_5.jpg torcedor/1782392124900_6.jpg torcedor/1782392124900_7.jpg torcedor/1782392124901_8.jpg torcedor/1782392124901_9.jpg torcedor/1782392129351_10.jpg torcedor/1782392129352_11.jpg torcedor/1782392129352_12.jpg torcedor/1782392129352_13.jpg torcedor/1782392129353_14.jpg torcedor/1782392132615_15.jpg torcedor/1782392132616_16.jpg torcedor/1782392132616_17.jpg torcedor/1782392132616_18.jpg torcedor/1782392132617_19.jpg torcedor/1782392137038_20.jpg torcedor/1782392137039_22.jpg
e6087568-0bba-47f0-81bd-fd96d703f5ab	Ajax Home Retro 98/99	R$ 229,00	RETRÔ	Outros - Europa	P,M,G,GG,2XG,3XG,4XG	+ R$ 60,00	RETRO	retro/1785971111592_0.jpg retro/1785971111592_1.jpg
c511f6d7-7f61-4c91-848c-b0c393023d0e	Ajax Home Retro 94/95	R$ 229,00	RETRÔ	Outros - Europa	P,M,G,GG,2XG,3XG,4XG	+ R$ 60,00	RETRO	retro/1785971112103_0.jpg retro/1785971112104_1.jpg retro/1785971112104_2.jpg retro/1785971112104_3.jpg retro/1785971112105_4.jpg retro/1785971115600_5.jpg retro/1785971115600_6.jpg
9f3d0f23-c4b6-462b-8281-65dd765f93f8	Besiktas Home 26/27	R$ 189,00	TORCEDOR	Outros - Europa	P,M,G,GG,2XG,3XG,4XG	+ R$ 60,00	TORCEDOR	torcedor/1785972440736_0.jpg torcedor/1785972440736_1.jpg
fb36ae49-6501-41a7-b441-9b7eac801e49	Bodo Away 2026	R$ 189,00	TORCEDOR		P,M,G,GG,2XG,3XG,4XG	+ R$ 60,00	TORCEDOR	torcedor/1785972439036_0.jpg torcedor/1785972439037_1.jpg torcedor/1785972439037_2.jpg torcedor/1785972439037_3.jpg
145b088a-7e56-4fa8-ab47-ce3972f8bb5a	Besiktas Third 26/27	R$ 189,00	TORCEDOR	Outros - Europa	P,M,G,GG,2XG,3XG,4XG	+ R$ 60,00	TORCEDOR	torcedor/1785972438566_0.jpg torcedor/1785972438567_1.jpg
fa6182eb-b29b-497b-bd8d-49617557d5aa	Besiktas Away 26/27	R$ 189,00	TORCEDOR	Outros - Europa	P,M,G,GG,2XG,3XG,4XG	+ R$ 60,00	TORCEDOR	torcedor/1785972434628_0.jpg torcedor/1785972434629_1.jpg
3a068e3b-1b82-4f48-bc27-bdad9cf18bbd	Besiktas Home Retro 96/97	R$ 229,00	RETRÔ	Outros - Europa	P,M,G,GG,2XG,3XG,4XG	+ R$ 60,00	RETRO	retro/1785972437762_0.jpg retro/1785972437763_1.jpg retro/1785972437763_2.jpg retro/1785972437763_3.jpg
aa542076-ddbb-467d-83d9-0775a85b4f51	Besiktas Away Retro 96/98	R$ 229,00	RETRÔ	Outros - Europa	P,M,G,GG,2XG,3XG,4XG	+ R$ 60,00	RETRO	retro/1785972436662_0.jpg retro/1785972436662_1.jpg retro/1785972436663_2.jpg retro/1785972436663_3.jpg
58865f1e-f3da-4fc7-a107-9c7b2fdc5871	Besiktas Home Retro 90/91	R$ 229,00	RETRÔ	Outros - Europa	P,M,G,GG,2XG,3XG,4XG	+ R$ 60,00	RETRO	retro/1785972437307_0.jpg retro/1785972437307_1.jpg retro/1785972437308_2.jpg retro/1785972437308_3.jpg
179a941d-06c2-43f7-907b-d4f396f5ccc2	Bodo Third 2026	R$ 189,00	TORCEDOR		P,M,G,GG,2XG,3XG,4XG	+ R$ 60,00	TORCEDOR	torcedor/1785972442528_0.jpg torcedor/1785972442529_1.jpg
7bb9d032-30d0-4c64-b508-f40b2dd69e85	Bodo Home 2026	R$ 189,00	TORCEDOR		P,M,G,GG,2XG,3XG,4XG	+ R$ 60,00	TORCEDOR	torcedor/1785972442152_0.jpg torcedor/1785972442152_1.jpg torcedor/1785972442153_2.jpg torcedor/1785972442153_3.jpg torcedor/1785972442153_4.jpg
cc1faee1-d38f-4fa9-9bfb-71a032b1155e	Club Brugge home 26/27	R$ 189,00	TORCEDOR	Outros - Europa	P,M,G,GG,2XG,3XG,4XG	+ R$ 60,00	TORCEDOR,KIT_INFANTIL	torcedor/1785972484735_0.jpg torcedor/1785972484736_1.jpg torcedor/1785972484736_2.jpg torcedor/1785972484736_3.jpg
d0ae77c5-9a79-4ebb-980b-08d793a419e2	Club Brugge home Kids 26/27	R$ 199,00	KIDS	Outros - Europa	14,16,18	+ R$ 60,00	KIT_INFANTIL,TORCEDOR	kit_infantil/1785972484374_0.jpg kit_infantil/1785972484376_1.jpg
bf09a3c3-9c3f-452c-9c96-982477a22b8d	Club Brugge Home Retro 98/99	R$ 229,00	RETRÔ	Outros - Europa	P,M,G,GG,2XG,3XG,4XG	+ R$ 60,00	RETRO	retro/1785972484089_0.jpg retro/1785972484090_1.jpg retro/1785972484090_2.jpg retro/1785972484090_3.jpg
cef15bfe-267f-4a89-80a9-424959ea03d5	Celtic Goalkeeper 26/27	R$ 189,00	TORCEDOR	Outros - Europa	P,M,G,GG,2XG,3XG,4XG	+ R$ 60,00	TORCEDOR	torcedor/1786023550371_0.jpg torcedor/1786023550371_1.jpg
ff71101b-2e29-48ea-b4c6-89b114912c98	Celtic Home 26/27	R$ 189,00	TORCEDOR	Outros - Europa	P,M,G,GG,2XG,3XG,4XG	+ R$ 60,00	TORCEDOR,JOGADOR,KIT_INFANTIL	torcedor/1786023549819_3.jpg torcedor/1786023549818_0.jpg torcedor/1786023549818_1.jpg torcedor/1786023549819_2.jpg torcedor/1786023549819_4.jpg torcedor/1786023553293_5.jpg torcedor/1786023553293_6.jpg
0c327886-b0ed-4a61-bb10-73d5c148121f	Celtic Goalkeeper Third 26/27	R$ 189,00	TORCEDOR	Outros - Europa	P,M,G,GG,2XG,3XG,4XG	+ R$ 60,00	TORCEDOR,JOGADOR,KIT_INFANTIL	torcedor/1786023549744_0.jpg torcedor/1786023549745_1.jpg
1dc07eec-1ae3-4433-874a-9dac447c1a1a	Celtic Origins 26/27	R$ 189,00	TORCEDOR	Outros - Europa	P,M,G,GG,2XG,3XG,4XG	+ R$ 60,00	TORCEDOR	torcedor/1786023546477_0.jpg torcedor/1786023546477_1.jpg torcedor/1786023546478_2.jpg torcedor/1786023546478_3.jpg
b067f8cb-d228-4427-b2d0-3da8fe9e8180	Celtic Third 26/27	R$ 189,00	TORCEDOR	Outros - Europa	P,M,G,GG,2XG,3XG,4XG	+ R$ 60,00	TORCEDOR,JOGADOR,KIT_INFANTIL	torcedor/1786023545983_0.jpg torcedor/1786023545983_1.jpg
463c9a11-8c3a-47b6-b0a8-921d7c471b14	Celtic Home Kids Soccer 26/27	R$ 199,00	KIDS	Outros - Europa	14,16,18	+ R$ 60,00	KIT_INFANTIL,JOGADOR,TORCEDOR	kit_infantil/1786023548432_0.jpg kit_infantil/1786023548433_1.jpg
3b4b7c7e-80de-4283-bb24-a18dae9208fa	Celtic Home Player 26/27	R$ 229,00	JOGADOR	Outros - Europa	P,M,G,GG,2XG,3XG,4XG	+ R$ 60,00	JOGADOR,KIT_INFANTIL,TORCEDOR	jogador/1786023548070_0.jpg jogador/1786023548070_1.jpg jogador/1786023548071_2.jpg jogador/1786023548071_3.jpg jogador/1786023548071_4.jpg
4cff4329-ee59-491c-9387-e850114eb179	Celtic Third Kids 26/27	R$ 199,00	KIDS	Outros - Europa	14,16,18	+ R$ 60,00	KIT_INFANTIL,TORCEDOR,JOGADOR	kit_infantil/1786023545543_0.jpg kit_infantil/1786023545544_1.jpg
29a26154-67de-4452-aec9-4cc6b5ba8ad9	Celtic Third Player 26/27	R$ 229,00	JOGADOR	Outros - Europa	P,M,G,GG,2XG,3XG,4XG	+ R$ 60,00	JOGADOR,TORCEDOR,KIT_INFANTIL	jogador/1786023545184_0.jpg jogador/1786023545184_1.jpg jogador/1786023545184_2.jpg jogador/1786023545185_3.jpg jogador/1786023545185_4.jpg jogador/1786023547974_5.jpg
14f02565-9a53-4c97-a0a9-ba3d8e4abafd	Celtic Home Retro 12/13	R$ 229,00	RETRÔ	Outros - Europa	P,M,G,GG,2XG,3XG,4XG	+ R$ 60,00	RETRO	retro/1786023451981_0.jpg retro/1786023451982_1.jpg retro/1786023451982_2.jpg retro/1786023451982_3.jpg retro/1786023451982_4.jpg retro/1786023456531_5.jpg retro/1786023456532_6.jpg
801cba36-b297-4f58-b715-12f175b8c6a6	Celtic Away Retro 12/13	R$ 229,00	RETRÔ	Outros - Europa	P,M,G,GG,2XG,3XG,4XG	+ R$ 60,00	RETRO	retro/1786023317837_0.jpg retro/1786023317838_1.jpg
27dedf32-373c-477f-8015-2ae1169189fb	Celtic Home Retro 10/12	R$ 229,00	RETRÔ	Outros - Europa	P,M,G,GG,2XG,3XG,4XG	+ R$ 60,00	RETRO	retro/1786023452480_0.jpg retro/1786023452481_1.jpg retro/1786023452481_2.jpg retro/1786023452481_3.jpg retro/1786023452481_4.jpg
3ffde47c-504e-44b4-8c42-24b9f63e7266	Celtic Away Retro 06/07	R$ 229,00	RETRÔ	Outros - Europa	P,M,G,GG,2XG,3XG,4XG	+ R$ 60,00	RETRO	retro/1786023317863_0.jpg retro/1786023317864_1.jpg retro/1786023317864_2.jpg retro/1786023317864_3.jpg
a6038ecb-e628-49fe-a6c6-730b1b278109	Celtic Home Retro 05/07	R$ 229,00	RETRÔ	Outros - Europa	P,M,G,GG,2XG,3XG,4XG	+ R$ 60,00	RETRO	retro/1786023453713_0.jpg retro/1786023453714_1.jpg retro/1786023453714_2.jpg retro/1786023453714_3.jpg
f9ca4d5a-7869-401f-a5d0-410a4201240c	Celtic Home Retro 03/04	R$ 229,00	RETRÔ	Outros - Europa	P,M,G,GG,2XG,3XG,4XG	+ R$ 60,00	RETRO	retro/1786023547717_0.jpg retro/1786023547717_1.jpg retro/1786023547718_2.jpg retro/1786023547718_3.jpg retro/1786023547718_4.jpg retro/1786023550727_5.jpg retro/1786023550727_6.jpg
c34ca81d-579f-42a9-8d0c-177b9b60c55b	Celtic Home Retro 99/01	R$ 229,00	RETRÔ	Outros - Europa	P,M,G,GG,2XG,3XG,4XG	+ R$ 60,00	RETRO	retro/1786023537678_1.jpg retro/1786023537677_0.jpg retro/1786023537679_2.jpg retro/1786023537679_3.jpg retro/1786023537679_4.jpg retro/1786023540915_5.jpg
61d8e7db-30e6-44c7-8f53-74df64188943	Celtic Away Retro 98/99	R$ 229,00	RETRÔ	Outros - Europa	P,M,G,GG,2XG,3XG,4XG	+ R$ 60,00	RETRO	retro/1786023319205_0.jpg retro/1786023319205_1.jpg retro/1786023319206_2.jpg retro/1786023319206_3.jpg retro/1786023319206_4.jpg
33a15507-8b34-4310-ad99-9389c91b6740	Celtic Home Retro 97/99	R$ 229,00	RETRÔ	Outros - Europa	P,M,G,GG,2XG,3XG,4XG	+ R$ 60,00	RETRO	retro/1786023538053_0.jpg retro/1786023538053_1.jpg retro/1786023538054_2.jpg retro/1786023538054_3.jpg retro/1786023538054_4.jpg retro/1786023541656_5.jpg
868f6c2e-57f5-43ba-a655-741aec166025	Celtic Away Retro 96/97	R$ 229,00	RETRÔ	Outros - Europa	P,M,G,GG,2XG,3XG,4XG	+ R$ 60,00	RETRO	retro/1786023318772_0.jpg retro/1786023318772_1.jpg retro/1786023318772_2.jpg retro/1786023318773_3.jpg
b4a96905-ddce-46fc-b1cc-c8cc8f610bb4	Celtic Home Retro 93/95	R$ 229,00	RETRÔ	Outros - Europa	P,M,G,GG,2XG,3XG,4XG	+ R$ 60,00	RETRO	retro/1786023538648_0.jpg retro/1786023538649_1.jpg
d7209e33-4f3b-4eac-bac7-862989bc3584	Celtic Away Retro 93/84	R$ 229,00	RETRÔ	Outros - Europa	P,M,G,GG,2XG,3XG,4XG	+ R$ 60,00	RETRO	retro/1786023318520_0.jpg retro/1786023318520_1.jpg retro/1786023318521_2.jpg retro/1786023318521_3.jpg retro/1786023318521_4.jpg retro/1786023321515_5.jpg retro/1786023321516_6.jpg
dd50a091-3ae2-444b-ad70-909dd7ac42ec	Celtic Home Retro 89/90	R$ 229,00	RETRÔ	Outros - Europa	P,M,G,GG,2XG,3XG,4XG	+ R$ 60,00	RETRO	retro/1786023538967_2.jpg retro/1786023538966_0.jpg retro/1786023538967_1.jpg retro/1786023538967_3.jpg retro/1786023538967_4.jpg retro/1786023541856_5.jpg retro/1786023541857_6.jpg
3d856861-c0ea-49dd-82ca-4fd232e2ec1d	Celtic Home Retro 87/89	R$ 229,00	RETRÔ	Outros - Europa	P,M,G,GG,2XG,3XG,4XG	+ R$ 60,00	RETRO	retro/1786023450764_0.jpg retro/1786023450764_1.jpg retro/1786023450765_2.jpg retro/1786023450765_3.jpg retro/1786023450765_4.jpg retro/1786023454194_5.jpg
b4043f44-bbef-4697-abdd-1427ddeb9a4e	Celtic Home Retro 85/86	R$ 229,00	RETRÔ	Outros - Europa	P,M,G,GG,2XG,3XG,4XG	+ R$ 60,00	RETRO	retro/1786023450848_0.jpg retro/1786023450849_1.jpg retro/1786023450849_2.jpg
7ee81766-6a49-4bce-a2fd-ca1f98b3365f	Celtic Away Retro 82/83	R$ 229,00	RETRÔ	Outros - Europa	P,M,G,GG,2XG,3XG,4XG	+ R$ 60,00	RETRO	retro/1786023317982_0.jpg retro/1786023317983_1.jpg retro/1786023317983_2.jpg retro/1786023317983_3.jpg retro/1786023317984_4.jpg retro/1786023321265_5.jpg
68b716ea-2a5e-4332-9f21-2b7397d53699	Celtic Home Retro 79/82	R$ 229,00	RETRÔ	Outros - Europa	P,M,G,GG,2XG,3XG,4XG	+ R$ 60,00	RETRO	retro/1786023451431_0.jpg retro/1786023451431_1.jpg retro/1786023451432_2.jpg retro/1786023451432_3.jpg retro/1786023451432_4.jpg retro/1786023454881_5.jpg
6a52e750-8c46-4ef3-b0aa-91820bebeddf	Copenhagen Home 26/27	R$ 189,00	TORCEDOR	Outros - Europa	P,M,G,GG,2XG,3XG,4XG	+ R$ 60,00	TORCEDOR	torcedor/1786023594425_0.jpg torcedor/1786023594425_1.jpg
564a729e-4f69-4785-bb39-6223a0a87de9	Copenhagen 150 Years Anniversary Long 25/26	R$ 209,00		Outros - Europa	P,M,G,GG,2XG,3XG,4XG	+ R$ 60,00	MANGA_LONGA	torcedor/1786023594406_0.jpg torcedor/1786023594407_1.jpg torcedor/1786023594407_2.jpg
b9dafbe5-5fd4-4e75-9c93-24fb8b1e4215	Red Star Home 26/27	R$ 189,00	TORCEDOR	Outros - Europa	P,M,G,GG,2XG,3XG,4XG	+ R$ 60,00	TORCEDOR	torcedor/1786025713494_0.jpg torcedor/1786025713495_1.jpg
da2a7d19-375d-4596-bab6-b8b386ce2526	Red Star Retro 99/01	R$ 229,00	RETRÔ	Outros - Europa	P,M,G,GG,2XG,3XG,4XG	+ R$ 60,00	RETRO	retro/1786025712729_1.jpg retro/1786025712728_0.jpg retro/1786025712729_2.jpg retro/1786025712730_3.jpg retro/1786025712730_4.jpg
de0f1c6e-927b-49fa-aa26-a7e90c7c2ede	Red Star Retro 95/97	R$ 229,00	RETRÔ	Outros - Europa	P,M,G,GG,2XG,3XG,4XG	+ R$ 60,00	RETRO	retro/1786025712987_0.jpg retro/1786025712987_1.jpg retro/1786025712988_2.jpg retro/1786025712988_3.jpg retro/1786025712988_4.jpg
a8b72f8e-7c9d-438c-963c-5a88ab94fe62	Red Star Retro Home 95/97	R$ 229,00	RETRÔ	Outros - Europa	P,M,G,GG,2XG,3XG,4XG	+ R$ 60,00	RETRO	retro/1786025712273_0.jpg retro/1786025712274_1.jpg retro/1786025712274_2.jpg retro/1786025712274_3.jpg retro/1786025712275_4.jpg
7388fafe-7b64-4204-bb10-5004c830ec85	Fenerbahce Training Vest 26/27	R$ 189,00	TORCEDOR	Outros - Europa	P,M,G,GG,2XG,3XG,4XG	+ R$ 60,00	TORCEDOR	torcedor/1786026166344_0.jpg torcedor/1786026166345_1.jpg
ed74e3d4-1429-44a4-8520-13ba8b88f582	Fenerbahce Training 26/27 Polo	R$ 189,00	TORCEDOR	Outros - Europa	P,M,G,GG,2XG,3XG,4XG	+ R$ 60,00	TORCEDOR	torcedor/1786026165218_0.jpg torcedor/1786026165219_1.jpg
ec8c29f9-914b-4ddc-a219-5f1a8826ebb5	Fenerbahce Third 26/27	R$ 189,00	TORCEDOR	Outros - Europa	P,M,G,GG,2XG,3XG,4XG	+ R$ 60,00	TORCEDOR	torcedor/1786026164637_1.jpg torcedor/1786026164637_0.jpg
76ea6f7e-5b89-4a35-856f-bdd7eee1a3ea	Fenerbahce Home Away 26/27	R$ 189,00	TORCEDOR	Outros - Europa	P,M,G,GG,2XG,3XG,4XG	+ R$ 60,00	TORCEDOR,KIT_INFANTIL	torcedor/1786026163664_0.jpg torcedor/1786026163665_1.jpg
09cec2ef-4d0d-409d-93aa-ee7b23075c01	Fenerbahce Home 26/27	R$ 189,00	TORCEDOR	Outros - Europa	P,M,G,GG,2XG,3XG,4XG	+ R$ 60,00	TORCEDOR,KIT_INFANTIL	torcedor/1786026162942_1.jpg torcedor/1786026162941_0.jpg
c5a3f2b6-2c18-4415-acec-ea6d96dff65b	Fenerbahce Away 26/27	R$ 189,00	TORCEDOR	Outros - Europa	P,M,G,GG,2XG,3XG,4XG	+ R$ 60,00	TORCEDOR	torcedor/1786026162276_0.jpg torcedor/1786026162277_1.jpg
c8880654-5ca0-4aae-acad-c5be3fd61026	Fenerbahce Home Kids 26/27	R$ 199,00	KIDS	Outros - Europa	14,16,18	+ R$ 60,00	KIT_INFANTIL,TORCEDOR	kit_infantil/1786026160544_0.jpg kit_infantil/1786026160544_1.jpg
8d0e1dbb-eb2b-4d56-851b-9799095dbe52	Fenerbahce home retro 13/14	R$ 229,00	RETRÔ	Outros - Europa	P,M,G,GG,2XG,3XG,4XG	+ R$ 60,00	RETRO	retro/1786026165322_5.jpg retro/1786026159321_0.jpg retro/1786026159322_1.jpg retro/1786026159322_2.jpg retro/1786026159322_3.jpg retro/1786026159322_4.jpg retro/1786026165323_6.jpg
16d2d55d-357d-4e78-a901-5eb07608000b	Fenerbahce Home Retro 07/08	R$ 229,00	RETRÔ	Outros - Europa	P,M,G,GG,2XG,3XG,4XG	+ R$ 60,00	RETRO	retro/1786026159973_0.jpg retro/1786026159974_1.jpg retro/1786026159974_2.jpg retro/1786026159975_3.jpg retro/1786026159975_4.jpg
531799c7-f845-4bc9-9a56-3f3990a69c1f	Feyenoord Third 26/27	R$ 189,00	TORCEDOR	Outros - Europa	P,M,G,GG,2XG,3XG,4XG	+ R$ 60,00	TORCEDOR,KIT_INFANTIL	torcedor/1786026169178_0.jpg torcedor/1786026169178_1.jpg
20b76265-7852-4b38-985c-af5abe603360	Feyenoord Home 26/27	R$ 189,00	TORCEDOR	Outros - Europa	P,M,G,GG,2XG,3XG,4XG	+ R$ 60,00	TORCEDOR	torcedor/1786026167156_0.jpg torcedor/1786026167157_1.jpg
a0a32998-35b6-425d-b04d-4bdc4af8237c	Feyenoord Goalkeeper Third 26/27	R$ 189,00	TORCEDOR	Outros - Europa	P,M,G,GG,2XG,3XG,4XG	+ R$ 60,00	TORCEDOR,KIT_INFANTIL	torcedor/1786026166726_0.jpg torcedor/1786026166727_1.jpg
cf1fc2e9-d6b2-44ea-b369-0caec63b5ec5	Feyenoord Third Kids 26/27	R$ 199,00	KIDS	Outros - Europa	14,16,18	+ R$ 60,00	KIT_INFANTIL,TORCEDOR	kit_infantil/1786026170912_0.jpg kit_infantil/1786026170913_1.jpg
5039530b-25cf-4a2d-9771-765194bea72a	Feyenoord Home Retro 94/96	R$ 229,00	RETRÔ	Outros - Europa	P,M,G,GG,2XG,3XG,4XG	+ R$ 60,00	RETRO	retro/1786026158045_0.jpg retro/1786026158045_1.jpg retro/1786026158046_2.jpg retro/1786026158046_3.jpg retro/1786026158046_4.jpg
0c1fe3da-1db8-4662-8599-ab6d1b79a7e9	Galatasaray Third 26/27	R$ 189,00	TORCEDOR	Outros - Europa	P,M,G,GG,2XG,3XG,4XG	+ R$ 60,00	TORCEDOR	torcedor/1786093302933_0.jpg torcedor/1786093302934_1.jpg
d656e604-0914-41df-9436-27e8dea7704a	Galatasaray Away 26/27	R$ 189,00	TORCEDOR	Outros - Europa	P,M,G,GG,2XG,3XG,4XG	+ R$ 60,00	TORCEDOR	torcedor/1786093301966_0.jpg torcedor/1786093301966_1.jpg
70703033-2576-4685-bd95-7369d9db799f	Galatasaray Home 26/27	R$ 189,00	TORCEDOR	Outros - Europa	P,M,G,GG,2XG,3XG,4XG	+ R$ 60,00	TORCEDOR	torcedor/1786093301884_0.jpg torcedor/1786093301884_1.jpg
7d8cc9cf-5bf2-4583-b027-6dafdc4f8469	Galatasaray Home Retro 13/14	R$ 229,00	RETRÔ	Outros - Europa	P,M,G,GG,2XG,3XG,4XG	+ R$ 60,00	RETRO	retro/1786093302003_0.jpg retro/1786093302003_1.jpg retro/1786093302003_2.jpg retro/1786093302004_3.jpg
4d5a1664-55ad-42b5-8e08-a934ae46c6f1	Galatasaray Home Retro 96/97	R$ 229,00	RETRÔ	Outros - Europa	P,M,G,GG,2XG,3XG,4XG	+ R$ 60,00	RETRO	retro/1786093302457_0.jpg retro/1786093302458_1.jpg retro/1786093302458_2.jpg retro/1786093302459_3.jpg
9aff15e7-506f-486c-a335-ca4bac4efec9	Heart of Midlothian FC Away 26/27	R$ 189,00	TORCEDOR	Outros - Europa	P,M,G,GG,2XG,3XG,4XG	+ R$ 60,00	TORCEDOR,KIT_INFANTIL	torcedor/1786093624111_0.jpg torcedor/1786093624112_1.jpg torcedor/1786093624112_2.jpg torcedor/1786093624112_3.jpg torcedor/1786093624112_4.jpg torcedor/1786093626775_5.jpg torcedor/1786093626775_6.jpg torcedor/1786093626776_7.jpg
69fefbf8-cd4a-404a-bceb-4aa788a095c9	Heart of Midlothian FC Goalkeeper Away	R$ 189,00	TORCEDOR		P,M,G,GG,2XG,3XG,4XG	+ R$ 60,00	TORCEDOR,KIT_INFANTIL	torcedor/1786093623831_0.jpg torcedor/1786093623832_1.jpg
429f81bf-4245-4bec-ac83-9bda3498a439	Heart of Midlothian FC Goalkeeper Home	R$ 189,00	TORCEDOR		P,M,G,GG,2XG,3XG,4XG	+ R$ 60,00	TORCEDOR,KIT_INFANTIL	torcedor/1786093623451_0.jpg torcedor/1786093623451_1.jpg
2e0cd0bc-f4ab-4f5e-ae0f-ff2a61ad91be	Heart of Midlothian FC Home 26/27	R$ 189,00	TORCEDOR	Outros - Europa	P,M,G,GG,2XG,3XG,4XG	+ R$ 60,00	TORCEDOR,KIT_INFANTIL	torcedor/1786093623006_0.jpg torcedor/1786093623006_1.jpg torcedor/1786093623007_2.jpg torcedor/1786093623007_3.jpg torcedor/1786093623007_4.jpg torcedor/1786093626329_5.jpg torcedor/1786093626330_6.jpg torcedor/1786093626330_7.jpg
dc307675-4a4e-437a-90ba-17be49c6a2d6	Legia Warsaw 110 Years Anniversary Home 26/27	R$ 189,00	TORCEDOR	Outros - Europa	P,M,G,GG,2XG,3XG,4XG	+ R$ 60,00	TORCEDOR,KIT_INFANTIL	torcedor/1786093622707_0.jpg torcedor/1786093622707_1.jpg
a550badf-e5f6-46eb-847c-1e916417c2aa	Olympiacos Home 26/27	R$ 189,00	TORCEDOR	Outros - Europa	P,M,G,GG,2XG,3XG,4XG	+ R$ 60,00	TORCEDOR,KIT_INFANTIL	torcedor/1786093531556_0.jpg torcedor/1786093531556_1.jpg torcedor/1786093531557_2.jpg torcedor/1786093531557_3.jpg torcedor/1786093531557_4.jpg
d91f1244-c512-4fff-bef3-8a42dc0b5c12	Heart of Midlothian FC Third 26/27	R$ 189,00	TORCEDOR	Outros - Europa	P,M,G,GG,2XG,3XG,4XG	+ R$ 60,00	TORCEDOR	torcedor/1786093530660_0.jpg torcedor/1786093530661_1.jpg
6098203a-0304-42b9-bb7f-7165565723f1	Heart of Midlothian FC Away Kids 26/27	R$ 199,00	KIDS	Outros - Europa	14,16,18	+ R$ 60,00	KIT_INFANTIL,TORCEDOR	kit_infantil/1786093622497_0.jpg kit_infantil/1786093622498_1.jpg
c9eaa219-4103-4785-bf0a-194991483cef	Heart of Midlothian FC Home Kids 26/27	R$ 199,00	KIDS	Outros - Europa	14,16,18	+ R$ 60,00	KIT_INFANTIL,TORCEDOR	kit_infantil/1786093622411_0.jpg kit_infantil/1786093622412_1.jpg
da3e554a-123c-4c46-a361-b3a2ba588529	Olympiacos Third 26/27	R$ 189,00	TORCEDOR	Outros - Europa	P,M,G,GG,2XG,3XG,4XG	+ R$ 60,00	TORCEDOR	torcedor/1789488871772_0.jpg torcedor/1789488871773_1.jpg
5a6bd57f-92a3-4a0c-a69b-4126d0572057	Olympiacos Home KIDS 26/27	R$ 199,00	KIDS	Outros - Europa	14,16,18	+ R$ 60,00	KIT_INFANTIL	kit_infantil/1786093532027_0.jpg kit_infantil/1786093532028_1.jpg
8882d8f3-c9e0-4594-bf06-0e2109b80d5f	Olympiacos Home Retro 04/05	R$ 229,00	RETRÔ	Outros - Europa	P,M,G,GG,2XG,3XG,4XG	+ R$ 60,00	RETRO	torcedor/1786093532583_0.jpg torcedor/1786093532583_1.jpg torcedor/1786093532583_2.jpg torcedor/1786093532584_3.jpg torcedor/1786093532584_4.jpg
267c5b24-3b58-47ae-a0c2-e0d108953c2d	PSV Home 26/27	R$ 189,00	TORCEDOR	Outros - Europa	P,M,G,GG,2XG,3XG,4XG	+ R$ 60,00	TORCEDOR,KIT_INFANTIL	torcedor/1786093551126_0.jpg torcedor/1786093551127_1.jpg
f26eb16e-08f1-4071-9f26-7e5574bf9e7c	PSV Away 26/27	R$ 189,00	TORCEDOR	Outros - Europa	P,M,G,GG,2XG,3XG,4XG	+ R$ 60,00	TORCEDOR,KIT_INFANTIL	torcedor/1786093543278_2.jpg torcedor/1786093543277_0.jpg torcedor/1786093543278_1.jpg torcedor/1786093543279_3.jpg
9afc8402-bba0-441b-9411-d2a4cff0cbbc	PSV Home Kids 26/27	R$ 199,00	KIDS	Outros - Europa	14,16,18	+ R$ 60,00	KIT_INFANTIL,TORCEDOR	kit_infantil/1786093550690_0.jpg kit_infantil/1786093550691_1.jpg
fccaec86-195e-4a1e-b67c-0a5f9d0d386d	PSV Away Kids 26/27	R$ 199,00	KIDS	Outros - Europa	14,16,18	+ R$ 60,00	KIT_INFANTIL,TORCEDOR	kit_infantil/1786093542593_0.jpg kit_infantil/1786093542593_1.jpg
99afedb9-004b-4284-8a68-8b000eaec6bf	PSV Third 26/27	R$ 229,00	JOGADOR	Outros - Europa	P,M,G,GG,2XG,3XG,4XG	+ R$ 60,00	JOGADOR,KIT_INFANTIL	jogador/1786093539577_0.jpg jogador/1786093539578_1.jpg
2816ae39-991c-49e2-8c73-4a3d9fec250c	PSV Third Kids 26/27	R$ 199,00	KIDS	Outros - Europa	14,16,18	+ R$ 60,00	KIT_INFANTIL,JOGADOR	kit_infantil/1786093538722_0.jpg kit_infantil/1786093538723_1.jpg
3648d3a0-8c2c-4de9-96a9-62e374abc57c	PSV Home Retro 09/10	R$ 229,00	RETRÔ	Outros - Europa	P,M,G,GG,2XG,3XG,4XG	+ R$ 60,00	RETRO	retro/1786093425133_0.jpg retro/1786093425133_1.jpg retro/1786093425134_2.jpg retro/1786093425134_3.jpg retro/1786093425134_4.jpg
44b0c41e-09a8-4504-a58e-e02aebbf8420	PSV Home Retro 00/01	R$ 229,00	RETRÔ	Outros - Europa	P,M,G,GG,2XG,3XG,4XG	+ R$ 60,00	RETRO	retro/1786093425132_0.jpg retro/1786093425133_1.jpg retro/1786093425133_2.jpg retro/1786093425133_3.jpg
b471fe79-8dc3-4a83-afef-318cd553d480	PSV Away Retro 98/99	R$ 229,00	RETRÔ	Outros - Europa	P,M,G,GG,2XG,3XG,4XG	+ R$ 60,00	RETRO	retro/1786093535740_1.jpg retro/1786093535740_0.jpg retro/1786093535741_2.jpg retro/1786093535741_3.jpg retro/1786093535741_4.jpg retro/1786093538667_5.jpg
49f6e60a-afde-4912-a1ef-480c7934805e	PSV Home Retro 97/98	R$ 229,00	RETRÔ	Outros - Europa	P,M,G,GG,2XG,3XG,4XG	+ R$ 60,00	RETRO	retro/1786093426272_0.jpg retro/1786093426272_1.jpg
12cfd133-fa1b-4c67-a50d-891a6ccdcc23	PSV Home Retro 95	R$ 229,00	RETRÔ		P,M,G,GG,2XG,3XG,4XG	+ R$ 60,00	RETRO	retro/1786093425891_0.jpg retro/1786093425892_1.jpg retro/1786093425892_2.jpg retro/1786093425892_3.jpg retro/1786093425892_4.jpg retro/1786093428991_5.jpg retro/1786093428991_6.jpg
a3484eec-a076-4721-ab3a-5de7787f0d64	PSV Home Retro 94/95	R$ 229,00	RETRÔ	Outros - Europa	P,M,G,GG,2XG,3XG,4XG	+ R$ 60,00	RETRO	retro/1786093425309_0.jpg retro/1786093425310_1.jpg
55d989d4-1ac0-4bf7-99fe-8f72fece850f	PSV Home Retro 90/92	R$ 229,00	RETRÔ	Outros - Europa	P,M,G,GG,2XG,3XG,4XG	+ R$ 60,00	RETRO	retro/1786093425160_1.jpg retro/1786093425159_0.jpg retro/1786093425160_2.jpg retro/1786093425160_3.jpg retro/1786093425160_4.jpg
045a09ec-4a0c-4117-a113-bbca8aa34b2d	Rangers Third 26/27	R$ 189,00	TORCEDOR	Outros - Europa	P,M,G,GG,2XG,3XG,4XG	+ R$ 60,00	TORCEDOR,KIT_INFANTIL	torcedor/1786093243569_0.jpg torcedor/1786093243570_1.jpg torcedor/1786093243570_2.jpg torcedor/1786093243570_3.jpg torcedor/1786093243571_4.jpg
31456ef4-262c-464b-8972-bbf920ae2f0e	Rangers Home 26/27	R$ 189,00	TORCEDOR	Outros - Europa	P,M,G,GG,2XG,3XG,4XG	+ R$ 60,00	TORCEDOR,KIT_INFANTIL	torcedor/1786093241621_0.jpg torcedor/1786093241622_1.jpg
17172b66-3b77-4c30-9d57-49dacd0442e2	Rangers FC Goalkeeper Home 26/27	R$ 189,00	TORCEDOR	Outros - Europa	P,M,G,GG,2XG,3XG,4XG	+ R$ 60,00	TORCEDOR,KIT_INFANTIL	torcedor/1786093234557_0.jpg torcedor/1786093234558_1.jpg
729cb868-41cf-4b26-8b58-d7ea22235da5	2627 Rangers Away 26/27	R$ 189,00	TORCEDOR	Outros - Europa	P,M,G,GG,2XG,3XG,4XG	+ R$ 60,00	TORCEDOR,KIT_INFANTIL	torcedor/1786023231549_0.jpg torcedor/1786023231550_1.jpg torcedor/1786023231550_2.jpg torcedor/1786023231550_3.jpg torcedor/1786023231551_4.jpg
cf2a9c68-7e0d-4a67-9fbc-2acf58f0594d	Rangers Third Kids 26/27	R$ 199,00	KIDS	Outros - Europa	14,16,18	+ R$ 60,00	KIT_INFANTIL,TORCEDOR	torcedor/1786093243195_0.jpg torcedor/1786093243196_1.jpg
36660748-edfa-4537-a01d-6d25b7086d13	Rangers Home Kids 26/27	R$ 199,00	KIDS	Outros - Europa	14,16,18	+ R$ 60,00	KIT_INFANTIL,TORCEDOR	kit_infantil/1786093240928_0.jpg kit_infantil/1786093240928_1.jpg
a4ff9740-8af5-4d6e-a9f2-b68596d09ee9	Rangers Away Kids 26/27	R$ 199,00	KIDS	Outros - Europa	14,16,18	+ R$ 60,00	KIT_INFANTIL,TORCEDOR	kit_infantil/1786093231704_0.jpg kit_infantil/1786093231704_1.jpg
89172fbe-0829-4880-99ed-b8c53046c650	Rangers Home Retro 08/09	R$ 229,00	RETRÔ	Outros - Europa	P,M,G,GG,2XG,3XG,4XG	+ R$ 60,00	RETRO	retro/1786093239296_0.jpg retro/1786093239296_1.jpg retro/1786093239296_2.jpg retro/1786093239296_3.jpg retro/1786093239297_4.jpg retro/1786093242231_5.jpg retro/1786093242232_6.jpg
66cd970c-891f-4f6c-877f-6cdd369c2664	Rangers Home Retro 02/03	R$ 229,00	RETRÔ	Outros - Europa	P,M,G,GG,2XG,3XG,4XG	+ R$ 60,00	RETRO	retro/1786093240151_0.jpg retro/1786093240152_1.jpg retro/1786093240152_2.jpg retro/1786093240152_3.jpg retro/1786093240152_4.jpg retro/1786093243486_5.jpg retro/1786093243487_6.jpg
1ff5604a-0260-4ee6-808d-e3519b7f5a05	Rangers Away Retro 97/98	R$ 229,00	RETRÔ	Outros - Europa	P,M,G,GG,2XG,3XG,4XG	+ R$ 60,00	RETRO	retro/1786093234216_0.jpg retro/1786093234216_1.jpg retro/1786093234217_2.jpg retro/1786093234217_3.jpg retro/1786093234217_4.jpg retro/1786093238513_5.jpg retro/1786093238514_6.jpg
78b8528e-6b4c-4a72-a355-753fd42f0b38	Rangers Away Retro 90/92	R$ 229,00	RETRÔ	Outros - Europa	P,M,G,GG,2XG,3XG,4XG	+ R$ 60,00	RETRO	retro/1786093233576_0.jpg retro/1786093233576_1.jpg retro/1786093233577_2.jpg retro/1786093233577_3.jpg retro/1786093233577_4.jpg
42e72200-23eb-4c39-82fe-bf0eff36635a	Rangers Home Retro 87/90	R$ 229,00	RETRÔ	Outros - Europa	P,M,G,GG,2XG,3XG,4XG	+ R$ 60,00	RETRO	retro/1786093238632_0.jpg retro/1786093238633_1.jpg retro/1786093238633_2.jpg retro/1786093238633_3.jpg retro/1786093238634_4.jpg retro/1786093241965_5.jpg retro/1786093241966_6.jpg
e5902c59-0097-4928-ad30-cda4524b9021	Rangers Home Retro 84/87	R$ 229,00	RETRÔ	Outros - Europa	P,M,G,GG,2XG,3XG,4XG	+ R$ 60,00	RETRO	retro/1786093238766_0.jpg retro/1786093238766_1.jpg retro/1786093238766_2.jpg retro/1786093238767_3.jpg
40dae394-01b5-4db4-8c75-ba92c87b7366	Rangers Away Retro 84/87	R$ 229,00	RETRÔ	Outros - Europa	P,M,G,GG,2XG,3XG,4XG	+ R$ 60,00	RETRO	retro/1786093233061_0.jpg retro/1786093233062_1.jpg retro/1786093233062_2.jpg retro/1786093233062_3.jpg retro/1786093233062_4.jpg retro/1786093235989_5.jpg
71609d28-77d8-48b1-a675-232ef0fa67df	Rangers Home Retro 82/84	R$ 229,00	RETRÔ	Outros - Europa	P,M,G,GG,2XG,3XG,4XG	+ R$ 60,00	RETRO	retro/1786093239597_0.jpg retro/1786093239598_1.jpg retro/1786093239598_2.jpg retro/1786093239598_3.jpg retro/1786093239599_4.jpg
5a305c10-1a09-4df3-a9ce-9a44e9041ecf	Rangers Away Retro 82/84	R$ 229,00	RETRÔ	Outros - Europa	P,M,G,GG,2XG,3XG,4XG	+ R$ 60,00	RETRO	retro/1786093232504_0.jpg retro/1786093232505_1.jpg retro/1786093232505_2.jpg retro/1786093232505_3.jpg retro/1786093232506_4.jpg retro/1786093235550_5.jpg
0dd7eda4-8f3e-4451-ae72-b33f1c78136b	Rosenborg HOME 2026	R$ 189,00	TORCEDOR		P,M,G,GG,2XG,3XG,4XG	+ R$ 60,00	TORCEDOR	torcedor/1786093073352_0.jpg torcedor/1786093073352_1.jpg
6f69b60a-1f7d-498c-a5d6-984b11a8996a	Shakhtar Donetsk Home 25/26	R$ 189,00	TORCEDOR	Outros - Europa	P,M,G,GG,2XG,3XG,4XG	+ R$ 60,00	TORCEDOR	torcedor/1786093078899_0.jpg torcedor/1786093078899_1.jpg
6f1dda83-ee36-4652-9df2-4f1690dc40ad	Shakhtar Donetsk Away 25/26	R$ 189,00	TORCEDOR	Outros - Europa	P,M,G,GG,2XG,3XG,4XG	+ R$ 60,00	TORCEDOR	torcedor/1786093072210_0.jpg torcedor/1786093072211_1.jpg
c58df20a-105e-4fef-848c-4d26a67099d9	Argentinos Juniors Away 25/26	R$ 189,00	TORCEDOR	Liga Profissional (Argentina)	P,M,G,GG,2XG,3XG,4XG	+ R$ 60,00	TORCEDOR	torcedor/1787070423102_0.jpg torcedor/1787070423102_1.jpg
73bda8c6-dded-4c55-aeef-1c691aab39e2	Argentinos Juniors Home 25/26	R$ 189,00	TORCEDOR	Liga Profissional (Argentina)	P,M,G,GG,2XG,3XG,4XG	+ R$ 60,00	TORCEDOR	torcedor/1787070422790_0.jpg torcedor/1787070422791_1.jpg
f4377b4d-aec3-4bc4-aa63-48e735dd7884	Argentinos Juniors Third 25/26	R$ 189,00	TORCEDOR	Liga Profissional (Argentina)	P,M,G,GG,2XG,3XG,4XG	+ R$ 60,00	TORCEDOR	torcedor/1787070422791_0.jpg torcedor/1787070422791_1.jpg
8a8ac512-ba1f-4d36-8008-e2f262efdb27	Boca Juniors Away 26/27	R$ 189,00	TORCEDOR	Liga Profissional (Argentina)	P,M,G,GG,2XG,3XG,4XG	+ R$ 60,00	TORCEDOR	torcedor/1787071010208_0.jpg torcedor/1787071010209_1.jpg
3d46b9fc-1b91-4e55-a83d-5cd83ea759fc	Boca Juniors Home 26/27	R$ 189,00	TORCEDOR	Liga Profissional (Argentina)	P,M,G,GG,2XG,3XG,4XG	+ R$ 60,00	TORCEDOR,JOGADOR	torcedor/1787071009627_0.jpg torcedor/1787071009627_1.jpg
f5af0aaf-ca37-4ae6-ae1c-13ae602578f9	Boca Juniors Originals 26/27	R$ 189,00	TORCEDOR	Liga Profissional (Argentina)	P,M,G,GG,2XG,3XG,4XG	+ R$ 60,00	TORCEDOR	torcedor/1787071009159_0.jpg torcedor/1787071009159_1.jpg torcedor/1787071009160_2.jpg torcedor/1787071009160_3.jpg
aa969bc7-af02-400a-b7cd-4792af231019	Boca Juniors Home Player 26/27	R$ 229,00	JOGADOR	Liga Profissional (Argentina)	P,M,G,GG,2XG,3XG,4XG	+ R$ 60,00	JOGADOR,TORCEDOR	jogador/1787071009235_0.jpg jogador/1787071009235_1.jpg jogador/1787071009236_2.jpg jogador/1787071009236_3.jpg jogador/1787071009236_4.jpg jogador/1787071012915_5.jpg jogador/1787071012916_6.jpg
8e4563a4-f082-4da8-b93a-122f4a8ac93d	Boca Juniors Home Retro 14/15	R$ 229,00	RETRÔ	Liga Profissional (Argentina)	P,M,G,GG,2XG,3XG,4XG	+ R$ 60,00	RETRO	retro/1787071549119_0.jpg retro/1787071549120_1.jpg retro/1787071549120_2.jpg retro/1787071549120_3.jpg retro/1787071549120_4.jpg retro/1787071553491_5.jpg retro/1787071553492_6.jpg
36fd922c-9ec1-4ccb-af49-810771571080	Boca Juniors Home Retro 12/13	R$ 229,00	RETRÔ	Liga Profissional (Argentina)	P,M,G,GG,2XG,3XG,4XG	+ R$ 60,00	RETRO	retro/1787071547418_0.jpg retro/1787071547419_1.jpg retro/1787071547419_2.jpg retro/1787071547419_3.jpg retro/1787071547420_4.jpg retro/1787071550756_5.jpg
ec4ad594-74d9-4d11-b066-42e87a204ce4	Boca Juniors Home Retro 11/12	R$ 229,00	RETRÔ	Liga Profissional (Argentina)	P,M,G,GG,2XG,3XG,4XG	+ R$ 60,00	RETRO	retro/1787071547183_0.jpg retro/1787071547184_1.jpg retro/1787071547184_2.jpg retro/1787071547184_3.jpg retro/1787071547184_4.jpg retro/1787071553709_5.jpg retro/1787071553710_6.jpg
e63b2da2-d76f-4006-88dc-d703a3a22b0f	Boca Juniors Home Retro 10/11	R$ 229,00	RETRÔ	Liga Profissional (Argentina)	P,M,G,GG,2XG,3XG,4XG	+ R$ 60,00	RETRO	retro/1787071517548_0.jpg retro/1787071517549_1.jpg retro/1787071517549_2.jpg retro/1787071517549_3.jpg retro/1787071517549_4.jpg retro/1787071525387_5.jpg retro/1787071525388_6.jpg retro/1787071525388_7.jpg
fdfe32e1-9511-48d8-97ee-e4d4520edaa5	Boca Juniors Home Retro 09/10	R$ 229,00	RETRÔ	Liga Profissional (Argentina)	P,M,G,GG,2XG,3XG,4XG	+ R$ 60,00	RETRO	retro/1787071525467_6.jpg retro/1787071517241_0.jpg retro/1787071517241_1.jpg retro/1787071517242_2.jpg retro/1787071517242_3.jpg retro/1787071517242_4.jpg retro/1787071525467_5.jpg
c8df16db-6729-480f-9111-5236afe84973	Boca Juniors Home 07/08	R$ 229,00	RETRÔ	Liga Profissional (Argentina)	P,M,G,GG,2XG,3XG,4XG	+ R$ 60,00	RETRO	retro/1787071373689_5.jpg retro/1787071370606_0.jpg retro/1787071370606_1.jpg retro/1787071370607_2.jpg retro/1787071370607_3.jpg retro/1787071370607_4.jpg
0a16deb5-e37b-4e51-ba60-c2c8e9597f4c	Boca Juniors Home Retro 06/07	R$ 229,00	RETRÔ	Liga Profissional (Argentina)	P,M,G,GG,2XG,3XG,4XG	+ R$ 60,00	RETRO	retro/1787071516774_0.jpg retro/1787071516775_1.jpg retro/1787071516775_2.jpg retro/1787071516775_3.jpg retro/1787071516775_4.jpg retro/1787071524750_5.jpg
46c2f868-a2fe-4452-938c-84194b883760	Boca Juniors home 04/05	R$ 229,00	RETRÔ	Liga Profissional (Argentina)	P,M,G,GG,2XG,3XG,4XG	+ R$ 60,00	RETRO	retro/1787071370212_0.jpg retro/1787071370213_1.jpg retro/1787071370213_2.jpg retro/1787071370213_3.jpg retro/1787071370213_4.jpg
a5c1c4e5-aeb0-43a2-a3e8-bd9fa78a52fd	Boca Juniors Home 03/04	R$ 229,00	RETRÔ	Liga Profissional (Argentina)	P,M,G,GG,2XG,3XG,4XG	+ R$ 60,00	RETRO	retro/1787071373950_5.jpg retro/1787071370683_0.jpg retro/1787071370684_1.jpg retro/1787071370684_2.jpg retro/1787071370684_3.jpg retro/1787071370684_4.jpg
e4697137-e847-459c-ada2-99e08c4dd278	Boca Juniors Home Retro 02/03	R$ 229,00	RETRÔ	Liga Profissional (Argentina)	P,M,G,GG,2XG,3XG,4XG	+ R$ 60,00	RETRO	retro/1787071516239_0.jpg retro/1787071516240_1.jpg retro/1787071516240_2.jpg retro/1787071516240_3.jpg retro/1787071516241_4.jpg retro/1787071519421_5.jpg
ccd8664e-37c2-4110-93ff-c619ac558a52	Boca Juniors Home Retro 01/02	R$ 229,00	RETRÔ	Liga Profissional (Argentina)	P,M,G,GG,2XG,3XG,4XG	+ R$ 60,00	RETRO	retro/1787071515904_0.jpg retro/1787071515904_1.jpg retro/1787071515905_2.jpg retro/1787071515905_3.jpg retro/1787071515905_4.jpg retro/1787071518998_5.jpg
305619d2-a974-45d3-a9d3-8b6bc1a0c7ad	Boca Juniors Away Retro 01/02	R$ 229,00	RETRÔ	Liga Profissional (Argentina)	P,M,G,GG,2XG,3XG,4XG	+ R$ 60,00	RETRO	retro/1787071354720_0.jpg retro/1787071354720_1.jpg
f1ff6770-5844-4fe4-abbe-9292551e1e26	Boca Juniors Home Retro 00/01	R$ 229,00	RETRÔ	Liga Profissional (Argentina)	P,M,G,GG,2XG,3XG,4XG	+ R$ 60,00	RETRO	retro/1787071515583_0.jpg retro/1787071515584_1.jpg retro/1787071515584_2.jpg retro/1787071515584_3.jpg retro/1787071515585_4.jpg retro/1787071524956_5.jpg retro/1787071524957_6.jpg retro/1787071524957_7.jpg
2260fb67-4cba-4e30-9ecc-db57c6c6713e	Boca Juniors Copa Mercosur Third Retro 98/99	R$ 229,00	RETRÔ	Liga Profissional (Argentina)	P,M,G,GG,2XG,3XG,4XG	+ R$ 60,00	RETRO	retro/1787071355220_0.jpg retro/1787071355221_1.jpg retro/1787071355221_2.jpg retro/1787071355222_3.jpg retro/1787071355222_4.jpg
a9a1b4d3-157a-43e3-bb9c-0270a93261eb	Boca Juniors Home Retro 96/97	R$ 229,00	RETRÔ	Liga Profissional (Argentina)	P,M,G,GG,2XG,3XG,4XG	+ R$ 60,00	RETRO	retro/1787071515436_0.jpg retro/1787071515437_1.jpg retro/1787071515437_2.jpg retro/1787071515437_3.jpg retro/1787071515437_4.jpg
9996f26f-d010-4701-90a0-5455f1e97f3e	Boca Juniors Home Retro 95/96	R$ 229,00	RETRÔ	Liga Profissional (Argentina)	P,M,G,GG,2XG,3XG,4XG	+ R$ 60,00	RETRO	retro/1787071550081_0.jpg retro/1787071550082_1.jpg retro/1787071550083_2.jpg retro/1787071550083_3.jpg retro/1787071550083_4.jpg retro/1787071553169_5.jpg
7772ba87-f36d-4f76-9dd0-fc9ae2957254	Boca Juniors Home Retro 93/95	R$ 229,00	RETRÔ	Liga Profissional (Argentina)	P,M,G,GG,2XG,3XG,4XG	+ R$ 60,00	RETRO	retro/1787071549462_0.jpg retro/1787071549462_1.jpg retro/1787071549463_2.jpg retro/1787071549463_3.jpg retro/1787071549463_4.jpg
3164df3a-9a48-4597-b607-1767e90b3991	Boca Juniors Away Retro 93/96	R$ 229,00	RETRÔ	Liga Profissional (Argentina)	P,M,G,GG,2XG,3XG,4XG	+ R$ 60,00	RETRO	retro/1787071354664_0.jpg retro/1787071354664_1.jpg retro/1787071354665_2.jpg retro/1787071354665_3.jpg retro/1787071354665_4.jpg
86fd65d7-f8a5-47eb-8b36-de9d360dc508	Boca Juniors Away Retro 90/91	R$ 229,00	RETRÔ	Liga Profissional (Argentina)	P,M,G,GG,2XG,3XG,4XG	+ R$ 60,00	RETRO	retro/1787071354649_3.jpg retro/1787071354648_0.jpg retro/1787071354649_1.jpg retro/1787071354649_2.jpg
e3c9238d-842e-4c38-af79-080f904af2ac	Boca Juniors Home Retro 81/82	R$ 229,00	RETRÔ	Liga Profissional (Argentina)	P,M,G,GG,2XG,3XG,4XG	+ R$ 60,00	RETRO	retro/1787071515129_0.jpg retro/1787071515130_1.jpg retro/1787071515130_2.jpg retro/1787071515130_3.jpg retro/1787071515130_4.jpg
978a8c6c-443d-442a-8096-b5ed0efd6f85	Estudiantes La Plata Away 26/27	R$ 189,00	TORCEDOR	Liga Profissional (Argentina)	P,M,G,GG,2XG,3XG,4XG	+ R$ 60,00	TORCEDOR	torcedor/1787070872951_0.jpg torcedor/1787070872952_1.jpg
bc0476ce-4be6-4c5c-aa98-d464c6e256de	Estudiantes La Plata Home 26/27	R$ 189,00	TORCEDOR	Liga Profissional (Argentina)	P,M,G,GG,2XG,3XG,4XG	+ R$ 60,00	TORCEDOR	torcedor/1787070872079_0.jpg torcedor/1787070872079_1.jpg
f41f938c-317d-4f61-9cf8-ba592085f006	Huracan Home 25/26	R$ 189,00	TORCEDOR	Liga Profissional (Argentina)	P,M,G,GG,2XG,3XG,4XG	+ R$ 60,00	TORCEDOR	torcedor/1787071104891_0.jpg torcedor/1787071104891_1.jpg
ba0740a8-f1f3-408e-b1de-4e59af637cbb	Huracan Away 25/26	R$ 189,00	TORCEDOR	Liga Profissional (Argentina)	P,M,G,GG,2XG,3XG,4XG	+ R$ 60,00	TORCEDOR	torcedor/1787071104613_0.jpg torcedor/1787071104614_1.jpg
38ca9f96-52ca-4183-84a2-05b7ca0f631d	Independiente Away 26/27	R$ 189,00	TORCEDOR	Liga Profissional (Argentina)	P,M,G,GG,2XG,3XG,4XG	+ R$ 60,00	TORCEDOR	torcedor/1787070872125_0.jpg torcedor/1787070872125_1.jpg
04bca2d8-b24c-485c-9983-9b841d2f3ad9	Independiente Home 26/27	R$ 189,00	TORCEDOR	Liga Profissional (Argentina)	P,M,G,GG,2XG,3XG,4XG	+ R$ 60,00	TORCEDOR	torcedor/1787070871866_0.jpg torcedor/1787070871867_1.jpg
535fb9ef-6f75-4549-b597-49e7e01c2e51	Independiente Third Retro 99/00	R$ 229,00	RETRÔ	Liga Profissional (Argentina)	P,M,G,GG,2XG,3XG,4XG	+ R$ 60,00	RETRO	retro/1787072071193_0.jpg retro/1787072071193_1.jpg retro/1787072071194_2.jpg retro/1787072071194_3.jpg retro/1787072071194_4.jpg
8837858a-4bfa-4abd-877b-8d65d080064c	Independiente Home Retro 98/00	R$ 229,00	RETRÔ	Liga Profissional (Argentina)	P,M,G,GG,2XG,3XG,4XG	+ R$ 60,00	RETRO	retro/1787072075856_0.jpg retro/1787072075857_1.jpg retro/1787072075857_2.jpg retro/1787072075857_3.jpg retro/1787072075857_4.jpg retro/1787072079249_5.jpg
d13eb19d-0eba-4115-afcd-f2c8cb0505a3	Independiente Home Retro 89/90	R$ 229,00	RETRÔ	Liga Profissional (Argentina)	P,M,G,GG,2XG,3XG,4XG	+ R$ 60,00	RETRO	retro/1787072078702_0.jpg retro/1787072078702_1.jpg retro/1787072078703_2.jpg retro/1787072078703_3.jpg retro/1787072078703_4.jpg
4d84c316-e037-4be7-85cc-c73998ae12ba	Independiente Rivadavia Home	R$ 189,00	TORCEDOR		P,M,G,GG,2XG,3XG,4XG	+ R$ 60,00	TORCEDOR	torcedor/1787072074044_0.jpg torcedor/1787072074045_1.jpg torcedor/1787072074045_2.jpg torcedor/1787072074045_3.jpg
5016f208-630a-45ae-92c5-ea6190d2e233	Lanus Away 25/26	R$ 189,00	TORCEDOR	Liga Profissional (Argentina)	P,M,G,GG,2XG,3XG,4XG	+ R$ 60,00	TORCEDOR	torcedor/1787071111135_0.jpg torcedor/1787071111136_1.jpg
8045c0cd-3821-4832-9fd6-41b3f0f186c9	Lanus Home 25/26	R$ 189,00	TORCEDOR	Liga Profissional (Argentina)	P,M,G,GG,2XG,3XG,4XG	+ R$ 60,00	TORCEDOR	torcedor/1787071109982_0.jpg torcedor/1787071109983_1.jpg
76d776e9-89b8-4e2f-bffc-a57716c9694f	Newell’s Old Boys Away 26/27	R$ 189,00	TORCEDOR	Liga Profissional (Argentina)	P,M,G,GG,2XG,3XG,4XG	+ R$ 60,00	TORCEDOR	torcedor/1787070770324_0.jpg torcedor/1787070770325_1.jpg torcedor/1787070770325_2.jpg torcedor/1787070770325_3.jpg torcedor/1787070770326_4.jpg torcedor/1787070773499_5.jpg
42ac20a0-824e-472b-9848-6bfcd5468f37	Newell’s Old Boys Home 26/27	R$ 189,00	TORCEDOR	Liga Profissional (Argentina)	P,M,G,GG,2XG,3XG,4XG	+ R$ 60,00	TORCEDOR	torcedor/1787070769582_0.jpg torcedor/1787070769582_1.jpg torcedor/1787070769582_2.jpg torcedor/1787070769583_3.jpg
62d42e19-c97a-4fcc-95e7-47736808bf19	Newell’s Old Boys Home Retro 93/94	R$ 229,00	RETRÔ	Liga Profissional (Argentina)	P,M,G,GG,2XG,3XG,4XG	+ R$ 60,00	RETRO	retro/1787072103169_0.jpg retro/1787072103169_1.jpg retro/1787072103170_2.jpg
650c0c8d-c2d3-4c83-b68e-c7e0036c3b0a	Newell’s Old Boys Home Retro 92/93	R$ 229,00	RETRÔ	Liga Profissional (Argentina)	P,M,G,GG,2XG,3XG,4XG	+ R$ 60,00	RETRO	retro/1787072103589_0.jpg retro/1787072103590_1.jpg retro/1787072103590_2.jpg retro/1787072103590_3.jpg retro/1787072103591_4.jpg retro/1787072106925_5.jpg
36ebb9ac-1989-4ec2-8dd2-19ae93324649	Newell’s Old Boys Home Retro 90/93	R$ 229,00	RETRÔ	Liga Profissional (Argentina)	P,M,G,GG,2XG,3XG,4XG	+ R$ 60,00	RETRO	retro/1787072057093_0.jpg retro/1787072057094_1.jpg retro/1787072057094_2.jpg
a2d3ec54-0af9-4485-80e4-0d23197f165c	Racing Avellaneda Away 26/27	R$ 189,00	TORCEDOR	Liga Profissional (Argentina)	P,M,G,GG,2XG,3XG,4XG	+ R$ 60,00	TORCEDOR	torcedor/1787070665400_0.jpg torcedor/1787070665400_1.jpg
15a37ba1-d25c-48d3-b6ff-f21b9e097249	Racing Avellaneda Home 26/27	R$ 189,00	TORCEDOR	Liga Profissional (Argentina)	P,M,G,GG,2XG,3XG,4XG	+ R$ 60,00	TORCEDOR,JOGADOR	torcedor/1787070643235_0.jpg torcedor/1787070643235_1.jpg torcedor/1787070643235_2.jpg torcedor/1787070643235_3.jpg
790c6141-2d6b-4466-9188-d7398a706230	Racing Avellaneda Home Player 26/27	R$ 229,00	JOGADOR	Liga Profissional (Argentina)	P,M,G,GG,2XG,3XG,4XG	+ R$ 60,00	JOGADOR,TORCEDOR	jogador/1787070642825_0.jpg jogador/1787070642826_1.jpg jogador/1787070642826_2.jpg jogador/1787070642826_3.jpg
c7e22a4f-d434-41ae-94b7-706fabc11b6b	Racing Avellaneda Home Retro 07/08	R$ 229,00	RETRÔ	Liga Profissional (Argentina)	P,M,G,GG,2XG,3XG,4XG	+ R$ 60,00	RETRO	retro/1787072190534_0.jpg retro/1787072190535_1.jpg retro/1787072190535_2.jpg retro/1787072190535_3.jpg retro/1787072190535_4.jpg
d9983241-5109-42e6-b49c-c7250d0a23a6	Racing Avellaneda Home Retro 03/04	R$ 229,00	RETRÔ	Liga Profissional (Argentina)	P,M,G,GG,2XG,3XG,4XG	+ R$ 60,00	RETRO	retro/1787072190376_0.jpg retro/1787072190377_1.jpg retro/1787072190377_2.jpg retro/1787072190377_3.jpg retro/1787072190377_4.jpg retro/1787072193547_5.jpg retro/1787072193548_6.jpg retro/1787072193548_7.jpg retro/1787072193548_8.jpg retro/1787072193549_9.jpg retro/1787072196800_10.jpg retro/1787072196801_11.jpg
c295861e-3157-4163-8a95-936c1273ce8b	Racing Avellaneda Away Retro 99/00	R$ 229,00	RETRÔ	Liga Profissional (Argentina)	P,M,G,GG,2XG,3XG,4XG	+ R$ 60,00	RETRO	retro/1787072191084_0.jpg retro/1787072191085_1.jpg retro/1787072191085_2.jpg retro/1787072191085_3.jpg retro/1787072191086_4.jpg
0a2b9a8a-df56-43ce-b4e1-1159a70e8f42	Racing Avellaneda Home Retro 99/00	R$ 229,00	RETRÔ	Liga Profissional (Argentina)	P,M,G,GG,2XG,3XG,4XG	+ R$ 60,00	RETRO	retro/1787072190344_0.jpg retro/1787072190345_1.jpg retro/1787072190345_2.jpg retro/1787072190345_3.jpg retro/1787072190346_4.jpg retro/1787072194234_5.jpg retro/1787072194235_6.jpg
b9efcf0b-12ad-41be-8956-e06df8ca7a83	River Plate 125 Years Anniversay 2026	R$ 189,00	TORCEDOR		P,M,G,GG,2XG,3XG,4XG	+ R$ 60,00	TORCEDOR,KIT_INFANTIL	torcedor/1787071240683_0.jpg torcedor/1787071240684_1.jpg
31287a5f-acbb-45e8-8a85-ecad593e780b	River Plate 125 Years Anniversay Goalkeeper 26/27	R$ 189,00	TORCEDOR	Liga Profissional (Argentina)	P,M,G,GG,2XG,3XG,4XG	+ R$ 60,00	TORCEDOR,KIT_INFANTIL	torcedor/1787070642604_0.jpg torcedor/1787070642604_1.jpg
f720e9ee-1b25-455b-abb8-6229a690c989	River Plate Away 26/27	R$ 189,00	TORCEDOR	Liga Profissional (Argentina)	P,M,G,GG,2XG,3XG,4XG	+ R$ 60,00	TORCEDOR,JOGADOR	torcedor/1787070641605_0.jpg torcedor/1787070641606_1.jpg torcedor/1787070641606_2.jpg torcedor/1787070641606_3.jpg torcedor/1787070641607_4.jpg
1db2bd09-e83c-4e02-938e-919874bc387c	River Plate Home 26/27	R$ 189,00	TORCEDOR	Liga Profissional (Argentina)	P,M,G,GG,2XG,3XG,4XG	+ R$ 60,00	TORCEDOR,JOGADOR,KIT_INFANTIL	torcedor/1787070640600_1.jpg torcedor/1787070640599_0.jpg torcedor/1787070640600_2.jpg torcedor/1787070640601_3.jpg torcedor/1787070640601_4.jpg
cd224078-223d-475c-a2e8-1db2d8de540b	River Plate Pre-Match 26/27	R$ 189,00	TORCEDOR	Liga Profissional (Argentina)	P,M,G,GG,2XG,3XG,4XG	+ R$ 60,00	TORCEDOR,KIT_INFANTIL	torcedor/1787070640502_0.jpg torcedor/1787070640502_1.jpg
36b53bb9-d239-4846-9f17-b3c8bc15274b	River Plate Red Tracking 26/27	R$ 189,00	TORCEDOR	Liga Profissional (Argentina)	P,M,G,GG,2XG,3XG,4XG	+ R$ 60,00	TORCEDOR,KIT_INFANTIL	torcedor/1787070639763_0.jpg torcedor/1787070639764_1.jpg torcedor/1787070639764_2.jpg torcedor/1787070639765_3.jpg torcedor/1787070639765_4.jpg
262772b9-7d35-42f8-8f49-63263b27fcb6	River Plate 125 Years Anniversay Kids 2026	R$ 199,00	KIDS		14,16,18	+ R$ 60,00	KIT_INFANTIL,TORCEDOR	kit_infantil/1787071240384_0.jpg kit_infantil/1787071240385_1.jpg
d15cd6d0-7509-423b-8c74-4254c4e45cce	River Plate 125 Years Anniversay Goalkeeper kIDS 26/27	R$ 199,00	KIDS	Liga Profissional (Argentina)	14,16,18	+ R$ 60,00	KIT_INFANTIL,TORCEDOR	kit_infantil/1787070642059_0.jpg kit_infantil/1787070642060_1.jpg
fa3ee52b-c922-407a-a186-efdd737d6818	River Plate Away Player 26/27	R$ 229,00	JOGADOR	Liga Profissional (Argentina)	P,M,G,GG,2XG,3XG,4XG	+ R$ 60,00	JOGADOR,TORCEDOR	jogador/1787070641135_0.jpg jogador/1787070641136_1.jpg jogador/1787070641136_2.jpg jogador/1787070641137_3.jpg jogador/1787070641137_4.jpg jogador/1787070644664_5.jpg jogador/1787070644664_6.jpg jogador/1787070644665_7.jpg
a2fd05a1-56a0-4f94-a459-ce9ee0d8f3ff	River Plate Home Kids 26/27	R$ 199,00	KIDS	Liga Profissional (Argentina)	14,16,18	+ R$ 60,00	KIT_INFANTIL,TORCEDOR,JOGADOR	kit_infantil/1787070640334_0.jpg kit_infantil/1787070640334_1.jpg
4781d750-9855-4725-b42a-9a29f23be93b	River Plate Home Player 26/27	R$ 229,00	JOGADOR	Liga Profissional (Argentina)	P,M,G,GG,2XG,3XG,4XG	+ R$ 60,00	JOGADOR,TORCEDOR,KIT_INFANTIL	jogador/1787070640064_1.jpg jogador/1787070640063_0.jpg jogador/1787070640064_2.jpg jogador/1787070640064_3.jpg jogador/1787070640065_4.jpg jogador/1787070643128_5.jpg jogador/1787070643129_6.jpg jogador/1787070643129_7.jpg
f5134bf7-f189-47b7-a066-8932d4bc04a2	River Plate Away Retro 07/08	R$ 229,00	RETRÔ	Liga Profissional (Argentina)	P,M,G,GG,2XG,3XG,4XG	+ R$ 60,00	RETRO	retro/1787071680060_0.jpg retro/1787071680061_1.jpg retro/1787071680061_2.jpg retro/1787071680061_3.jpg retro/1787071680061_4.jpg retro/1787071682829_5.jpg
5309a505-8d07-454e-888f-d2d1483c7899	River Plate Away 05/06	R$ 229,00	RETRÔ	Liga Profissional (Argentina)	P,M,G,GG,2XG,3XG,4XG	+ R$ 60,00	RETRO	retro/1787071696426_0.jpg retro/1787071696427_1.jpg retro/1787071696427_2.jpg retro/1787071696427_3.jpg retro/1787071696427_4.jpg
b9b31747-f392-4f47-b240-28a1584ede58	River Plate Centenary Retro 01/02	R$ 229,00	RETRÔ	Liga Profissional (Argentina)	P,M,G,GG,2XG,3XG,4XG	+ R$ 60,00	RETRO	retro/1787071678843_0.jpg retro/1787071678843_1.jpg retro/1787071678843_2.jpg retro/1787071678844_3.jpg retro/1787071678844_4.jpg retro/1787071682089_5.jpg retro/1787071682090_6.jpg retro/1787071682091_7.jpg
7fb39ffc-7b55-49f0-b480-dce64b1dfa24	River Plate Home Retro 00/01	R$ 229,00	RETRÔ	Liga Profissional (Argentina)	P,M,G,GG,2XG,3XG,4XG	+ R$ 60,00	RETRO	retro/1787071634552_0.jpg retro/1787071634553_1.jpg retro/1787071634553_2.jpg retro/1787071634553_3.jpg retro/1787071634554_4.jpg
1f110699-022c-4311-9eed-8b190eea56b6	River Plate Third Retro 00/02	R$ 229,00	RETRÔ	Liga Profissional (Argentina)	P,M,G,GG,2XG,3XG,4XG	+ R$ 60,00	RETRO	retro/1787071587918_0.jpg retro/1787071587919_1.jpg retro/1787071587919_2.jpg retro/1787071587919_3.jpg retro/1787071587920_4.jpg retro/1787071597986_5.jpg retro/1787071597987_6.jpg
544392ff-f42f-4fad-91e5-6258effb89ad	River Plate Home Retro 98/00	R$ 229,00	RETRÔ	Liga Profissional (Argentina)	P,M,G,GG,2XG,3XG,4XG	+ R$ 60,00	RETRO	retro/1787071633479_0.jpg retro/1787071633480_1.jpg
24083ab7-f277-418f-805b-4638f13712c5	River Plate Third Retro 98/00	R$ 229,00	RETRÔ	Liga Profissional (Argentina)	P,M,G,GG,2XG,3XG,4XG	+ R$ 60,00	RETRO	retro/1787071587700_0.jpg retro/1787071587701_1.jpg retro/1787071587701_2.jpg retro/1787071587701_3.jpg retro/1787071587701_4.jpg
5c237f19-4228-4b2f-8b2d-d09780317d8c	River Plate Away Retro 96/98	R$ 229,00	RETRÔ	Liga Profissional (Argentina)	P,M,G,GG,2XG,3XG,4XG	+ R$ 60,00	RETRO	retro/1787071679180_0.jpg retro/1787071679181_1.jpg retro/1787071679181_2.jpg retro/1787071679181_3.jpg
61555377-56fa-40b7-bd1f-26912a8b0175	River Plate Home Long 96/97	R$ 229,00	RETRÔ	Liga Profissional (Argentina)	P,M,G,GG,2XG,3XG,4XG	+ R$ 60,00	RETRO	retro/1787071678816_0.jpg retro/1787071678817_1.jpg
f95f7a23-5726-4865-9f1c-256fd5d9a675	River Plate Home Retro 96/97	R$ 229,00	RETRÔ	Liga Profissional (Argentina)	P,M,G,GG,2XG,3XG,4XG	+ R$ 60,00	RETRO	retro/1787071634223_1.jpg retro/1787071634223_0.jpg retro/1787071634224_2.jpg retro/1787071634224_3.jpg retro/1787071634224_4.jpg
d7943df8-875b-49aa-8bb7-c5e2186486db	River Plate Home Retro 93/94	R$ 229,00	RETRÔ	Liga Profissional (Argentina)	P,M,G,GG,2XG,3XG,4XG	+ R$ 60,00	RETRO	retro/1787071633691_0.jpg retro/1787071633692_1.jpg retro/1787071633692_2.jpg retro/1787071633692_3.jpg retro/1787071633693_4.jpg retro/1787071637098_5.jpg
743e8dab-2060-4153-ac6d-32edc6a5654c	River Plate Home Retro 92/94	R$ 229,00	RETRÔ	Liga Profissional (Argentina)	P,M,G,GG,2XG,3XG,4XG	+ R$ 60,00	RETRO	retro/1787071633883_0.jpg retro/1787071633884_1.jpg retro/1787071633884_2.jpg retro/1787071633884_3.jpg retro/1787071633884_4.jpg retro/1787071642752_5.jpg
feef8a43-075f-4838-98f1-41fc7e297a9b	Rosario Central Home 26/27	R$ 189,00	TORCEDOR	Liga Profissional (Argentina)	P,M,G,GG,2XG,3XG,4XG	+ R$ 60,00	TORCEDOR	torcedor/1787070550222_0.jpg torcedor/1787070550223_1.jpg torcedor/1787070550223_2.jpg torcedor/1787070550223_3.jpg
92dfb20e-d8e8-4f9b-b2a3-864041729bbc	Rosario Central Home Retro 06/07	R$ 229,00	RETRÔ	Liga Profissional (Argentina)	P,M,G,GG,2XG,3XG,4XG	+ R$ 60,00	RETRO	retro/1787071958996_0.jpg retro/1787071958997_1.jpg retro/1787071958997_2.jpg retro/1787071958997_3.jpg retro/1787071958998_4.jpg
181440d6-67e3-479c-baf4-bde47c3cacd0	Rosario Central Home Retro 98/99	R$ 229,00	RETRÔ	Liga Profissional (Argentina)	P,M,G,GG,2XG,3XG,4XG	+ R$ 60,00	RETRO	retro/1787071958661_0.jpg retro/1787071958662_1.jpg retro/1787071958662_2.jpg retro/1787071958662_3.jpg
e52401d4-e5c7-4e79-88f6-e37db7ee131e	Rosario Central Home Retro 87/88	R$ 229,00	RETRÔ	Liga Profissional (Argentina)	P,M,G,GG,2XG,3XG,4XG	+ R$ 60,00	RETRO	retro/1787071959411_0.jpg retro/1787071959412_1.jpg retro/1787071959412_2.jpg retro/1787071959412_3.jpg retro/1787071959412_4.jpg
3b13406c-ea28-4a84-89b9-690a5d443c4a	Rosario Central Home Retro 86/87	R$ 229,00	RETRÔ	Liga Profissional (Argentina)	P,M,G,GG,2XG,3XG,4XG	+ R$ 60,00	RETRO	retro/1787071958628_0.jpg retro/1787071958628_1.jpg retro/1787071958629_2.jpg retro/1787071958629_3.jpg
4a588d8b-3249-4a89-b5ba-2978d8ec0274	San Lorenzo Home 26/27	R$ 189,00	TORCEDOR	Liga Profissional (Argentina)	P,M,G,GG,2XG,3XG,4XG	+ R$ 60,00	TORCEDOR	torcedor/1787070549959_0.jpg torcedor/1787070549960_1.jpg
03675be7-cd19-47a1-b032-cdacb10036f6	San Lorenzo Home Retro 13/14	R$ 229,00	RETRÔ	Liga Profissional (Argentina)	P,M,G,GG,2XG,3XG,4XG	+ R$ 60,00	RETRO	retro/1787071905537_0.jpg retro/1787071905537_1.jpg retro/1787071905538_2.jpg retro/1787071905538_3.jpg retro/1787071905538_4.jpg retro/1787071908967_5.jpg
3c526455-db55-46bf-8c8c-3e61c2efa6a8	San Lorenzo Home Retro 99/00	R$ 229,00	RETRÔ	Liga Profissional (Argentina)	P,M,G,GG,2XG,3XG,4XG	+ R$ 60,00	RETRO	retro/1787071900082_0.jpg retro/1787071900083_1.jpg retro/1787071900083_2.jpg retro/1787071900083_3.jpg retro/1787071900088_4.jpg
87d50e9a-3f19-495c-9bab-e5f11a2f56ea	Tigre Away 25/26	R$ 189,00	TORCEDOR	Liga Profissional (Argentina)	P,M,G,GG,2XG,3XG,4XG	+ R$ 60,00	TORCEDOR	torcedor/1787071117878_0.jpg torcedor/1787071117879_1.jpg
df339d68-863e-47f9-a328-d582c23d4a25	Tigre Home 25/26	R$ 189,00	TORCEDOR	Liga Profissional (Argentina)	P,M,G,GG,2XG,3XG,4XG	+ R$ 60,00	TORCEDOR	torcedor/1787071112756_0.jpg torcedor/1787071112757_1.jpg
f8d03361-d978-4310-adb7-ded6ce62d8b8	Velez Sarsfield Away 26/27	R$ 189,00	TORCEDOR	Liga Profissional (Argentina)	P,M,G,GG,2XG,3XG,4XG	+ R$ 60,00	TORCEDOR	torcedor/1787070546499_0.jpg torcedor/1787070546500_1.jpg
246736f1-b58f-4780-8e5b-7fec942925b0	Velez Sarsfield Third 26/27	R$ 189,00	TORCEDOR	Liga Profissional (Argentina)	P,M,G,GG,2XG,3XG,4XG	+ R$ 60,00	TORCEDOR	torcedor/1787070546222_0.jpg torcedor/1787070546222_1.jpg
4a077f6d-c53a-4676-bc2b-4466e3a71f9c	Velez Sarsfield Home 26/27	R$ 189,00	TORCEDOR	Liga Profissional (Argentina)	P,M,G,GG,2XG,3XG,4XG	+ R$ 60,00	TORCEDOR	torcedor/1787070546232_0.jpg torcedor/1787070546232_1.jpg
b2fb0f05-09ca-49de-a219-10d5e687c5b0	Al Ahly SC Home 26/27	R$ 189,00	TORCEDOR	Outros - Asia e África	P,M,G,GG,2XG,3XG,4XG	+ R$ 60,00	TORCEDOR	torcedor/1786972717639_0.jpg torcedor/1786972717640_1.jpg
7057ce2e-1504-4031-9ced-3d14a4932b37	Al Ahly SC Away 25/26	R$ 189,00	TORCEDOR	Outros - Asia e África	P,M,G,GG,2XG,3XG,4XG	+ R$ 60,00	TORCEDOR,JOGADOR	torcedor/1786972740931_0.jpg torcedor/1786972740932_1.jpg
44f8549a-3b3d-4102-ac09-d785ac14dc34	Al Ahly 25/26	R$ 189,00	TORCEDOR	Outros - Asia e África	P,M,G,GG,2XG,3XG,4XG	+ R$ 60,00	TORCEDOR	torcedor/1786972739619_0.jpg torcedor/1786972739620_1.jpg
e1fe5625-ba12-436b-a727-57d227d24d57	Al Ahly SC Away Player 25/26	R$ 229,00	JOGADOR	Outros - Asia e África	P,M,G,GG,2XG,3XG,4XG	+ R$ 60,00	JOGADOR,TORCEDOR	jogador/1786972710362_0.jpg jogador/1786972710362_1.jpg jogador/1786972710363_2.jpg jogador/1786972710363_3.jpg jogador/1786972710363_4.jpg jogador/1786972713079_5.jpg
c8562074-c434-4eb9-842a-9432d8af3eac	Al Ahly SC Home Player 25/26	R$ 229,00	JOGADOR	Outros - Asia e África	P,M,G,GG,2XG,3XG,4XG	+ R$ 60,00	JOGADOR	jogador/1786972709673_0.jpg jogador/1786972709674_1.jpg jogador/1786972709674_2.jpg jogador/1786972709674_3.jpg jogador/1786972709674_4.jpg jogador/1786972712780_5.jpg
ae0cf5dd-6a49-4133-a76b-1a49e4d27b67	Al Ain Away Player 25/26	R$ 229,00	JOGADOR	Outros - Asia e África	P,M,G,GG,2XG,3XG,4XG	+ R$ 60,00	JOGADOR	jogador/1786972693409_0.jpg jogador/1786972693410_1.jpg jogador/1786972693410_2.jpg jogador/1786972693411_3.jpg jogador/1786972693411_4.jpg
0b1ab42f-4879-4873-80c3-6a3d6f24d41a	Al Ain Home Player 25/26	R$ 229,00	JOGADOR	Outros - Asia e África	P,M,G,GG,2XG,3XG,4XG	+ R$ 60,00	JOGADOR	jogador/1786972691970_0.jpg jogador/1786972691970_1.jpg jogador/1786972691971_2.jpg jogador/1786972691971_3.jpg jogador/1786972691971_4.jpg
d438de7f-df5f-45e2-91fa-36cffa0ae60a	Al-Hilal Away 26/27	R$ 189,00	TORCEDOR	Outros - Asia e África	P,M,G,GG,2XG,3XG,4XG	+ R$ 60,00	TORCEDOR,JOGADOR	torcedor/1786972689315_0.jpg torcedor/1786972689316_1.jpg torcedor/1786972689316_2.jpg torcedor/1786972689316_3.jpg torcedor/1786972689317_4.jpg
00dc4ba8-7345-4c9a-86ef-5f30da614baa	Al-Hilal Home 26/27	R$ 189,00	TORCEDOR	Outros - Asia e África	P,M,G,GG,2XG,3XG,4XG	+ R$ 60,00	TORCEDOR,JOGADOR	torcedor/1786972686491_0.jpg torcedor/1786972686491_1.jpg
a19c9f39-20c1-4d6d-a4a7-8b2d8bd08d72	Al Hilal Player Version Training 26/27	R$ 229,00	JOGADOR	Outros - Asia e África	P,M,G,GG,2XG,3XG,4XG	+ R$ 60,00	JOGADOR	jogador/1790208160449_0.jpg jogador/1790208160449_1.jpg
6ab6f301-ff97-490e-935c-1672ca54d8cf	Al-Hilal Away Player 26/27	R$ 229,00	JOGADOR	Outros - Asia e África	P,M,G,GG,2XG,3XG,4XG	+ R$ 60,00	JOGADOR,TORCEDOR	jogador/1786972689031_0.jpg jogador/1786972689032_1.jpg jogador/1786972689032_2.jpg jogador/1786972689032_3.jpg jogador/1786972689033_4.jpg
ba3cb0c8-7fcd-4250-b47c-9e00fa1c324a	Al-Hilal Home Player 26/27	R$ 229,00	JOGADOR	Outros - Asia e África	P,M,G,GG,2XG,3XG,4XG	+ R$ 60,00	JOGADOR,TORCEDOR	jogador/1786972684385_0.jpg jogador/1786972684385_1.jpg jogador/1786972684385_2.jpg jogador/1786972684386_3.jpg jogador/1786972684386_4.jpg jogador/1786972687751_5.jpg
7b4f520a-a1e8-49b9-b6a5-4f2a44e54bec	Al Ahli Home 26/27	R$ 189,00	TORCEDOR	Outros - Asia e África	P,M,G,GG,2XG,3XG,4XG	+ R$ 60,00	TORCEDOR	torcedor/1790208161313_0.jpg torcedor/1790208161313_1.jpg
25a141aa-3a5a-4f23-ac7d-8ccf55620bbb	Al Ahli Away 26/27	R$ 189,00	TORCEDOR	Outros - Asia e África	P,M,G,GG,2XG,3XG,4XG	+ R$ 60,00	TORCEDOR	torcedor/1790208161948_0.jpg torcedor/1790208161948_1.jpg
6892aef7-fe4e-4667-b878-66ab0172cb30	Al Ahli Away 25/26	R$ 189,00	TORCEDOR	Outros - Asia e África	P,M,G,GG,2XG,3XG,4XG	+ R$ 60,00	TORCEDOR,JOGADOR	torcedor/1786972742223_0.jpg torcedor/1786972742224_1.jpg
07837aac-7c68-4d3f-a9d5-0697ab9ec6b9	Al Ahli Home 25/26	R$ 189,00	TORCEDOR	Outros - Asia e África	P,M,G,GG,2XG,3XG,4XG	+ R$ 60,00	TORCEDOR,JOGADOR	torcedor/1786972740532_0.jpg torcedor/1786972740533_1.jpg
f5853321-5e76-4dbc-8a6b-c1954abf8456	Al Ahli Away Player 25/26	R$ 229,00	JOGADOR	Outros - Asia e África	P,M,G,GG,2XG,3XG,4XG	+ R$ 60,00	JOGADOR,TORCEDOR	jogador/1786972741463_0.jpg jogador/1786972741464_1.jpg jogador/1786972741464_2.jpg jogador/1786972741464_3.jpg jogador/1786972741465_4.jpg jogador/1786972745165_5.jpg
b3e46070-a919-4cff-8cf7-4db14769a7f8	Al Ahli Home Player 25/26	R$ 229,00	JOGADOR	Outros - Asia e África	P,M,G,GG,2XG,3XG,4XG	+ R$ 60,00	JOGADOR,TORCEDOR	jogador/1786972739812_0.jpg jogador/1786972739813_1.jpg jogador/1786972739813_2.jpg jogador/1786972739813_3.jpg jogador/1786972739813_4.jpg
970f32cb-d37a-4d07-9c23-bc607ecaa1da	Ittihad Home Player 26/27	R$ 229,00	JOGADOR	Outros - Asia e África	P,M,G,GG,2XG,3XG,4XG	+ R$ 60,00	JOGADOR	torcedor/1786972456384_0.jpg torcedor/1786972456385_1.jpg torcedor/1786972456385_2.jpg torcedor/1786972456386_3.jpg torcedor/1786972456386_4.jpg
7bcc249f-5f60-4fc0-b59e-dcaf65a33673	Al-Nassr Home 26/27	R$ 189,00	TORCEDOR	Outros - Asia e África	P,M,G,GG,2XG,3XG,4XG	+ R$ 60,00	TORCEDOR,MANGA_LONGA,JOGADOR,KIT_INFANTIL	torcedor/1786972596775_0.jpg torcedor/1786972596776_1.jpg torcedor/1786972596776_2.jpg
61d340ce-671a-4967-8a5e-1ac5cd07af5e	Al-Nassr Third 26/27	R$ 189,00	TORCEDOR	Outros - Asia e África	P,M,G,GG,2XG,3XG,4XG	+ R$ 60,00	TORCEDOR,JOGADOR	torcedor/1786972594206_1.jpg torcedor/1786972594205_0.jpg
56b8593c-734d-41f7-b75b-2f789a7c5960	Al-Nassr Away Player 26/27	R$ 229,00	JOGADOR	Outros - Asia e África	P,M,G,GG,2XG,3XG,4XG	+ R$ 60,00	JOGADOR	jogador/1786972684155_0.jpg jogador/1786972684155_1.jpg jogador/1786972684156_2.jpg jogador/1786972684156_3.jpg jogador/1786972684156_4.jpg jogador/1786972687556_5.jpg jogador/1786972687557_6.jpg
bf490e92-f67c-4646-9ecf-967ee49d2c74	Al-Nassr Home Kids 26/27	R$ 199,00	KIDS	Outros - Asia e África	14,16,18	+ R$ 60,00	KIT_INFANTIL,MANGA_LONGA,JOGADOR,TORCEDOR	kit_infantil/1786972595222_0.jpg kit_infantil/1786972595223_1.jpg
33d0d80a-dd9b-47ee-8090-d7772a59c8de	Al-Nassr Home Long 26/27	R$ 209,00		Outros - Asia e África	P,M,G,GG,2XG,3XG,4XG	+ R$ 60,00	MANGA_LONGA,JOGADOR,TORCEDOR,KIT_INFANTIL	manga_longa/1786972594729_0.jpg manga_longa/1786972594729_1.jpg
6dad5e6f-923d-499a-b662-b93c105f40f0	Al-Nassr Home Player 26/27	R$ 229,00	JOGADOR	Outros - Asia e África	P,M,G,GG,2XG,3XG,4XG	+ R$ 60,00	JOGADOR,MANGA_LONGA,TORCEDOR,KIT_INFANTIL	jogador/1786972594310_0.jpg jogador/1786972594311_1.jpg jogador/1786972594311_2.jpg jogador/1786972594311_3.jpg jogador/1786972594312_4.jpg jogador/1786972598025_5.jpg jogador/1786972598026_6.jpg
31b724cb-1867-459e-b555-99a59b03c35e	Al-Nassr Third Player 26/27	R$ 229,00	JOGADOR	Outros - Asia e África	P,M,G,GG,2XG,3XG,4XG	+ R$ 60,00	JOGADOR,TORCEDOR	torcedor/1786972592237_0.jpg torcedor/1786972592238_1.jpg torcedor/1786972592238_2.jpg torcedor/1786972592239_3.jpg torcedor/1786972592239_4.jpg torcedor/1786972595247_5.jpg
92f013ad-5a41-4ea8-8aa7-969794fd8538	Kaizer Chiefs 26/27	R$ 189,00	TORCEDOR	Outros - Asia e África	P,M,G,GG,2XG,3XG,4XG	+ R$ 60,00	TORCEDOR	torcedor/1786972455433_0.jpg torcedor/1786972455434_1.jpg
e0f4e4bc-e197-48fb-8b8d-0933dd72a96d	Kaizer Chiefs Away 25/26	R$ 189,00	TORCEDOR	Outros - Asia e África	P,M,G,GG,2XG,3XG,4XG	+ R$ 60,00	TORCEDOR	torcedor/1786972455110_0.jpg torcedor/1786972455110_1.jpg
675e84b5-3080-4672-bb69-00d15fb0563a	Kashiwa Reysol Home 26/27	R$ 189,00	TORCEDOR	Outros - Asia e África	P,M,G,GG,2XG,3XG,4XG	+ R$ 60,00	TORCEDOR	torcedor/1786972454525_0.jpg torcedor/1786972454525_1.jpg
59e15e70-33f5-4968-a50c-bc61a26ec326	Mamelodi Sundowns Home 25/26	R$ 189,00	TORCEDOR	Outros - Asia e África	P,M,G,GG,2XG,3XG,4XG	+ R$ 60,00	TORCEDOR	torcedor/1786972454561_0.jpg torcedor/1786972454561_1.jpg
53f520c6-b3c3-41f6-b879-78c6f6b46df8	Orlando Pirates Away 26/27	R$ 189,00	TORCEDOR	Outros - Asia e África	P,M,G,GG,2XG,3XG,4XG	+ R$ 60,00	TORCEDOR	torcedor/1787152177597_0.jpg torcedor/1787152177597_1.jpg
c2af9a59-209c-4c84-a3f7-14886be15c40	Orlando Pirates Home 26/27	R$ 189,00	TORCEDOR	Outros - Asia e África	P,M,G,GG,2XG,3XG,4XG	+ R$ 60,00	TORCEDOR	torcedor/1786972454496_0.jpg torcedor/1786972454497_1.jpg
ffdf4397-1209-4b4d-9dc8-04fd2fc057c6	Suwon Samsung 24/25 Home 24/25	R$ 189,00	TORCEDOR	Outros - Asia e África	P,M,G,GG,2XG,3XG,4XG	+ R$ 60,00	TORCEDOR	torcedor/1786972324982_1.jpg torcedor/1786972324982_0.jpg
3d52cc67-4236-4198-889e-bd5681324e2b	suwon samsung away 24/25	R$ 189,00	TORCEDOR	Outros - Asia e África	P,M,G,GG,2XG,3XG,4XG	+ R$ 60,00	TORCEDOR	torcedor/1786972324275_1.jpg torcedor/1786972324274_0.jpg
c14554e2-c636-4e9b-ab0e-2fe8ab9a6939	Ulsan HD FC away 25/26	R$ 189,00	TORCEDOR	Outros - Asia e África	P,M,G,GG,2XG,3XG,4XG	+ R$ 60,00	TORCEDOR	torcedor/1786972323983_0.png torcedor/1786972323984_1.png
64a0cdc9-1bad-4542-82f7-a620980cbe25	Ulsan HD FC home 25/26	R$ 189,00	TORCEDOR	Outros - Asia e África	P,M,G,GG,2XG,3XG,4XG	+ R$ 60,00	TORCEDOR	torcedor/1786972323382_0.png torcedor/1786972323382_1.png
5ea0737d-6d85-49c7-9154-3a21473d8994	Urawa Red Diamonds 26/27	R$ 189,00	TORCEDOR	Outros - Asia e África	P,M,G,GG,2XG,3XG,4XG	+ R$ 60,00	TORCEDOR	torcedor/1786972322966_0.jpg torcedor/1786972322967_1.jpg
b626c691-2159-462f-9c3b-db6265e0475e	Yokohama F. Marinos Away 26/27	R$ 189,00	TORCEDOR	Outros - Asia e África	P,M,G,GG,2XG,3XG,4XG	+ R$ 60,00	TORCEDOR	torcedor/1786972322679_1.jpg torcedor/1786972322679_0.jpg
735ed37e-7328-473d-8fc1-35655d850ee4	Yokohama F. Marinos Home 26/27	R$ 189,00	TORCEDOR	Outros - Asia e África	P,M,G,GG,2XG,3XG,4XG	+ R$ 60,00	TORCEDOR	torcedor/1786972322004_0.jpg torcedor/1786972322005_1.jpg
da2a72ab-870e-4e54-acdb-7b7253e56e9f	Brasil Home Retro 92	R$ 229,00	RETRÔ		P,M,G,GG,2XG,3XG,4XG	+ R$ 60,00	RETRO	retro/1789489433932_0.jpg retro/1789489433933_1.jpg retro/1789489433933_2.jpg retro/1789489433933_3.jpg retro/1789489433933_4.jpg
84c9e028-4e1b-4ea3-b0b7-4bda5d8a9e9d	Camisa Brasil Hollywood GK Manga Longa Fan 2026	R$ 209,00	TORCEDOR		P,M,G,GG,2XG,3XG,4XG	+ R$ 60,00	MANGA_LONGA	torcedor/1782745750348_19.jpg torcedor/1782745739706_0.jpg torcedor/1782745739706_1.jpg torcedor/1782745739707_2.jpg torcedor/1782745739707_3.jpg torcedor/1782745739707_4.jpg torcedor/1782745743604_5.jpg torcedor/1782745743605_6.jpg torcedor/1782745743605_7.jpg torcedor/1782745743605_8.jpg torcedor/1782745743606_9.jpg torcedor/1782745746824_10.jpg torcedor/1782745746824_11.jpg torcedor/1782745746825_12.jpg torcedor/1782745746825_13.jpg torcedor/1782745746825_14.jpg torcedor/1782745750346_15.jpg torcedor/1782745750347_16.jpg torcedor/1782745750348_17.jpg torcedor/1782745750348_18.jpg torcedor/1782745754442_20.jpg
7f1d4b7a-bf6e-4a79-8ca6-f6d0f75ff3dc	Camisa Brasil Fan Away 26/27	R$ 189,00	TORCEDOR	Seleções (FIFA)	P,M,G,GG,2XG,3XG,4XG	+ R$ 60,00	TORCEDOR,FEMININA,JOGADOR	torcedor/1779406915521_8.jpg torcedor/1779406902193_0.jpg torcedor/1779406903923_1.jpg torcedor/1779406905454_2.jpg torcedor/1779406907032_3.jpg torcedor/1779406908729_4.jpg torcedor/1779406910681_5.jpg torcedor/1779406912350_6.jpg torcedor/1779406913973_7.jpg torcedor/1779406917155_9.jpg torcedor/1779406919154_10.jpg torcedor/1779406920750_11.jpg torcedor/1779406922367_12.jpg torcedor/1779406924113_13.jpg torcedor/1779406925673_14.jpg torcedor/1779406927135_15.jpg torcedor/1779406929189_16.jpg torcedor/1779406930615_17.jpg torcedor/1779406932272_18.jpg torcedor/1779406934335_19.jpg torcedor/1779406936164_20.jpg torcedor/1779406938129_21.jpg torcedor/1779406939697_22.jpg torcedor/1779406941331_23.jpg
725d408b-83e7-4a18-8797-0f46a9fa9267	Camisa Brasil Fan Home 26/27	R$ 189,00	TORCEDOR	Seleções (FIFA)	P,M,G,GG,2XG,3XG,4XG	+ R$ 60,00	TORCEDOR,FEMININA,KIT_INFANTIL,JOGADOR	torcedor/1779403966848_16.jpg torcedor/1779403940250_0.jpg torcedor/1779403942082_1.jpg torcedor/1779403943510_2.jpg torcedor/1779403945317_3.jpg torcedor/1779403946928_4.jpg torcedor/1779403948345_5.jpg torcedor/1779403950197_6.jpg torcedor/1779403951852_7.jpg torcedor/1779403953326_8.jpg torcedor/1779403954964_9.jpg torcedor/1779403956638_10.jpg torcedor/1779403958305_11.jpg torcedor/1779403960133_12.jpg torcedor/1779403961670_13.jpg torcedor/1779403963161_14.jpg torcedor/1779403964980_15.jpg torcedor/1779403968486_17.jpg torcedor/1779403969844_18.jpg
f064ad88-9df2-4f09-8b6a-99d9068d675a	Corta Vento Brasil 2026 Copa	R$ 409,00	CORTA VENTO		P,M,G,GG,2XG,3XG,4XG	+ R$ 60,00	CORTA_VENTO	corta_vento/1783175668921_0.jpg corta_vento/1783175668922_1.jpg corta_vento/1783175668922_2.jpg corta_vento/1783175668922_3.jpg corta_vento/1783175668922_4.jpg corta_vento/1783175672835_5.jpg corta_vento/1783175672836_6.jpg corta_vento/1783175672837_7.jpg corta_vento/1783175672837_8.jpg corta_vento/1783175672837_9.jpg corta_vento/1783175676369_10.jpg corta_vento/1783175676370_11.jpg corta_vento/1783175676370_12.jpg corta_vento/1783175676370_13.jpg corta_vento/1783175676370_14.jpg corta_vento/1783175680214_15.jpg corta_vento/1783175680215_16.jpg corta_vento/1783175680215_17.jpg corta_vento/1783175680215_18.jpg corta_vento/1783175680215_19.jpg corta_vento/1783175683847_20.jpg corta_vento/1783175683848_21.jpg corta_vento/1783175683849_22.jpg
997c6f25-d6ac-4f5d-8286-4d97a71a91b5	Camisa Brasil Kids Home 26/27	R$ 199,00	KIDS	Seleções (FIFA)	14,16,18	+ R$ 60,00	KIT_INFANTIL,TORCEDOR,FEMININA,JOGADOR	kit_infantil/1783175593281_9.jpg kit_infantil/1783175589980_0.jpg kit_infantil/1783175589981_1.jpg kit_infantil/1783175589981_2.jpg kit_infantil/1783175589982_3.jpg kit_infantil/1783175589982_4.jpg kit_infantil/1783175593280_5.jpg kit_infantil/1783175593280_6.jpg kit_infantil/1783175593280_7.jpg kit_infantil/1783175593281_8.jpg kit_infantil/1783175596914_10.jpg kit_infantil/1783175596915_11.jpg kit_infantil/1783175596915_12.jpg kit_infantil/1783175596915_13.jpg kit_infantil/1783175596915_14.jpg kit_infantil/1783175600008_15.jpg kit_infantil/1783175600009_16.jpg kit_infantil/1783175600009_17.jpg kit_infantil/1783175600010_18.jpg kit_infantil/1783175600010_19.jpg kit_infantil/1783175603391_20.jpg kit_infantil/1783175603392_21.jpg kit_infantil/1783175603393_22.jpg kit_infantil/1783175603393_23.jpg kit_infantil/1783175603393_24.jpg kit_infantil/1783175606951_25.jpg kit_infantil/1783175606952_26.jpg kit_infantil/1783175606952_27.jpg
8d3f0cf9-a723-4d9d-9d0a-1253dc0420d7	Camisa Brasil Feminina Home 26/27	R$ 179,00	FEMININO	Seleções (FIFA)	P,M,G,GG	+ R$ 60,00	FEMININA,TORCEDOR,KIT_INFANTIL,JOGADOR	feminina/1779407058110_13.jpg feminina/1779407023914_0.jpg feminina/1779407026251_1.jpg feminina/1779407028499_2.jpg feminina/1779407030525_3.jpg feminina/1779407033762_4.jpg feminina/1779407035603_5.jpg feminina/1779407038405_6.jpg feminina/1779407040494_7.jpg feminina/1779407043070_8.jpg feminina/1779407044947_9.jpg feminina/1779407050814_10.jpg feminina/1779407052720_11.jpg feminina/1779407055015_12.jpg feminina/1779407061054_14.jpg feminina/1779407063622_15.jpg feminina/1779407065914_16.jpg feminina/1779407067740_17.jpg feminina/1779407069833_18.jpg feminina/1779407072565_19.jpg
bdef4e43-d90b-4649-9703-0b3661dbe724	Camisa Brasil Player Home 26/27	R$ 229,00	JOGADOR	Seleções (FIFA)	P,M,G,GG,2XG,3XG,4XG	+ R$ 60,00	JOGADOR,TORCEDOR,FEMININA,KIT_INFANTIL	jogador/1779404015480_10.jpg jogador/1779403997838_0.jpg jogador/1779403999591_1.jpg jogador/1779404001072_2.jpg jogador/1779404002660_3.jpg jogador/1779404004472_4.jpg jogador/1779404006624_5.jpg jogador/1779404008113_6.jpg jogador/1779404010077_7.jpg jogador/1779404012153_8.jpg jogador/1779404013884_9.jpg jogador/1779404017284_11.jpg jogador/1779404019455_12.jpg jogador/1779404021136_13.jpg jogador/1779404022672_14.jpg jogador/1779404024629_15.jpg jogador/1779404025960_16.jpg jogador/1779404027360_17.jpg jogador/1779404028950_18.jpg jogador/1779404031049_19.jpg jogador/1779404032815_20.jpg
47350e7e-6306-4691-a83b-eacf3641c0a2	Camisa Brasil Feminina Away 26/27	R$ 179,00	FEMININO	Seleções (FIFA)	P,M,G,GG	+ R$ 60,00	FEMININA,JOGADOR,TORCEDOR	feminina/1779403802713_4.jpg feminina/1779403794980_0.jpg feminina/1779403796715_1.jpg feminina/1779403799395_2.jpg feminina/1779403801016_3.jpg feminina/1779403805287_5.jpg feminina/1779403806863_6.jpg feminina/1779403808478_7.jpg feminina/1779403810824_8.jpg feminina/1779403812940_9.jpg feminina/1779403814493_10.jpg feminina/1779403816578_11.jpg feminina/1779403818142_12.jpg feminina/1779403819648_13.jpg feminina/1779403821426_14.jpg feminina/1779403823124_15.jpg feminina/1779403824678_16.jpg feminina/1779403826532_17.jpg feminina/1779403828094_18.jpg feminina/1779403830072_19.jpg feminina/1779403831730_20.jpg
4895ec03-aea5-4d6a-851e-a5becd3b2568	Camisa Brasil Player Away 26/27	R$ 229,00	JOGADOR	Seleções (FIFA)	P,M,G,GG,2XG,3XG,4XG	+ R$ 60,00	JOGADOR,FEMININA,TORCEDOR	jogador/1779403698771_21.jpg jogador/1779403661775_0.jpg jogador/1779403663732_1.jpg jogador/1779403665625_2.jpg jogador/1779403667093_3.jpg jogador/1779403668721_4.jpg jogador/1779403670353_5.jpg jogador/1779403672269_6.jpg jogador/1779403673771_7.jpg jogador/1779403675130_8.jpg jogador/1779403676562_9.jpg jogador/1779403678576_10.jpg jogador/1779403680119_11.jpg jogador/1779403682080_12.jpg jogador/1779403683752_13.jpg jogador/1779403685331_14.jpg jogador/1779403687116_15.jpg jogador/1779403688903_16.jpg jogador/1779403690265_17.jpg jogador/1779403692158_18.jpg jogador/1779403694038_19.jpg jogador/1779403696376_20.jpg jogador/1779403700490_22.jpg
e386959c-5e25-41e9-b007-cc0313f95773	Brasil home 2024	R$ 189,00	TORCEDOR		P,M,G,GG,2XG,3XG,4XG	+ R$ 60,00	TORCEDOR	retro/1789489457971_0.jpg retro/1789489457972_1.jpg retro/1789489457972_2.jpg retro/1789489457972_3.jpg
dc007679-555e-49c7-b360-5d6833766c59	Camisa Brasil Fan Away 24/25	R$ 189,00	TORCEDOR	Seleções (FIFA)	P,M,G,GG,2XG,3XG,4XG	+ R$ 60,00	TORCEDOR	torcedor/1780352308128_0.jpg torcedor/1780352310177_1.jpg torcedor/1780352311922_2.jpg torcedor/1780352313799_3.jpg torcedor/1780352315705_4.jpg torcedor/1780352317890_5.jpg torcedor/1780352319604_6.jpg torcedor/1780352321376_7.jpg torcedor/1780352323080_8.jpg torcedor/1780352324975_9.jpg torcedor/1780352326699_10.jpg torcedor/1780352328350_11.jpg torcedor/1780352329981_12.jpg torcedor/1780352331796_13.jpg torcedor/1780352333530_14.jpg torcedor/1780352335218_15.jpg torcedor/1780352337198_16.jpg torcedor/1780352338844_17.jpg torcedor/1780352340378_18.jpg torcedor/1780352341972_19.jpg torcedor/1780352343971_20.jpg torcedor/1780352345989_21.jpg torcedor/1780352348524_22.jpg torcedor/1780352350375_23.jpg torcedor/1780352352229_24.jpg torcedor/1780352354338_25.jpg torcedor/1780352356033_26.jpg torcedor/1780352357821_27.jpg torcedor/1780352359473_28.jpg torcedor/1780352360908_29.jpg
1030650f-b80b-40b3-86a0-240bd8eb7731	Brasil Home Retro 2018	R$ 229,00	RETRÔ		P,M,G,GG,2XG,3XG,4XG	+ R$ 60,00	RETRO	retro/1789489434305_0.jpg retro/1789489434305_1.jpg retro/1789489434305_2.jpg retro/1789489434306_3.jpg
677861e0-835d-48cf-bcce-7a4926dece5d	Brasil Home Retro 2014	R$ 229,00	RETRÔ		P,M,G,GG,2XG,3XG,4XG	+ R$ 60,00	RETRO	retro/1789489434773_0.jpg retro/1789489434773_1.jpg retro/1789489434774_2.jpg retro/1789489434774_3.jpg
69c10fe0-80e1-4d9f-aa38-541baeb0a214	Brasil Home Retro 2013	R$ 229,00	RETRÔ		P,M,G,GG,2XG,3XG,4XG	+ R$ 60,00	RETRO	retro/1789489436784_0.jpg retro/1789489436784_1.jpg retro/1789489436784_2.jpg retro/1789489436784_3.jpg retro/1789489436785_4.jpg retro/1789489439764_5.jpg
cc9367db-25e9-4974-8c24-1a8cf306e07d	Brasil Home Retro 2010	R$ 229,00	RETRÔ		P,M,G,GG,2XG,3XG,4XG	+ R$ 60,00	RETRO	retro/1789489438935_0.jpg retro/1789489438936_1.jpg retro/1789489438936_2.jpg retro/1789489438936_3.jpg retro/1789489438936_4.jpg retro/1789489442485_5.jpg retro/1789489442485_6.jpg
f0df644f-7902-47ae-83ac-738c72ada1c9	Brasil Home Retro 2006	R$ 229,00	RETRÔ		P,M,G,GG,2XG,3XG,4XG	+ R$ 60,00	RETRO	retro/1789489445801_0.jpg retro/1789489445802_1.jpg retro/1789489445802_2.jpg retro/1789489445802_3.jpg retro/1789489445802_4.jpg retro/1789489448891_5.jpg
cf410ff5-779c-406b-a430-31fa3f53abcb	Brasil Away Retro 2004	R$ 229,00	RETRÔ		P,M,G,GG,2XG,3XG,4XG	+ R$ 60,00	RETRO	retro/1789489450396_0.jpg retro/1789489450397_1.jpg retro/1789489450397_2.jpg retro/1789489450397_3.jpg
ea7a6d19-572c-4ef0-b6df-538b379ac126	Brasil Home Retro 2004	R$ 229,00	RETRÔ		P,M,G,GG,2XG,3XG,4XG	+ R$ 60,00	RETRO	retro/1789489445718_0.jpg retro/1789489445718_1.jpg retro/1789489445718_2.jpg retro/1789489445718_3.jpg retro/1789489445719_4.jpg
dfb08f16-0fa0-4977-8974-e5060cab30d2	Brasil Home Retro 2002	R$ 229,00	RETRÔ		P,M,G,GG,2XG,3XG,4XG	+ R$ 60,00	RETRO	retro/1789489446043_0.jpg retro/1789489446043_1.jpg retro/1789489446043_2.jpg retro/1789489446044_3.jpg retro/1789489446044_4.jpg
d4d181e2-9e1d-46a1-8fd3-090601ad68f1	Brasil Blue Track 1998	R$ 229,00	RETRÔ		P,M,G,GG,2XG,3XG,4XG	+ R$ 60,00	RETRO	retro/1789489448641_0.jpg retro/1789489448641_1.jpg retro/1789489448641_2.jpg retro/1789489448641_3.jpg retro/1789489448642_4.jpg
5ba30eca-ad6d-43b4-87b6-0df36f6ed2ec	Brasil Home Player 98	R$ 229,00	JOGADOR		P,M,G,GG,2XG,3XG,4XG	+ R$ 60,00	RETRO	retro/1789489446562_0.jpg retro/1789489446563_1.jpg retro/1789489446563_2.jpg retro/1789489446563_3.jpg retro/1789489446563_4.jpg
50ad9e2a-fa45-43e7-ab93-c0cca3004fdc	Brasil White Retro 1998	R$ 229,00	RETRÔ		P,M,G,GG,2XG,3XG,4XG	+ R$ 60,00	RETRO	retro/1789489433403_0.jpg retro/1789489433403_1.jpg retro/1789489433404_2.jpg retro/1789489433404_3.jpg retro/1789489433404_4.jpg
a48d7773-7426-48b8-a660-3c8a4baaeca2	Camisa Brasil Retro 98	R$ 229,00	RETRÔ		P,M,G,GG,2XG,3XG,4XG	+ R$ 60,00	RETRO	torcedor/1780353355622_17.jpg torcedor/1780353321786_0.jpg torcedor/1780353323488_1.jpg torcedor/1780353326256_2.jpg torcedor/1780353327989_3.jpg torcedor/1780353329602_4.jpg torcedor/1780353332245_5.jpg torcedor/1780353333891_6.jpg torcedor/1780353335645_7.jpg torcedor/1780353337295_8.jpg torcedor/1780353339402_9.jpg torcedor/1780353340956_10.jpg torcedor/1780353342425_11.jpg torcedor/1780353344440_12.jpg torcedor/1780353346911_13.jpg torcedor/1780353349585_14.jpg torcedor/1780353351657_15.jpg torcedor/1780353353374_16.jpg torcedor/1780353357610_18.jpg torcedor/1780353359484_19.jpg torcedor/1780353361466_20.jpg torcedor/1780353363339_21.jpg
260355ae-0cc0-407c-949e-a7adb3515937	Brasil Home Retro 94	R$ 229,00	RETRÔ		P,M,G,GG,2XG,3XG,4XG	+ R$ 60,00	RETRO	retro/1789489433453_0.jpg retro/1789489433454_1.jpg retro/1789489433454_2.jpg retro/1789489433454_3.jpg
da87d8d4-9d34-4782-9d0f-58cb3e0e2695	Camisa Canadá Hollywood GK Manga Longa Fan 2026	R$ 209,00	TORCEDOR		P,M,G,GG,2XG,3XG,4XG	+ R$ 60,00	MANGA_LONGA	torcedor/1782745809087_10.jpg torcedor/1782745801495_0.jpg torcedor/1782745801496_1.jpg torcedor/1782745801496_2.jpg torcedor/1782745801497_3.jpg torcedor/1782745801497_4.jpg torcedor/1782745805511_5.jpg torcedor/1782745805511_6.jpg torcedor/1782745805512_7.jpg torcedor/1782745805512_8.jpg torcedor/1782745805512_9.jpg torcedor/1782745809088_11.jpg torcedor/1782745809088_12.jpg torcedor/1782745809088_13.jpg torcedor/1782745809088_14.jpg torcedor/1782745812809_15.jpg torcedor/1782745812810_16.jpg torcedor/1782745812810_17.jpg torcedor/1782745812810_18.jpg torcedor/1782745812811_19.jpg torcedor/1782745815762_20.jpg
31ce0a25-6545-4a2e-9157-580179480512	Camisa Canadá Away Player 26/27	R$ 229,00	JOGADOR	Seleções (FIFA)	P,M,G,GG,2XG,3XG,4XG	+ R$ 60,00	JOGADOR,KIT_INFANTIL	jogador/1783175783618_4.jpg jogador/1783175783617_0.jpg jogador/1783175783618_1.jpg jogador/1783175783618_2.jpg jogador/1783175783618_3.jpg jogador/1783175788147_5.jpg jogador/1783175788148_6.jpg jogador/1783175788149_7.jpg jogador/1783175788149_8.jpg jogador/1783175788149_9.jpg jogador/1783175792978_10.jpg jogador/1783175792979_11.jpg jogador/1783175792980_12.jpg jogador/1783175792980_13.jpg jogador/1783175792980_14.jpg jogador/1783175796805_15.jpg jogador/1783175796806_16.jpg jogador/1783175796806_17.jpg jogador/1783175796806_18.jpg
d5a839d7-f1fd-4db5-b681-e2a9ecace449	Camisa Canadá Away Kids 26/27	R$ 199,00	KIDS	Seleções (FIFA)	14,16,18	+ R$ 60,00	KIT_INFANTIL,JOGADOR	kit_infantil/1783175752472_13.jpg kit_infantil/1783175746255_3.jpg kit_infantil/1783175746254_0.jpg kit_infantil/1783175746255_1.jpg kit_infantil/1783175746255_2.jpg kit_infantil/1783175746255_4.jpg kit_infantil/1783175749641_5.jpg kit_infantil/1783175749642_6.jpg kit_infantil/1783175749642_7.jpg kit_infantil/1783175749642_8.jpg kit_infantil/1783175749643_9.jpg kit_infantil/1783175752471_10.jpg kit_infantil/1783175752472_11.jpg kit_infantil/1783175752472_12.jpg kit_infantil/1783175752472_14.jpg kit_infantil/1783175755552_15.jpg kit_infantil/1783175755552_16.jpg kit_infantil/1783175755553_17.jpg kit_infantil/1783175755553_18.jpg kit_infantil/1783175755553_19.jpg kit_infantil/1783175758627_20.jpg kit_infantil/1783175758628_21.jpg kit_infantil/1783175758628_22.jpg kit_infantil/1783175758628_23.jpg kit_infantil/1783175758629_24.jpg kit_infantil/1783175761728_25.jpg
a25a71ba-82b8-4e25-998f-5b150c0ebbd0	Camisa Colômbia Home World Cup Fan 2026	R$ 189,00	TORCEDOR		P,M,G,GG,2XG,3XG,4XG	+ R$ 60,00	TORCEDOR,JOGADOR,MANGA_LONGA	torcedor/1783175418589_3.jpg torcedor/1783175418587_0.jpg torcedor/1783175418588_1.jpg torcedor/1783175418588_2.jpg torcedor/1783175418589_4.jpg torcedor/1783175421414_5.jpg torcedor/1783175421415_6.jpg torcedor/1783175421416_7.jpg torcedor/1783175421416_8.jpg torcedor/1783175421416_9.jpg torcedor/1783175425634_10.jpg torcedor/1783175425635_11.jpg torcedor/1783175425635_12.jpg torcedor/1783175425635_13.jpg torcedor/1783175425635_14.jpg torcedor/1783175428880_15.jpg torcedor/1783175428881_16.jpg torcedor/1783175428882_17.jpg torcedor/1783175428882_18.jpg torcedor/1783175428882_19.jpg torcedor/1783175432514_20.jpg torcedor/1783175432515_21.jpg torcedor/1783175432516_22.jpg
bd22fae5-8a90-46ce-9d91-ccacdec62eb1	Camisa Colômbia Fan Home 26/27	R$ 189,00	TORCEDOR	Seleções (FIFA)	P,M,G,GG,2XG,3XG,4XG	+ R$ 60,00	TORCEDOR,JOGADOR,MANGA_LONGA	torcedor/1779413792316_4.jpg torcedor/1779413785434_0.jpg torcedor/1779413787153_1.jpg torcedor/1779413788707_2.jpg torcedor/1779413790394_3.jpg torcedor/1779413793833_5.jpg torcedor/1779413795628_6.jpg torcedor/1779413797722_7.jpg torcedor/1779413799464_8.jpg torcedor/1779413800984_9.jpg torcedor/1779413802465_10.jpg torcedor/1779413803972_11.jpg torcedor/1779413805455_12.jpg torcedor/1779413807354_13.jpg torcedor/1779413809133_14.jpg torcedor/1779413810676_15.jpg torcedor/1779413812377_16.jpg torcedor/1779413814637_17.jpg torcedor/1779413816163_18.jpg torcedor/1779413817790_19.jpg torcedor/1779413819981_20.jpg torcedor/1779413821574_21.jpg torcedor/1779413823435_22.jpg torcedor/1779413825006_23.jpg torcedor/1779413826586_24.jpg
295631ba-54f5-4ee7-bf41-1f65c700a690	Camisa Colômbia Fan Away 26/27	R$ 189,00	TORCEDOR	Seleções (FIFA)	P,M,G,GG,2XG,3XG,4XG	+ R$ 60,00	TORCEDOR	torcedor/1779413755415_16.jpg torcedor/1779413725187_0.jpg torcedor/1779413727267_1.jpg torcedor/1779413729464_2.jpg torcedor/1779413730876_3.jpg torcedor/1779413732535_4.jpg torcedor/1779413734323_5.jpg torcedor/1779413735829_6.jpg torcedor/1779413738662_7.jpg torcedor/1779413740306_8.jpg torcedor/1779413742128_9.jpg torcedor/1779413744937_10.jpg torcedor/1779413746596_11.jpg torcedor/1779413748610_12.jpg torcedor/1779413750252_13.jpg torcedor/1779413751951_14.jpg torcedor/1779413753538_15.jpg torcedor/1779413757063_17.jpg torcedor/1779413758937_18.jpg torcedor/1779413761136_19.jpg torcedor/1779413762721_20.jpg
86fac7c7-5ead-48be-a8c8-47fe77ca4d1a	Camisa Colômbia Home World Cup Player Long 2026	R$ 209,00	JOGADOR		P,M,G,GG,2XG,3XG,4XG	+ R$ 60,00	MANGA_LONGA,JOGADOR,TORCEDOR	manga_longa/1783175513699_15.jpg manga_longa/1783175503094_0.jpg manga_longa/1783175503095_1.jpg manga_longa/1783175503095_2.jpg manga_longa/1783175503096_3.jpg manga_longa/1783175503096_4.jpg manga_longa/1783175506506_5.jpg manga_longa/1783175506507_6.jpg manga_longa/1783175506507_7.jpg manga_longa/1783175506507_8.jpg manga_longa/1783175506508_9.jpg manga_longa/1783175510127_10.jpg manga_longa/1783175510128_11.jpg manga_longa/1783175510128_12.jpg manga_longa/1783175510128_13.jpg manga_longa/1783175510128_14.jpg manga_longa/1783175513699_16.jpg manga_longa/1783175513700_17.jpg manga_longa/1783175513700_18.jpg manga_longa/1783175513700_19.jpg manga_longa/1783175517180_20.jpg manga_longa/1783175517180_21.jpg manga_longa/1783175517181_22.jpg manga_longa/1783175517181_23.jpg
5a6cf400-0e86-44c0-b17f-997a10b62620	Camisa Colômbia Home World Cup Player 2026	R$ 229,00	JOGADOR		P,M,G,GG,2XG,3XG,4XG	+ R$ 60,00	JOGADOR,MANGA_LONGA,TORCEDOR	jogador/1783175458185_21.jpg jogador/1783175442725_0.jpg jogador/1783175442726_1.jpg jogador/1783175442726_2.jpg jogador/1783175442726_3.jpg jogador/1783175442727_4.jpg jogador/1783175445824_5.jpg jogador/1783175445825_6.jpg jogador/1783175445825_7.jpg jogador/1783175445825_8.jpg jogador/1783175445825_9.jpg jogador/1783175450168_10.jpg jogador/1783175450169_11.jpg jogador/1783175450169_12.jpg jogador/1783175450170_13.jpg jogador/1783175450170_14.jpg jogador/1783175454378_15.jpg jogador/1783175454379_16.jpg jogador/1783175454379_17.jpg jogador/1783175454379_18.jpg jogador/1783175454380_19.jpg jogador/1783175458184_20.jpg jogador/1783175458185_22.jpg jogador/1783175458186_23.jpg jogador/1783175458186_24.jpg jogador/1783175461224_25.jpg
a8df0861-1678-4804-9bb3-9ed65566fe75	Camisa Costa Rica Away World Cup Fan 2026	R$ 189,00	TORCEDOR		P,M,G,GG,2XG,3XG,4XG	+ R$ 60,00	TORCEDOR	torcedor/1783175345963_13.jpg torcedor/1783175339961_0.jpg torcedor/1783175339961_1.jpg torcedor/1783175339962_2.jpg torcedor/1783175339962_3.jpg torcedor/1783175339962_4.jpg torcedor/1783175342845_5.jpg torcedor/1783175342846_6.jpg torcedor/1783175342846_7.jpg torcedor/1783175342846_8.jpg torcedor/1783175342847_9.jpg torcedor/1783175345962_10.jpg torcedor/1783175345963_11.jpg torcedor/1783175345963_12.jpg torcedor/1783175345963_14.jpg torcedor/1783175349668_15.jpg torcedor/1783175349669_16.jpg torcedor/1783175349670_17.jpg torcedor/1783175349670_18.jpg torcedor/1783175349670_19.jpg torcedor/1783175352975_20.jpg torcedor/1783175352976_21.jpg torcedor/1783175352976_22.jpg torcedor/1783175352977_23.jpg torcedor/1783175352977_24.jpg torcedor/1783175356326_25.jpg torcedor/1783175356327_26.jpg torcedor/1783175356327_27.jpg torcedor/1783175356328_28.jpg torcedor/1783175356328_29.jpg torcedor/1783175359666_30.jpg torcedor/1783175359667_31.jpg torcedor/1783175359667_32.jpg torcedor/1783175359667_33.jpg torcedor/1783175359668_34.jpg torcedor/1783175362927_35.jpg torcedor/1783175362928_36.jpg torcedor/1783175362928_37.jpg torcedor/1783175362929_38.jpg torcedor/1783175362929_39.jpg torcedor/1783175366389_40.jpg torcedor/1783175366390_41.jpg torcedor/1783175366390_42.jpg
4d2618b8-49e6-4793-a2ef-c5ff77abeab3	Camisa Costa Rica Home World Cup Fan 2026	R$ 189,00	TORCEDOR		P,M,G,GG,2XG,3XG,4XG	+ R$ 60,00	TORCEDOR	torcedor/1783175301289_4.jpg torcedor/1783175301287_0.jpg torcedor/1783175301288_1.jpg torcedor/1783175301289_2.jpg torcedor/1783175301289_3.jpg torcedor/1783175305411_5.jpg torcedor/1783175305411_6.jpg torcedor/1783175305412_7.jpg torcedor/1783175305412_8.jpg torcedor/1783175305412_9.jpg torcedor/1783175309382_10.jpg torcedor/1783175309382_11.jpg torcedor/1783175309383_12.jpg torcedor/1783175309383_13.jpg torcedor/1783175309383_14.jpg torcedor/1783175312950_15.jpg torcedor/1783175312952_16.jpg torcedor/1783175312952_17.jpg torcedor/1783175312952_18.jpg torcedor/1783175312953_19.jpg torcedor/1783175316538_20.jpg torcedor/1783175316538_21.jpg torcedor/1783175316539_22.jpg torcedor/1783175316539_23.jpg
3dc9071e-03cc-4815-8cb8-aea977ef0b13	Croácia Away 26/27	R$ 189,00	TORCEDOR	Seleções (FIFA)	P,M,G,GG,2XG,3XG,4XG	+ R$ 60,00	TORCEDOR	torcedor/1789489330581_0.jpg torcedor/1789489330581_1.jpg
ba54cf4b-dcbb-4deb-92eb-a2a9c7eeaafa	Croácia Home 26/27	R$ 189,00	TORCEDOR	Seleções (FIFA)	P,M,G,GG,2XG,3XG,4XG	+ R$ 60,00	TORCEDOR	torcedor/1789489330489_0.jpg torcedor/1789489330490_1.jpg
3e48bb6d-9069-4b67-8af0-0ac832d6f124	Camisa Croácia Home Fan 26/27	R$ 189,00	TORCEDOR	Seleções (FIFA)	P,M,G,GG,2XG,3XG,4XG	+ R$ 60,00	TORCEDOR	torcedor/1780434301436_2.jpg torcedor/1780434297346_0.jpg torcedor/1780434299458_1.jpg torcedor/1780434302821_3.jpg torcedor/1780434304383_4.jpg torcedor/1780434305826_5.jpg torcedor/1780434307751_6.jpg torcedor/1780434309690_7.jpg torcedor/1780434311362_8.jpg torcedor/1780434313272_9.jpg torcedor/1780434315064_10.jpg torcedor/1780434317264_11.jpg torcedor/1780434319248_12.jpg torcedor/1780434321392_13.jpg torcedor/1780434323268_14.jpg torcedor/1780434325338_15.jpg torcedor/1780434327098_16.jpg torcedor/1780434329020_17.jpg torcedor/1780434331173_18.jpg torcedor/1780434332808_19.jpg torcedor/1780434334233_20.jpg
40212a50-adce-4646-bbe1-b6cbe965d93c	Camisa Egito Away Fan 26/27	R$ 189,00	TORCEDOR	Seleções (FIFA)	P,M,G,GG,2XG,3XG,4XG	+ R$ 60,00	TORCEDOR	torcedor/1783425914287_14.jpg torcedor/1783425906615_0.jpg torcedor/1783425906615_1.jpg torcedor/1783425906616_2.jpg torcedor/1783425906616_3.jpg torcedor/1783425906616_4.jpg torcedor/1783425910098_5.jpg torcedor/1783425910099_6.jpg torcedor/1783425910099_7.jpg torcedor/1783425910099_8.jpg torcedor/1783425910099_9.jpg torcedor/1783425914285_10.jpg torcedor/1783425914286_11.jpg torcedor/1783425914286_12.jpg torcedor/1783425914286_13.jpg torcedor/1783425917309_15.jpg torcedor/1783425917310_16.jpg torcedor/1783425917310_17.jpg torcedor/1783425917310_18.jpg torcedor/1783425917310_19.jpg torcedor/1783425920151_20.jpg torcedor/1783425920152_21.jpg torcedor/1783425920152_22.jpg torcedor/1783425920153_23.jpg torcedor/1783425920153_24.jpg
4bc95fd7-5883-4049-bf18-c90e8742c4f0	Espanha Home 2026	R$ 189,00	TORCEDOR		P,M,G,GG,2XG,3XG,4XG	+ R$ 60,00	TORCEDOR,JOGADOR,FEMININA	torcedor/1789488674244_0.png torcedor/1789488674245_1.png
d3dd1fb7-0a1d-47ab-9139-fb00cd01862b	Espanha 2-Star Champion Away	R$ 189,00	TORCEDOR		P,M,G,GG,2XG,3XG,4XG	+ R$ 60,00	TORCEDOR,FEMININA,JOGADOR	torcedor/1789488672168_0.png torcedor/1789488672169_1.png
f1bef54a-9348-4a9b-b6c0-1a12f1fe8b81	Camisa Espanha Fan Home 26/27	R$ 189,00	TORCEDOR	Seleções (FIFA)	P,M,G,GG,2XG,3XG,4XG	+ R$ 60,00	TORCEDOR,JOGADOR,FEMININA	torcedor/1779414416625_14.jpg torcedor/1779414390372_0.jpg torcedor/1779414392071_1.jpg torcedor/1779414393771_2.jpg torcedor/1779414395405_3.jpg torcedor/1779414399336_4.jpg torcedor/1779414400900_5.jpg torcedor/1779414402403_6.jpg torcedor/1779414403937_7.jpg torcedor/1779414405748_8.jpg torcedor/1779414407243_9.jpg torcedor/1779414408941_10.jpg torcedor/1779414410988_11.jpg torcedor/1779414412905_12.jpg torcedor/1779414414754_13.jpg torcedor/1779414418253_15.jpg torcedor/1779414419944_16.jpg torcedor/1779414421777_17.jpg torcedor/1779414423421_18.jpg torcedor/1779414425964_19.jpg torcedor/1779414427990_20.jpg torcedor/1779414429843_21.jpg torcedor/1779414431557_22.jpg torcedor/1779414433283_23.jpg
ead6c77f-5aa6-4582-8b81-071a5284560e	Camisa Espanha Fan Away 26/27	R$ 189,00	TORCEDOR	Seleções (FIFA)	P,M,G,GG,2XG,3XG,4XG	+ R$ 60,00	TORCEDOR,FEMININA,JOGADOR	torcedor/1779414104039_15.jpg torcedor/1779414077134_0.jpg torcedor/1779414078810_1.jpg torcedor/1779414080856_2.jpg torcedor/1779414082798_3.jpg torcedor/1779414084612_4.jpg torcedor/1779414086142_5.jpg torcedor/1779414087845_6.jpg torcedor/1779414090214_7.jpg torcedor/1779414092078_8.jpg torcedor/1779414093558_9.jpg torcedor/1779414095123_10.jpg torcedor/1779414097308_11.jpg torcedor/1779414098835_12.jpg torcedor/1779414100609_13.jpg torcedor/1779414102470_14.jpg torcedor/1779414105646_16.jpg torcedor/1779414107071_17.jpg torcedor/1779414108662_18.jpg torcedor/1779414110168_19.jpg torcedor/1779414111869_20.jpg torcedor/1779414113531_21.jpg
30b3efc6-fa43-468d-8e5a-15ada593ee2f	Espanha 2-Star Champion Home Feminina 26/27	R$ 179,00	FEMININO	Seleções (FIFA)	P,M,G,GG	+ R$ 60,00	FEMININA,JOGADOR,TORCEDOR	feminina/1789488673716_0.png feminina/1789488673717_1.png
163353ec-6c91-425e-8012-374123a19a82	Espanha 2-Star Champion Home Player	R$ 229,00	JOGADOR		P,M,G,GG,2XG,3XG,4XG	+ R$ 60,00	JOGADOR,FEMININA,TORCEDOR	jogador/1789488673239_0.png jogador/1789488673239_1.png
2f40466c-2221-46d9-8838-d9c5549697b5	Espanha 2-Star Champion Away Feminina	R$ 179,00	FEMININO		P,M,G,GG	+ R$ 60,00	FEMININA,JOGADOR,TORCEDOR	feminina/1789488672869_0.png feminina/1789488672869_1.png
e737fcd2-c553-42ac-a7e5-970d577fc502	Espanha 2-Star Champion Away Player	R$ 229,00	JOGADOR		P,M,G,GG,2XG,3XG,4XG	+ R$ 60,00	JOGADOR,FEMININA,TORCEDOR	jogador/1789488672495_0.png jogador/1789488672495_1.png
0690f34d-b623-4a6d-8093-2cd02d861326	Camisa Espanha Feminina Home 26/27	R$ 179,00	FEMININO	Seleções (FIFA)	P,M,G,GG	+ R$ 60,00	FEMININA	feminina/1779414769124_6.jpg feminina/1779414758363_0.jpg feminina/1779414760149_1.jpg feminina/1779414761896_2.jpg feminina/1779414763594_3.jpg feminina/1779414765592_4.jpg feminina/1779414767405_5.jpg feminina/1779414770702_7.jpg feminina/1779414772669_8.jpg feminina/1779414774468_9.jpg feminina/1779414776112_10.jpg feminina/1779414777886_11.jpg feminina/1779414779578_12.jpg feminina/1779414781352_13.jpg feminina/1779414783028_14.jpg feminina/1779414784844_15.jpg feminina/1779414786458_16.jpg feminina/1779414788106_17.jpg feminina/1779414789464_18.jpg
6408ffe2-07b3-4086-ae2f-bba489b3447f	Camisa Espanha Player Home 26/27	R$ 229,00	JOGADOR	Seleções (FIFA)	P,M,G,GG,2XG,3XG,4XG	+ R$ 60,00	JOGADOR,FEMININA,TORCEDOR	jogador/1779414482922_21.jpg jogador/1779414444049_0.jpg jogador/1779414445933_1.jpg jogador/1779414447810_2.jpg jogador/1779414450166_3.jpg jogador/1779414451894_4.jpg jogador/1779414453955_5.jpg jogador/1779414455718_6.jpg jogador/1779414457382_7.jpg jogador/1779414459613_8.jpg jogador/1779414461605_9.jpg jogador/1779414463297_10.jpg jogador/1779414464883_11.jpg jogador/1779414466797_12.jpg jogador/1779414468496_13.jpg jogador/1779414470236_14.jpg jogador/1779414471813_15.jpg jogador/1779414473662_16.jpg jogador/1779414475710_17.jpg jogador/1779414477358_18.jpg jogador/1779414479113_19.jpg jogador/1779414481054_20.jpg jogador/1779414484532_22.jpg jogador/1779414486185_23.jpg jogador/1779414487941_24.jpg jogador/1779414489621_25.jpg jogador/1779414491318_26.jpg
8df87a2d-d9cb-4879-831d-ce2499c26700	Camisa Espanha Feminina Away 26/27	R$ 179,00	FEMININO	Seleções (FIFA)	P,M,G,GG	+ R$ 60,00	FEMININA,JOGADOR,TORCEDOR	feminina/1779414351482_4.jpg feminina/1779414343727_0.jpg feminina/1779414345479_1.jpg feminina/1779414346936_2.jpg feminina/1779414348596_3.jpg feminina/1779414353034_5.jpg feminina/1779414354690_6.jpg feminina/1779414356763_7.jpg feminina/1779414358939_8.jpg feminina/1779414361274_9.jpg feminina/1779414363574_10.jpg feminina/1779414365349_11.jpg feminina/1779414367069_12.jpg feminina/1779414368847_13.jpg feminina/1779414370836_14.jpg feminina/1779414372370_15.jpg feminina/1779414374030_16.jpg feminina/1779414375441_17.jpg
5b1a4735-a3cc-49ef-86ad-b9d323cbb32d	Camisa Espanha Player Away 26/27	R$ 229,00	JOGADOR	Seleções (FIFA)	P,M,G,GG,2XG,3XG,4XG	+ R$ 60,00	JOGADOR,FEMININA,TORCEDOR	jogador/1779414301556_1.jpg jogador/1779414300025_0.jpg jogador/1779414303184_2.jpg jogador/1779414304824_3.jpg jogador/1779414306346_4.jpg jogador/1779414308277_5.jpg jogador/1779414309721_6.jpg jogador/1779414311304_7.jpg jogador/1779414312993_8.jpg jogador/1779414314542_9.jpg jogador/1779414316873_10.jpg jogador/1779414319133_11.jpg jogador/1779414321347_12.jpg jogador/1779414323328_13.jpg jogador/1779414325760_14.jpg jogador/1779414327603_15.jpg jogador/1779414329203_16.jpg jogador/1779414332088_18.jpg jogador/1779414334163_19.jpg jogador/1779414336206_20.jpg jogador/1779414337985_21.jpg jogador/1779414339930_22.jpg jogador/1779414341563_23.jpg jogador/1779414343619_24.jpg jogador/1779414345209_25.jpg
cf7ef442-f479-4a1d-ac3a-68ae725ee351	Camisa Estados Unidos Home Fan 26/27	R$ 189,00	TORCEDOR	Seleções (FIFA)	P,M,G,GG,2XG,3XG,4XG	+ R$ 60,00	TORCEDOR,JOGADOR	torcedor/1780357399679_13.jpg torcedor/1780357375060_0.jpg torcedor/1780357376643_1.jpg torcedor/1780357378478_2.jpg torcedor/1780357380644_3.jpg torcedor/1780357382398_4.jpg torcedor/1780357384026_5.jpg torcedor/1780357385890_6.jpg torcedor/1780357388113_7.jpg torcedor/1780357389887_8.jpg torcedor/1780357391660_9.jpg torcedor/1780357393885_10.jpg torcedor/1780357396098_11.jpg torcedor/1780357397864_12.jpg torcedor/1780357401959_14.jpg torcedor/1780357404190_15.jpg torcedor/1780357405917_16.jpg torcedor/1780357407822_17.jpg torcedor/1780357409285_18.jpg torcedor/1780357410948_19.jpg torcedor/1780357412573_20.jpg torcedor/1780357414715_21.jpg torcedor/1780357416234_22.jpg torcedor/1780357418262_23.jpg torcedor/1780357420219_24.jpg torcedor/1780357421678_25.jpg torcedor/1780357423366_26.jpg torcedor/1780357425705_27.jpg torcedor/1780357427282_28.jpg torcedor/1780357429347_29.jpg torcedor/1780357431915_30.jpg torcedor/1780357434410_31.jpg torcedor/1780357436568_32.jpg torcedor/1780357438566_33.jpg torcedor/1780357440446_34.jpg torcedor/1780357442609_35.jpg torcedor/1780357444477_36.jpg torcedor/1780357446155_37.jpg torcedor/1780357447931_38.jpg torcedor/1780357449773_39.jpg torcedor/1780357451198_40.jpg torcedor/1780357453086_41.jpg torcedor/1780357454565_42.jpg torcedor/1780357456864_43.jpg torcedor/1780357458918_44.jpg torcedor/1780357460695_45.jpg torcedor/1780357463726_46.jpg torcedor/1780357465632_47.jpg torcedor/1780357467203_48.jpg
26fcc11c-9de1-41a2-9715-3ae83d9ad4b8	Camisa Estados Unidos Away Fan 26/27	R$ 189,00	TORCEDOR	Seleções (FIFA)	P,M,G,GG,2XG,3XG,4XG	+ R$ 60,00	TORCEDOR,JOGADOR	torcedor/1780357305541_16.jpg torcedor/1780357264549_0.jpg torcedor/1780357267519_1.jpg torcedor/1780357270033_2.jpg torcedor/1780357272386_3.jpg torcedor/1780357274893_4.jpg torcedor/1780357277101_5.jpg torcedor/1780357279028_6.jpg torcedor/1780357281506_7.jpg torcedor/1780357283826_8.jpg torcedor/1780357286259_9.jpg torcedor/1780357288562_10.jpg torcedor/1780357292019_11.jpg torcedor/1780357293901_12.jpg torcedor/1780357296695_13.jpg torcedor/1780357299624_14.jpg torcedor/1780357302687_15.jpg torcedor/1780357308390_17.jpg torcedor/1780357310622_18.jpg torcedor/1780357313221_19.jpg torcedor/1780357316155_20.jpg
29b386c1-1a09-4266-8ac3-5c0e2a31ea21	Camisa Estados Unidos Home Player 26/27	R$ 229,00	JOGADOR	Seleções (FIFA)	P,M,G,GG,2XG,3XG,4XG	+ R$ 60,00	JOGADOR,TORCEDOR	jogador/1780357458378_14.jpg jogador/1780357424251_0.jpg jogador/1780357426703_1.jpg jogador/1780357429623_2.jpg jogador/1780357431803_3.jpg jogador/1780357434552_4.jpg jogador/1780357437202_5.jpg jogador/1780357439504_6.jpg jogador/1780357441032_7.jpg jogador/1780357444311_8.jpg jogador/1780357446429_9.jpg jogador/1780357448196_10.jpg jogador/1780357450372_11.jpg jogador/1780357453113_12.jpg jogador/1780357455557_13.jpg jogador/1780357460789_15.jpg jogador/1780357463176_16.jpg jogador/1780357465733_17.jpg jogador/1780357468238_18.jpg jogador/1780357471064_19.jpg jogador/1780357473291_20.jpg jogador/1780357476584_21.jpg jogador/1780357479111_22.jpg jogador/1780357481997_23.jpg jogador/1780357484910_24.jpg jogador/1780357487286_25.jpg jogador/1780357489711_26.jpg jogador/1780357492669_27.jpg jogador/1780357494882_28.jpg jogador/1780357496888_29.jpg jogador/1780357499972_30.jpg jogador/1780357502051_31.jpg jogador/1780357504130_32.jpg jogador/1780357506309_33.jpg jogador/1780357508761_34.jpg jogador/1780357511586_35.jpg jogador/1780357514477_36.jpg jogador/1780357516621_37.jpg jogador/1780357518192_38.jpg jogador/1780357520853_39.jpg jogador/1780357523303_40.jpg jogador/1780357524698_41.jpg jogador/1780357526330_42.jpg jogador/1780357528110_43.jpg jogador/1780357530179_44.jpg jogador/1780357531979_45.jpg jogador/1780357533943_46.jpg
d7d7dff5-16b5-484e-b491-beb0a246d3eb	Camisa Estados Unidos Away Player 26/27	R$ 229,00	JOGADOR	Seleções (FIFA)	P,M,G,GG,2XG,3XG,4XG	+ R$ 60,00	JOGADOR,TORCEDOR	jogador/1780357330112_9.jpg jogador/1780357315287_0.jpg jogador/1780357317020_1.jpg jogador/1780357318677_2.jpg jogador/1780357320464_3.jpg jogador/1780357322144_4.jpg jogador/1780357323527_5.jpg jogador/1780357325103_6.jpg jogador/1780357326741_7.jpg jogador/1780357328615_8.jpg jogador/1780357331634_10.jpg jogador/1780357333469_11.jpg jogador/1780357335080_12.jpg jogador/1780357336479_13.jpg jogador/1780357337820_14.jpg jogador/1780357339426_15.jpg jogador/1780357340974_16.jpg jogador/1780357342421_17.jpg jogador/1780357343883_18.jpg jogador/1780357347220_19.jpg
2e5b9deb-6242-4412-bf1e-9a6831220207	Camisa França Home Fan 26/27	R$ 189,00	TORCEDOR	Seleções (FIFA)	P,M,G,GG,2XG,3XG,4XG	+ R$ 60,00	TORCEDOR,JOGADOR	torcedor/1780355858131_11.jpg torcedor/1780355837433_0.jpg torcedor/1780355838973_1.jpg torcedor/1780355841348_2.jpg torcedor/1780355843180_3.jpg torcedor/1780355844946_4.jpg torcedor/1780355846895_5.jpg torcedor/1780355848435_6.jpg torcedor/1780355850394_7.jpg torcedor/1780355851855_8.jpg torcedor/1780355853932_9.jpg torcedor/1780355855920_10.jpg torcedor/1780355860006_12.jpg torcedor/1780355862005_13.jpg torcedor/1780355864018_14.jpg torcedor/1780355866990_15.jpg torcedor/1780355869163_16.jpg torcedor/1780355871902_17.jpg torcedor/1780355873540_18.jpg
a1a52c31-e378-4a7b-acde-8898131f2cc3	Camisa França Away Fan 25/26	R$ 189,00	TORCEDOR	Seleções (FIFA)	P,M,G,GG,2XG,3XG,4XG	+ R$ 60,00	TORCEDOR,JOGADOR,FEMININA	torcedor/1780355731625_6.jpg torcedor/1780355720442_0.jpg torcedor/1780355722413_1.jpg torcedor/1780355724356_2.jpg torcedor/1780355726424_3.jpg torcedor/1780355728065_4.jpg torcedor/1780355729823_5.jpg torcedor/1780355733100_7.jpg torcedor/1780355734568_8.jpg torcedor/1780355735991_9.jpg torcedor/1780355737845_10.jpg torcedor/1780355739174_11.jpg torcedor/1780355740976_12.jpg torcedor/1780355742919_13.jpg torcedor/1780355744472_14.jpg torcedor/1780355746118_15.jpg torcedor/1780355747641_16.jpg torcedor/1780355750437_17.jpg torcedor/1780355752044_18.jpg torcedor/1780355753254_19.jpg torcedor/1780355755058_20.jpg
b4b671dd-d1d4-4c75-a8dd-b2eac401d937	Camisa França Home Player 26/27	R$ 229,00	JOGADOR	Seleções (FIFA)	P,M,G,GG,2XG,3XG,4XG	+ R$ 60,00	JOGADOR,TORCEDOR	jogador/1780355916714_19.jpg jogador/1780355883781_0.jpg jogador/1780355885578_1.jpg jogador/1780355887370_2.jpg jogador/1780355889527_3.jpg jogador/1780355891873_4.jpg jogador/1780355893723_5.jpg jogador/1780355895307_6.jpg jogador/1780355896602_7.jpg jogador/1780355898213_8.jpg jogador/1780355899683_9.jpg jogador/1780355901435_10.jpg jogador/1780355903247_11.jpg jogador/1780355905173_12.jpg jogador/1780355906971_13.jpg jogador/1780355908672_14.jpg jogador/1780355910476_15.jpg jogador/1780355912033_16.jpg jogador/1780355913462_17.jpg jogador/1780355915271_18.jpg jogador/1780355918695_20.jpg jogador/1780355920108_21.jpg jogador/1780355921997_22.jpg jogador/1780355924049_23.jpg jogador/1780355925512_24.jpg
5e6decd5-14dd-468b-853a-632b5423ad3a	Camisa França Away Feminina 26/27	R$ 179,00	FEMININO	Seleções (FIFA)	P,M,G,GG	+ R$ 60,00	FEMININA,JOGADOR,TORCEDOR	feminina/1780355819580_17.jpg feminina/1780355791616_0.jpg feminina/1780355793127_1.jpg feminina/1780355794596_2.jpg feminina/1780355796408_3.jpg feminina/1780355798011_4.jpg feminina/1780355799437_5.jpg feminina/1780355800928_6.jpg feminina/1780355802853_7.jpg feminina/1780355804499_8.jpg feminina/1780355805988_9.jpg feminina/1780355807598_10.jpg feminina/1780355809137_11.jpg feminina/1780355811162_12.jpg feminina/1780355812802_13.jpg feminina/1780355814384_14.jpg feminina/1780355815909_15.jpg feminina/1780355817913_16.jpg feminina/1780355821597_18.jpg feminina/1780355823288_19.jpg
5e41b6ef-8124-48f3-8409-f7c1bac5b4e0	Camisa França Away Player 26/27	R$ 229,00	JOGADOR	Seleções (FIFA)	P,M,G,GG,2XG,3XG,4XG	+ R$ 60,00	JOGADOR,FEMININA,TORCEDOR	jogador/1780355691336_7.jpg jogador/1780355674875_0.jpg jogador/1780355676946_1.jpg jogador/1780355679119_2.jpg jogador/1780355681469_3.jpg jogador/1780355683495_4.jpg jogador/1780355685542_5.jpg jogador/1780355689100_6.jpg jogador/1780355693439_8.jpg jogador/1780355695192_9.jpg jogador/1780355697201_10.jpg jogador/1780355699043_11.jpg jogador/1780355700875_12.jpg jogador/1780355702637_13.jpg jogador/1780355704765_14.jpg jogador/1780355706728_15.jpg jogador/1780355708728_16.jpg jogador/1780355710258_17.jpg jogador/1780355712423_18.jpg jogador/1780355715348_19.jpg jogador/1780355717178_20.jpg jogador/1780355719023_21.jpg
61f64199-1a28-4bcd-928e-85c3dc57398f	Camisa Haiti Home Fan 26/27	R$ 189,00	TORCEDOR	Seleções (FIFA)	P,M,G,GG,2XG,3XG,4XG	+ R$ 60,00	TORCEDOR	torcedor/1780355498561_0.jpg torcedor/1780355500408_1.jpg torcedor/1780355502085_2.jpg torcedor/1780355503411_3.jpg torcedor/1780355505273_4.jpg torcedor/1780355506907_5.jpg torcedor/1780355508462_6.jpg torcedor/1780355509993_7.jpg torcedor/1780355511582_8.jpg torcedor/1780355513220_9.jpg torcedor/1780355514731_10.jpg torcedor/1780355516461_11.jpg torcedor/1780355517987_12.jpg torcedor/1780355520021_13.jpg torcedor/1780355521911_14.jpg torcedor/1780355523439_15.jpg torcedor/1780355525750_16.jpg torcedor/1780355527825_17.jpg torcedor/1780355529776_18.jpg torcedor/1780355531572_19.jpg torcedor/1780355534125_20.jpg torcedor/1780355535659_21.jpg torcedor/1780355538357_22.jpg
52f952e4-bc05-4813-811d-477a909cb642	Camisa Haiti Away Fan 26/27	R$ 189,00	TORCEDOR	Seleções (FIFA)	P,M,G,GG,2XG,3XG,4XG	+ R$ 60,00	TORCEDOR	torcedor/1780355467771_5.jpg torcedor/1780355459948_0.jpg torcedor/1780355461758_1.jpg torcedor/1780355463207_2.jpg torcedor/1780355464754_3.jpg torcedor/1780355466328_4.jpg torcedor/1780355469895_6.jpg torcedor/1780355471383_7.jpg torcedor/1780355473152_8.jpg torcedor/1780355474882_9.jpg torcedor/1780355476287_10.jpg torcedor/1780355477790_11.jpg torcedor/1780355479549_12.jpg torcedor/1780355480873_13.jpg torcedor/1780355482699_14.jpg torcedor/1780355484432_15.jpg torcedor/1780355485788_16.jpg torcedor/1780355487223_17.jpg torcedor/1780355488858_18.jpg torcedor/1780355490534_19.jpg torcedor/1780355492276_20.jpg torcedor/1780355493705_21.jpg torcedor/1780355495215_22.jpg torcedor/1780355496950_23.jpg torcedor/1780355498387_24.jpg
0781f674-96a7-4a80-ae2f-799e179ec798	Camisa Inglaterra Fan Home 26/27	R$ 189,00	TORCEDOR	Seleções (FIFA)	P,M,G,GG,2XG,3XG,4XG	+ R$ 60,00	TORCEDOR,JOGADOR,FEMININA	torcedor/1779412658631_12.jpg torcedor/1779412636066_0.jpg torcedor/1779412638209_1.jpg torcedor/1779412639954_2.jpg torcedor/1779412642231_3.jpg torcedor/1779412644150_4.jpg torcedor/1779412646142_5.jpg torcedor/1779412647882_6.jpg torcedor/1779412649724_7.jpg torcedor/1779412651770_8.jpg torcedor/1779412653718_9.jpg torcedor/1779412655422_10.jpg torcedor/1779412657002_11.jpg torcedor/1779412660616_13.jpg torcedor/1779412661954_14.jpg torcedor/1779412663536_15.jpg torcedor/1779412665503_16.jpg torcedor/1779412667247_17.jpg torcedor/1779412669047_18.jpg torcedor/1779412670568_19.jpg torcedor/1779412672028_20.jpg torcedor/1779412673635_21.jpg torcedor/1779412675136_22.jpg
ff3fb436-2e92-4b35-8121-f07ca9700b1d	Camisa Inglaterra Fan Away 26/27	R$ 189,00	TORCEDOR	Seleções (FIFA)	P,M,G,GG,2XG,3XG,4XG	+ R$ 60,00	TORCEDOR,JOGADOR,FEMININA	torcedor/1779407543938_13.jpg torcedor/1779407520988_0.jpg torcedor/1779407522929_1.jpg torcedor/1779407524597_2.jpg torcedor/1779407526288_3.jpg torcedor/1779407527924_4.jpg torcedor/1779407529653_5.jpg torcedor/1779407531356_6.jpg torcedor/1779407533564_7.jpg torcedor/1779407535396_8.jpg torcedor/1779407537162_9.jpg torcedor/1779407538895_10.jpg torcedor/1779407540471_11.jpg torcedor/1779407542077_12.jpg torcedor/1779407545665_14.jpg torcedor/1779407547166_15.jpg torcedor/1779407549111_16.jpg torcedor/1779407550685_17.jpg torcedor/1779407552372_18.jpg torcedor/1779407554470_19.jpg torcedor/1779407556429_20.jpg
7f9814f2-db99-4f00-9635-a20414e8964e	Camisa Inglaterra Feminina Home 26/27	R$ 179,00	FEMININO	Seleções (FIFA)	P,M,G,GG	+ R$ 60,00	FEMININA,TORCEDOR,JOGADOR	feminina/1779413495809_13.jpg feminina/1779413473754_0.jpg feminina/1779413475221_1.jpg feminina/1779413477314_2.jpg feminina/1779413479107_3.jpg feminina/1779413480699_4.jpg feminina/1779413482225_5.jpg feminina/1779413484113_6.jpg feminina/1779413485645_7.jpg feminina/1779413487312_8.jpg feminina/1779413488969_9.jpg feminina/1779413490545_10.jpg feminina/1779413491999_11.jpg feminina/1779413493530_12.jpg feminina/1779413497298_14.jpg feminina/1779413499068_15.jpg feminina/1779413500534_16.jpg feminina/1779413502119_17.jpg feminina/1779413503769_18.jpg feminina/1779413505189_19.jpg feminina/1779413507065_20.jpg
6543a8a6-363f-4421-85a4-17549b3accfa	Camisa Inglaterra Player Home 26/27	R$ 229,00	JOGADOR	Seleções (FIFA)	P,M,G,GG,2XG,3XG,4XG	+ R$ 60,00	JOGADOR,TORCEDOR,FEMININA	jogador/1779412914378_15.jpg jogador/1779412886705_0.jpg jogador/1779412888396_1.jpg jogador/1779412890415_2.jpg jogador/1779412892033_3.jpg jogador/1779412894443_4.jpg jogador/1779412896004_5.jpg jogador/1779412897907_6.jpg jogador/1779412899863_7.jpg jogador/1779412902344_8.jpg jogador/1779412904053_9.jpg jogador/1779412905639_10.jpg jogador/1779412907387_11.jpg jogador/1779412909125_12.jpg jogador/1779412910850_13.jpg jogador/1779412912420_14.jpg jogador/1779412916106_16.jpg jogador/1779412917749_17.jpg jogador/1779412919410_18.jpg jogador/1779412920973_19.jpg jogador/1779412922854_20.jpg jogador/1779412924480_21.jpg jogador/1779412926291_22.jpg jogador/1779412928287_23.jpg
c360d7d3-9259-4cfa-bf14-e9ac064469d7	Camisa Inglaterra Feminina Away 26/27	R$ 179,00	FEMININO	Seleções (FIFA)	P,M,G,GG	+ R$ 60,00	FEMININA,JOGADOR,TORCEDOR	feminina/1779412336759_19.jpg feminina/1779412300057_0.jpg feminina/1779412302749_1.jpg feminina/1779412304754_2.jpg feminina/1779412306810_3.jpg feminina/1779412308505_4.jpg feminina/1779412310525_5.jpg feminina/1779412312303_6.jpg feminina/1779412314215_7.jpg feminina/1779412316464_8.jpg feminina/1779412318368_9.jpg feminina/1779412319899_10.jpg feminina/1779412321635_11.jpg feminina/1779412323810_12.jpg feminina/1779412325311_13.jpg feminina/1779412327387_14.jpg feminina/1779412329104_15.jpg feminina/1779412330743_16.jpg feminina/1779412332660_17.jpg feminina/1779412334547_18.jpg feminina/1779412338336_20.jpg feminina/1779412339924_21.jpg
6b783ee6-ec0a-48a2-a151-4da24289d9a4	Camisa Inglaterra Player Away 26/27	R$ 229,00	JOGADOR	Seleções (FIFA)	P,M,G,GG,2XG,3XG,4XG	+ R$ 60,00	JOGADOR,FEMININA,TORCEDOR	jogador/1779411782870_8.jpg jogador/1779411769339_0.jpg jogador/1779411770992_1.jpg jogador/1779411773437_2.jpg jogador/1779411774967_3.jpg jogador/1779411776370_4.jpg jogador/1779411777932_5.jpg jogador/1779411779444_6.jpg jogador/1779411781171_7.jpg jogador/1779411784928_9.jpg jogador/1779411786669_10.jpg jogador/1779411788502_11.jpg jogador/1779411789835_12.jpg jogador/1779411794646_13.jpg jogador/1779411796472_14.jpg jogador/1779411798459_15.jpg jogador/1779411800166_16.jpg jogador/1779411801931_17.jpg jogador/1779411803819_18.jpg jogador/1779411805598_19.jpg jogador/1779411807185_20.jpg jogador/1779411809032_21.jpg
70bad4d9-8343-4f65-a49f-38694357fbb2	Camisa Japão GK 26/27	R$ 189,00	TORCEDOR	Seleções (FIFA)	P,M,G,GG,2XG,3XG,4XG	+ R$ 60,00	TORCEDOR	torcedor/1783176752088_3.jpg torcedor/1783176752087_0.jpg torcedor/1783176752088_1.jpg torcedor/1783176752088_2.jpg torcedor/1783176752089_4.jpg torcedor/1783176755631_5.jpg torcedor/1783176755632_6.jpg torcedor/1783176755632_7.jpg torcedor/1783176755632_8.jpg torcedor/1783176755633_9.jpg torcedor/1783176759202_10.jpg torcedor/1783176759203_11.jpg torcedor/1783176759203_12.jpg torcedor/1783176759203_13.jpg torcedor/1783176759204_14.jpg torcedor/1783176763046_15.jpg torcedor/1783176763047_16.jpg torcedor/1783176763047_17.jpg torcedor/1783176763047_18.jpg torcedor/1783176763048_19.jpg torcedor/1783176766704_21.jpg torcedor/1783176766704_22.jpg
4ca47963-9b04-45c2-bb82-ffb1e12601d8	Camisa Japão Away Fan 26/27	R$ 189,00	TORCEDOR	Seleções (FIFA)	P,M,G,GG,2XG,3XG,4XG	+ R$ 60,00	TORCEDOR,KIT_INFANTIL,JOGADOR	torcedor/1780434422881_6.jpg torcedor/1780434412155_0.jpg torcedor/1780434414193_1.jpg torcedor/1780434415851_2.jpg torcedor/1780434418038_3.jpg torcedor/1780434419610_4.jpg torcedor/1780434421571_5.jpg torcedor/1780434424429_7.jpg torcedor/1780434430167_8.jpg torcedor/1780434431717_9.jpg torcedor/1780434433145_10.jpg torcedor/1780434434863_11.jpg torcedor/1780434436459_12.jpg torcedor/1780434437947_13.jpg torcedor/1780434439717_14.jpg torcedor/1780434441245_15.jpg torcedor/1780434443199_16.jpg torcedor/1780434444691_17.jpg torcedor/1780434446925_18.jpg torcedor/1780434448895_19.jpg
59fec5b0-7381-4ce7-bee9-567ce84e750b	Camisa Japão Away Kids 26/27	R$ 199,00	KIDS	Seleções (FIFA)	14,16,18	+ R$ 60,00	KIT_INFANTIL,TORCEDOR,JOGADOR	kit_infantil/1783176726768_18.jpg kit_infantil/1783176716575_0.jpg kit_infantil/1783176716576_1.jpg kit_infantil/1783176716577_2.jpg kit_infantil/1783176716577_3.jpg kit_infantil/1783176716577_4.jpg kit_infantil/1783176719934_5.jpg kit_infantil/1783176719934_6.jpg kit_infantil/1783176719935_7.jpg kit_infantil/1783176719935_8.jpg kit_infantil/1783176719935_9.jpg kit_infantil/1783176723328_10.jpg kit_infantil/1783176723328_11.jpg kit_infantil/1783176723329_12.jpg kit_infantil/1783176723329_13.jpg kit_infantil/1783176723329_14.jpg kit_infantil/1783176726766_15.jpg kit_infantil/1783176726767_16.jpg kit_infantil/1783176726767_17.jpg kit_infantil/1783176726768_19.jpg kit_infantil/1783176730043_20.jpg kit_infantil/1783176730044_21.jpg kit_infantil/1783176730044_22.jpg kit_infantil/1783176730044_23.jpg
9797d2e0-c5bd-4f67-9173-742c472eae7d	Camisa Japão Away Player 26/27	R$ 229,00	JOGADOR	Seleções (FIFA)	P,M,G,GG,2XG,3XG,4XG	+ R$ 60,00	JOGADOR,TORCEDOR,KIT_INFANTIL	jogador/1780434478147_0.jpg jogador/1780434480085_1.jpg jogador/1780434482128_2.jpg jogador/1780434484435_3.jpg jogador/1780434486005_4.jpg jogador/1780434488020_5.jpg jogador/1780434490256_6.jpg jogador/1780434492664_7.jpg jogador/1780434494617_8.jpg jogador/1780434496264_9.jpg jogador/1780434499186_10.jpg jogador/1780434500726_11.jpg jogador/1780434503371_12.jpg jogador/1780434505134_13.jpg jogador/1780434506682_14.jpg jogador/1780434508583_15.jpg jogador/1780434510139_16.jpg jogador/1780434511668_17.jpg jogador/1780434513738_18.jpg jogador/1780434516331_19.jpg jogador/1780434518338_20.jpg jogador/1780434520691_21.jpg jogador/1780434522586_22.jpg
aa00cba3-0280-43d4-a107-fdf6307b2bc6	Camisa Marrocos Home Fan 26/27	R$ 189,00	TORCEDOR	Seleções (FIFA)	P,M,G,GG,2XG,3XG,4XG	+ R$ 60,00	TORCEDOR,JOGADOR	torcedor/1780433732468_10.jpg torcedor/1780433708753_0.jpg torcedor/1780433712010_1.jpg torcedor/1780433714869_2.jpg torcedor/1780433716955_3.jpg torcedor/1780433718708_4.jpg torcedor/1780433720762_5.jpg torcedor/1780433722564_6.jpg torcedor/1780433724805_7.jpg torcedor/1780433727230_8.jpg torcedor/1780433730734_9.jpg torcedor/1780433733989_11.jpg torcedor/1780433736071_12.jpg torcedor/1780433738282_13.jpg torcedor/1780433740006_14.jpg torcedor/1780433743474_15.jpg torcedor/1780433746098_16.jpg torcedor/1780433748502_17.jpg torcedor/1780433750033_18.jpg torcedor/1780433752247_19.jpg torcedor/1780433754271_20.jpg torcedor/1780433755960_21.jpg torcedor/1780433757957_22.jpg torcedor/1780433760634_23.jpg torcedor/1780433762738_24.jpg
a7cf2797-a1a9-4f58-97f9-7f14d6d015a2	Camisa Marrocos Away Fan 26/27	R$ 189,00	TORCEDOR	Seleções (FIFA)	P,M,G,GG,2XG,3XG,4XG	+ R$ 60,00	TORCEDOR,JOGADOR	torcedor/1780433611852_6.jpg torcedor/1780433601203_0.jpg torcedor/1780433602793_1.jpg torcedor/1780433604982_2.jpg torcedor/1780433606727_3.jpg torcedor/1780433608490_4.jpg torcedor/1780433610321_5.jpg torcedor/1780433613705_7.jpg torcedor/1780433616163_8.jpg torcedor/1780433617925_9.jpg torcedor/1780433619776_10.jpg torcedor/1780433621639_11.jpg torcedor/1780433623275_12.jpg torcedor/1780433625201_13.jpg torcedor/1780433627097_14.jpg torcedor/1780433628810_15.jpg torcedor/1780433630585_16.jpg torcedor/1780433632407_17.jpg torcedor/1780433634182_18.jpg torcedor/1780433635838_19.jpg torcedor/1780433637815_20.jpg torcedor/1780433639700_21.jpg
a8813d36-c7f9-4463-93eb-e601167b9980	Camisa Marrocos Home Player 26/27	R$ 229,00	JOGADOR	Seleções (FIFA)	P,M,G,GG,2XG,3XG,4XG	+ R$ 60,00	JOGADOR,TORCEDOR	jogador/1780433779680_15.jpg jogador/1780433752775_0.jpg jogador/1780433754802_1.jpg jogador/1780433756731_2.jpg jogador/1780433758771_3.jpg jogador/1780433760742_4.jpg jogador/1780433762550_5.jpg jogador/1780433764557_6.jpg jogador/1780433765899_7.jpg jogador/1780433767381_8.jpg jogador/1780433769378_9.jpg jogador/1780433771215_10.jpg jogador/1780433773149_11.jpg jogador/1780433774613_12.jpg jogador/1780433776558_13.jpg jogador/1780433777974_14.jpg jogador/1780433781777_16.jpg jogador/1780433783159_17.jpg jogador/1780433784782_18.jpg
9a4f113c-f6ab-4ffe-a2a4-ee4b666517de	Camisa Marrocos Away Player 26/27	R$ 229,00	JOGADOR	Seleções (FIFA)	P,M,G,GG,2XG,3XG,4XG	+ R$ 60,00	JOGADOR,TORCEDOR	jogador/1780433658727_3.jpg jogador/1780433653720_0.jpg jogador/1780433655481_1.jpg jogador/1780433657307_2.jpg jogador/1780433661206_4.jpg jogador/1780433662589_5.jpg jogador/1780433664425_6.jpg jogador/1780433665952_7.jpg jogador/1780433667853_8.jpg jogador/1780433669690_9.jpg jogador/1780433671615_10.jpg jogador/1780433673445_11.jpg jogador/1780433675130_12.jpg jogador/1780433677092_13.jpg jogador/1780433678667_14.jpg jogador/1780433680173_15.jpg jogador/1780433681928_16.jpg jogador/1780433684064_17.jpg
0f8aa630-4b02-4fe6-a9a5-1c25895a65d5	México Away 2027	R$ 189,00	TORCEDOR		P,M,G,GG,2XG,3XG,4XG	+ R$ 60,00	TORCEDOR,JOGADOR	torcedor/1789488946994_0.jpg torcedor/1789488946995_1.jpg
50d6209a-3cc1-4195-bc87-c4af156f7b6d	Camisa México Home Fan 26/27	R$ 189,00	TORCEDOR	Seleções (FIFA)	P,M,G,GG,2XG,3XG,4XG	+ R$ 60,00	TORCEDOR,FEMININA,JOGADOR	torcedor/1780356988788_13.jpg torcedor/1780356964452_0.jpg torcedor/1780356966529_1.jpg torcedor/1780356968589_2.jpg torcedor/1780356970793_3.jpg torcedor/1780356972435_4.jpg torcedor/1780356974200_5.jpg torcedor/1780356975940_6.jpg torcedor/1780356977793_7.jpg torcedor/1780356979478_8.jpg torcedor/1780356981261_9.jpg torcedor/1780356982989_10.jpg torcedor/1780356984702_11.jpg torcedor/1780356986504_12.jpg torcedor/1780356990416_14.jpg torcedor/1780356992108_15.jpg torcedor/1780356993875_16.jpg torcedor/1780356995563_17.jpg torcedor/1780356997870_18.jpg torcedor/1780356999827_19.jpg torcedor/1780357001520_20.jpg torcedor/1780357003037_21.jpg torcedor/1780357004738_22.jpg
f99d07fa-4b47-48df-834e-23685ac99cb9	Camisa México Away Fan 26/27	R$ 189,00	TORCEDOR	Seleções (FIFA)	P,M,G,GG,2XG,3XG,4XG	+ R$ 60,00	TORCEDOR	feminina/1780356857805_14.jpg feminina/1780356834042_0.jpg feminina/1780356835714_1.jpg feminina/1780356837462_2.jpg feminina/1780356839520_3.jpg feminina/1780356841165_4.jpg feminina/1780356842693_5.jpg feminina/1780356844395_6.jpg feminina/1780356846029_7.jpg feminina/1780356847697_8.jpg feminina/1780356849689_9.jpg feminina/1780356851384_10.jpg feminina/1780356853035_11.jpg feminina/1780356854671_12.jpg feminina/1780356856135_13.jpg feminina/1780356859434_15.jpg feminina/1780356861638_16.jpg feminina/1780356863290_17.jpg feminina/1780356864782_18.jpg feminina/1780356866316_19.jpg feminina/1780356868363_20.jpg feminina/1780356869815_21.jpg
f4013d2e-7971-496e-a7ca-f1a41018327a	Camisa México Home Player 26/27	R$ 229,00	JOGADOR	Seleções (FIFA)	P,M,G,GG,2XG,3XG,4XG	+ R$ 60,00	JOGADOR,FEMININA,TORCEDOR	jogador/1780357171936_2.jpg jogador/1780357168194_0.jpg jogador/1780357169880_1.jpg jogador/1780357174030_3.jpg jogador/1780357176668_4.jpg jogador/1780357178440_5.jpg jogador/1780357180776_6.jpg jogador/1780357183198_7.jpg jogador/1780357185947_8.jpg jogador/1780357188365_9.jpg jogador/1780357191211_10.jpg jogador/1780357193055_11.jpg jogador/1780357195330_12.jpg jogador/1780357197131_13.jpg jogador/1780357199058_14.jpg jogador/1780357200900_15.jpg jogador/1780357203541_16.jpg jogador/1780357205531_17.jpg jogador/1780357207430_18.jpg jogador/1780357209422_19.jpg jogador/1780357210899_20.jpg jogador/1780357212820_21.jpg jogador/1780357214545_22.jpg jogador/1780357216725_23.jpg jogador/1780357218874_24.jpg jogador/1780357220688_25.jpg
f4a578a7-aa0d-4a4a-b91f-f1c8ae976fc8	Camisa México Away Player 26/27	R$ 229,00	JOGADOR	Seleções (FIFA)	P,M,G,GG,2XG,3XG,4XG	+ R$ 60,00	JOGADOR,TORCEDOR	jogador/1780356905545_2.jpg jogador/1780356902165_0.jpg jogador/1780356903740_1.jpg jogador/1780356907646_3.jpg jogador/1780356909313_4.jpg jogador/1780356911714_5.jpg jogador/1780356913546_6.jpg jogador/1780356915297_7.jpg jogador/1780356917111_8.jpg jogador/1780356918705_9.jpg jogador/1780356920476_10.jpg jogador/1780356921994_11.jpg jogador/1780356923492_12.jpg jogador/1780356925890_13.jpg jogador/1780356927472_14.jpg jogador/1780356929240_15.jpg jogador/1780356930831_16.jpg jogador/1780356932642_17.jpg jogador/1780356935248_18.jpg jogador/1780356937027_19.jpg jogador/1780356938965_20.jpg jogador/1780356941178_21.jpg jogador/1780356942781_22.jpg jogador/1780356944431_23.jpg jogador/1780356946491_24.jpg jogador/1780356949312_25.jpg jogador/1780356951852_26.jpg jogador/1780356953570_27.jpg jogador/1780356955547_28.jpg jogador/1780356957264_29.jpg jogador/1780356959069_30.jpg jogador/1780356960707_31.jpg jogador/1780356962727_32.jpg jogador/1780356964556_33.jpg jogador/1780356966261_34.jpg jogador/1780356968541_35.jpg jogador/1780356970975_36.jpg jogador/1780356973236_37.jpg jogador/1780356974730_38.jpg jogador/1780356977770_39.jpg jogador/1780356980256_40.jpg jogador/1780356983066_41.jpg jogador/1780356985083_42.jpg jogador/1780356986991_43.jpg
289baddb-a7f6-4839-8e9d-cccff9deb7d4	Camisa México Home Feminina 26/27	R$ 179,00	FEMININO	Seleções (FIFA)	P,M,G,GG	+ R$ 60,00	FEMININA,TORCEDOR,JOGADOR	feminina/1780356807258_9.jpg feminina/1780356788837_0.jpg feminina/1780356791377_1.jpg feminina/1780356792901_2.jpg feminina/1780356794622_3.jpg feminina/1780356796433_4.jpg feminina/1780356798632_5.jpg feminina/1780356801130_6.jpg feminina/1780356802885_7.jpg feminina/1780356805690_8.jpg feminina/1780356808863_10.jpg feminina/1780356811857_11.jpg feminina/1780356814348_12.jpg feminina/1780356816096_13.jpg feminina/1780356817608_14.jpg feminina/1780356819209_15.jpg feminina/1780356820862_16.jpg feminina/1780356822506_17.jpg feminina/1780356824450_18.jpg feminina/1780356826094_19.jpg
6bb5bbde-f0e0-4972-885b-834cd03abb16	Camisa Noruega Home Fan 26/27	R$ 189,00	TORCEDOR	Seleções (FIFA)	P,M,G,GG,2XG,3XG,4XG	+ R$ 60,00	TORCEDOR,JOGADOR	torcedor/1780433351005_17.jpg torcedor/1780433315203_0.jpg torcedor/1780433317247_1.jpg torcedor/1780433321221_2.jpg torcedor/1780433323410_3.jpg torcedor/1780433325856_4.jpg torcedor/1780433327914_5.jpg torcedor/1780433329642_6.jpg torcedor/1780433331595_7.jpg torcedor/1780433332935_8.jpg torcedor/1780433334459_9.jpg torcedor/1780433337437_10.jpg torcedor/1780433339322_11.jpg torcedor/1780433341246_12.jpg torcedor/1780433343184_13.jpg torcedor/1780433345127_14.jpg torcedor/1780433347090_15.jpg torcedor/1780433349094_16.jpg torcedor/1780433352693_18.jpg
2ce18920-45d4-4a63-a936-314ba935671e	Camisa Noruega Away Fan 26/27	R$ 189,00	TORCEDOR	Seleções (FIFA)	P,M,G,GG,2XG,3XG,4XG	+ R$ 60,00	TORCEDOR,JOGADOR	torcedor/1780433198570_0.jpg torcedor/1780433200157_1.jpg torcedor/1780433201928_2.jpg torcedor/1780433203532_3.jpg torcedor/1780433205496_4.jpg torcedor/1780433207642_5.jpg torcedor/1780433209325_6.jpg torcedor/1780433211394_7.jpg torcedor/1780433213010_8.jpg torcedor/1780433214678_9.jpg torcedor/1780433216211_10.jpg torcedor/1780433217676_11.jpg torcedor/1780433219098_12.jpg torcedor/1780433220804_13.jpg torcedor/1780433222483_14.jpg torcedor/1780433224075_15.jpg torcedor/1780433225718_16.jpg torcedor/1780433227369_17.jpg torcedor/1780433229476_18.jpg
4d46ec7f-95d0-408f-a161-4df28298f577	Camisa Noruega Home Player 26/27	R$ 229,00	JOGADOR	Seleções (FIFA)	P,M,G,GG,2XG,3XG,4XG	+ R$ 60,00	JOGADOR,TORCEDOR	jogador/1780433400754_14.jpg jogador/1780433377586_0.jpg jogador/1780433379121_1.jpg jogador/1780433380817_2.jpg jogador/1780433382433_3.jpg jogador/1780433383860_4.jpg jogador/1780433385811_5.jpg jogador/1780433387505_6.jpg jogador/1780433389115_7.jpg jogador/1780433390793_8.jpg jogador/1780433392220_9.jpg jogador/1780433394365_10.jpg jogador/1780433396086_11.jpg jogador/1780433397591_12.jpg jogador/1780433399024_13.jpg jogador/1780433403266_15.jpg jogador/1780433404796_16.jpg
ba670e85-40ac-42b8-b567-a1fdad45e742	Camisa Noruega Away Player 26/27	R$ 229,00	JOGADOR	Seleções (FIFA)	P,M,G,GG,2XG,3XG,4XG	+ R$ 60,00	JOGADOR,TORCEDOR	jogador/1780433279643_12.jpg jogador/1780433257477_0.jpg jogador/1780433259069_1.jpg jogador/1780433260975_2.jpg jogador/1780433262834_3.jpg jogador/1780433264191_4.jpg jogador/1780433265887_5.jpg jogador/1780433267751_6.jpg jogador/1780433270098_7.jpg jogador/1780433272421_8.jpg jogador/1780433273902_9.jpg jogador/1780433275914_10.jpg jogador/1780433277704_11.jpg jogador/1780433281354_13.jpg jogador/1780433283124_14.jpg jogador/1780433284749_15.jpg jogador/1780433286480_16.jpg jogador/1780433288742_17.jpg jogador/1780433290544_18.jpg
8055f1d8-fd9e-43f4-a1ce-8083faadcdb0	Camisa Portugal Fan Home 26/27	R$ 189,00	TORCEDOR	Seleções (FIFA)	P,M,G,GG,2XG,3XG,4XG	+ R$ 60,00	TORCEDOR,JOGADOR	torcedor/1779406406524_21.jpg torcedor/1779406368339_0.jpg torcedor/1779406370247_1.jpg torcedor/1779406371973_2.jpg torcedor/1779406373735_3.jpg torcedor/1779406375360_4.jpg torcedor/1779406377220_5.jpg torcedor/1779406379185_6.jpg torcedor/1779406380794_7.jpg torcedor/1779406382469_8.jpg torcedor/1779406384258_9.jpg torcedor/1779406386321_10.jpg torcedor/1779406388064_11.jpg torcedor/1779406390033_12.jpg torcedor/1779406391708_13.jpg torcedor/1779406393838_14.jpg torcedor/1779406395453_15.jpg torcedor/1779406397360_16.jpg torcedor/1779406399053_17.jpg torcedor/1779406400538_18.jpg torcedor/1779406403142_19.jpg torcedor/1779406404618_20.jpg
18229337-51f0-402f-b58e-86edf101c895	Camisa Portugal Fan Away 26/27	R$ 189,00	TORCEDOR	Seleções (FIFA)	P,M,G,GG,2XG,3XG,4XG	+ R$ 60,00	TORCEDOR,FEMININA	torcedor/1779405808099_25.jpg torcedor/1779405764954_0.jpg torcedor/1779405766630_1.jpg torcedor/1779405768356_2.jpg torcedor/1779405769941_3.jpg torcedor/1779405771434_4.jpg torcedor/1779405773176_5.jpg torcedor/1779405774947_6.jpg torcedor/1779405776396_7.jpg torcedor/1779405778391_8.jpg torcedor/1779405780031_9.jpg torcedor/1779405781455_10.jpg torcedor/1779405783709_11.jpg torcedor/1779405786195_12.jpg torcedor/1779405787791_13.jpg torcedor/1779405789344_14.jpg torcedor/1779405790997_15.jpg torcedor/1779405792666_16.jpg torcedor/1779405794391_17.jpg torcedor/1779405796188_18.jpg torcedor/1779405797973_19.jpg torcedor/1779405799869_20.jpg torcedor/1779405801626_21.jpg torcedor/1779405803273_22.jpg torcedor/1779405804725_23.jpg torcedor/1779405806487_24.jpg
91c6e7bf-5dda-41b7-bd1c-c632bd5475fd	Camisa Portugal Player Home 26/27	R$ 229,00	JOGADOR	Seleções (FIFA)	P,M,G,GG,2XG,3XG,4XG	+ R$ 60,00	JOGADOR,TORCEDOR	jogador/1779406525247_9.jpg jogador/1779406508109_0.jpg jogador/1779406509856_1.jpg jogador/1779406511619_2.jpg jogador/1779406513336_3.jpg jogador/1779406515417_4.jpg jogador/1779406517646_5.jpg jogador/1779406520086_6.jpg jogador/1779406521897_7.jpg jogador/1779406523547_8.jpg jogador/1779406526844_10.jpg jogador/1779406528754_11.jpg jogador/1779406530443_12.jpg jogador/1779406532212_13.jpg jogador/1779406534390_14.jpg jogador/1779406535958_15.jpg jogador/1779406537846_16.jpg jogador/1779406539711_17.jpg jogador/1779406541653_18.jpg jogador/1779406543251_19.jpg jogador/1779406544999_20.jpg jogador/1779406546583_21.jpg jogador/1779406548868_22.jpg jogador/1779406550580_23.jpg jogador/1779406552374_24.jpg jogador/1779406554496_25.jpg
e3fb4bd0-aaa8-4967-a684-f2894780459a	Camisa Portugal Feminina Away 26/27	R$ 179,00	FEMININO	Seleções (FIFA)	P,M,G,GG	+ R$ 60,00	FEMININA,TORCEDOR	feminina/1779406002286_15.jpg feminina/1779405976830_0.jpg feminina/1779405978515_1.jpg feminina/1779405980079_2.jpg feminina/1779405981646_3.jpg feminina/1779405983404_4.jpg feminina/1779405985062_5.jpg feminina/1779405986804_6.jpg feminina/1779405988516_7.jpg feminina/1779405990369_8.jpg feminina/1779405991972_9.jpg feminina/1779405993681_10.jpg feminina/1779405995177_11.jpg feminina/1779405997347_12.jpg feminina/1779405998941_13.jpg feminina/1779406000626_14.jpg feminina/1779406003869_16.jpg feminina/1779406005619_17.jpg feminina/1779406007206_18.jpg feminina/1779406008884_19.jpg feminina/1779406010509_20.jpg feminina/1779406012672_21.jpg feminina/1779406014392_22.jpg
1ea5fb6c-9bfb-4700-bd2c-77ba359233cf	2026 Portugal Away 2026	R$ 189,00	TORCEDOR		P,M,G,GG,2XG,3XG,4XG	+ R$ 60,00	TORCEDOR	torcedor/1789488224707_0.jpg torcedor/1789488224708_1.jpg torcedor/1789488224708_2.jpg torcedor/1789488224708_3.jpg torcedor/1789488224708_4.jpg
3fa42553-b670-445a-9b91-90ba7d9e767e	Portugal Special Version Kids 2025	R$ 199,00	KIDS		14,16,18	+ R$ 60,00	KIT_INFANTIL	kit_infantil/1789488228979_0.jpg kit_infantil/1789488228979_1.jpg kit_infantil/1789488228980_2.jpg kit_infantil/1789488228980_3.jpg
2c1b1aa5-9a93-419a-a63d-2944695e88e7	Portugal Home Retro 2018	R$ 229,00	RETRÔ		P,M,G,GG,2XG,3XG,4XG	+ R$ 60,00	RETRO	retro/1789488228528_0.jpg retro/1789488228528_1.jpg retro/1789488228529_2.jpg retro/1789488228529_3.jpg retro/1789488228529_4.jpg
480fa0a3-b093-4626-89f4-f316e98ea33a	Portugal Home Retro 2016	R$ 229,00	RETRÔ		P,M,G,GG,2XG,3XG,4XG	+ R$ 60,00	RETRO	retro/1789488229423_0.jpg retro/1789488229424_1.jpg retro/1789488229424_2.jpg retro/1789488229424_3.jpg retro/1789488229424_4.jpg
dad8e3d0-ca47-45ad-beae-ce74200d6096	Portugal Home Retro 2012	R$ 229,00	RETRÔ		P,M,G,GG,2XG,3XG,4XG	+ R$ 60,00	RETRO	retro/1789488227589_0.jpg retro/1789488227590_1.jpg retro/1789488227590_2.jpg retro/1789488227590_3.jpg retro/1789488227591_4.jpg retro/1789488230716_5.jpg
56a29114-c445-47c0-929c-bc830c65c9d8	Portugal Home Retro 2010	R$ 229,00	RETRÔ		P,M,G,GG,2XG,3XG,4XG	+ R$ 60,00	RETRO	retro/1789488227092_0.jpg retro/1789488227093_1.jpg retro/1789488227093_2.jpg retro/1789488227093_3.jpg retro/1789488227093_4.jpg retro/1789488234272_5.jpg retro/1789488234273_6.jpg retro/1789488234273_7.jpg retro/1789488234273_8.jpg retro/1789488234274_9.jpg
ecee5405-7a21-4713-ac62-1a2d8397402b	Portugal Home Long Sleeve Retro 2010	R$ 229,00	MANGA LONGA		P,M,G,GG,2XG,3XG,4XG	+ R$ 60,00	RETRO	retro/1789488225903_0.jpg retro/1789488225904_1.jpg retro/1789488225904_2.jpg retro/1789488225905_3.jpg
9bd5d4c9-3098-4b74-aa56-7bd9598b348b	Portugal Home Retro 2006	R$ 229,00	RETRÔ		P,M,G,GG,2XG,3XG,4XG	+ R$ 60,00	RETRO	retro/1789488226779_0.jpg retro/1789488226780_1.jpg retro/1789488226780_2.jpg retro/1789488226780_3.jpg
25d2059c-9d8c-414d-9b67-d053e564df80	Portugal Home Retro 2004	R$ 229,00	RETRÔ		P,M,G,GG,2XG,3XG,4XG	+ R$ 60,00	RETRO	retro/1789488226546_0.jpg retro/1789488226547_1.jpg retro/1789488226547_2.jpg retro/1789488226548_3.jpg retro/1789488226548_4.jpg
2582eac7-2a50-4315-adaa-6d7f7e8fdcd0	Portugal Away Retro 2002	R$ 229,00	RETRÔ		P,M,G,GG,2XG,3XG,4XG	+ R$ 60,00	RETRO	retro/1789488225052_0.jpg retro/1789488225052_1.jpg retro/1789488225053_2.jpg retro/1789488225053_3.jpg retro/1789488225053_4.jpg
5124e77c-05b5-4533-bc31-600bba156489	Camisa Suécia Home Fan 26/27	R$ 189,00	TORCEDOR	Seleções (FIFA)	P,M,G,GG,2XG,3XG,4XG	+ R$ 60,00	TORCEDOR,JOGADOR	torcedor/1780432674600_4.jpg torcedor/1780432667305_0.jpg torcedor/1780432669256_1.jpg torcedor/1780432670990_2.jpg torcedor/1780432672640_3.jpg torcedor/1780432676287_5.jpg torcedor/1780432678012_6.jpg torcedor/1780432679817_7.jpg torcedor/1780432681531_8.jpg torcedor/1780432683220_9.jpg torcedor/1780432685008_10.jpg torcedor/1780432686624_11.jpg torcedor/1780432691026_12.jpg torcedor/1780432692876_13.jpg torcedor/1780432695329_14.jpg torcedor/1780432697608_15.jpg torcedor/1780432699748_16.jpg torcedor/1780432704142_17.jpg torcedor/1780432706019_18.jpg torcedor/1780432708028_19.jpg torcedor/1780432709883_20.jpg
a6251c2d-a049-4a76-a466-f8a20693781c	Camisa Suécia Away Fan 26/27	R$ 189,00	TORCEDOR	Seleções (FIFA)	P,M,G,GG,2XG,3XG,4XG	+ R$ 60,00	TORCEDOR	torcedor/1780432456267_20.jpg torcedor/1780432416982_0.jpg torcedor/1780432418871_1.jpg torcedor/1780432420888_2.jpg torcedor/1780432423220_3.jpg torcedor/1780432424702_4.jpg torcedor/1780432426287_5.jpg torcedor/1780432428572_6.jpg torcedor/1780432430138_7.jpg torcedor/1780432432255_8.jpg torcedor/1780432435021_9.jpg torcedor/1780432436704_10.jpg torcedor/1780432438916_11.jpg torcedor/1780432440564_12.jpg torcedor/1780432442438_13.jpg torcedor/1780432444178_14.jpg torcedor/1780432446273_15.jpg torcedor/1780432448111_16.jpg torcedor/1780432450316_17.jpg torcedor/1780432452422_18.jpg torcedor/1780432454455_19.jpg torcedor/1780432458097_21.jpg
9b66c61e-2f7e-46ea-a78d-1afee7438803	Camisa Suécia Home Player 26/27	R$ 229,00	JOGADOR	Seleções (FIFA)	P,M,G,GG,2XG,3XG,4XG	+ R$ 60,00	JOGADOR,TORCEDOR	jogador/1780432730743_11.jpg jogador/1780432711584_0.jpg jogador/1780432713427_1.jpg jogador/1780432715178_2.jpg jogador/1780432716717_3.jpg jogador/1780432718254_4.jpg jogador/1780432719863_5.jpg jogador/1780432721880_6.jpg jogador/1780432723601_7.jpg jogador/1780432725110_8.jpg jogador/1780432727121_9.jpg jogador/1780432728922_10.jpg jogador/1780432732130_12.jpg jogador/1780432733597_13.jpg jogador/1780432735207_14.jpg jogador/1780432737045_15.jpg jogador/1780432738479_16.jpg jogador/1780432740527_17.jpg jogador/1780432742187_18.jpg
bf28332d-524e-4d19-80f7-7e98188543a9	Camisa Suíça Home Fan 26/27	R$ 189,00	TORCEDOR	Seleções (FIFA)	P,M,G,GG,2XG,3XG,4XG	+ R$ 60,00	TORCEDOR,JOGADOR	torcedor/1780433956857_0.jpg torcedor/1780433958365_1.jpg torcedor/1780433960139_2.jpg torcedor/1780433961849_3.jpg torcedor/1780433963307_4.jpg torcedor/1780433965026_5.jpg torcedor/1780433966460_6.jpg torcedor/1780433968149_7.jpg torcedor/1780433969772_8.jpg torcedor/1780433971369_9.jpg torcedor/1780433972983_10.jpg torcedor/1780433975503_11.jpg torcedor/1780433977195_12.jpg torcedor/1780433978751_13.jpg torcedor/1780433980550_14.jpg torcedor/1780433982277_15.jpg torcedor/1780433984294_16.jpg torcedor/1780433986010_17.jpg torcedor/1780433987466_18.jpg torcedor/1780433989154_19.jpg torcedor/1780433990998_20.jpg torcedor/1780433992673_21.jpg torcedor/1780433994236_22.jpg torcedor/1780433995948_23.jpg torcedor/1780433997686_24.jpg torcedor/1780434000179_25.jpg torcedor/1780434001705_26.jpg torcedor/1780434003126_27.jpg torcedor/1780434004906_28.jpg torcedor/1780434006520_29.jpg torcedor/1780434008706_30.jpg torcedor/1780434010272_31.jpg torcedor/1780434012085_32.jpg torcedor/1780434014612_33.jpg torcedor/1780434016382_34.jpg torcedor/1780434018263_35.jpg torcedor/1780434020348_36.jpg torcedor/1780434023587_37.jpg torcedor/1780434025195_38.jpg torcedor/1780434026909_39.jpg torcedor/1780434028602_40.jpg torcedor/1780434030065_41.jpg torcedor/1780434031710_42.jpg torcedor/1780434034113_43.jpg torcedor/1780434035737_44.jpg torcedor/1780434043697_45.jpg torcedor/1780434045480_46.jpg torcedor/1780434047412_47.jpg torcedor/1780434049013_48.jpg torcedor/1780434050609_49.jpg
6119a754-c365-401f-a0ed-6928b4765443	Camisa Suíça Fan 26/27	R$ 189,00	TORCEDOR	Seleções (FIFA)	P,M,G,GG,2XG,3XG,4XG	+ R$ 60,00	TORCEDOR,JOGADOR	torcedor/1780433853398_0.jpg torcedor/1780433855436_1.jpg torcedor/1780433857310_2.jpg torcedor/1780433858849_3.jpg torcedor/1780433860280_4.jpg torcedor/1780433862100_5.jpg torcedor/1780433863647_6.jpg torcedor/1780433865321_7.jpg torcedor/1780433866895_8.jpg torcedor/1780433868379_9.jpg torcedor/1780433870037_10.jpg torcedor/1780433871759_11.jpg torcedor/1780433873292_12.jpg torcedor/1780433874983_13.jpg torcedor/1780433876519_14.jpg torcedor/1780433878527_15.jpg torcedor/1780433880168_16.jpg torcedor/1780433881852_17.jpg torcedor/1780433883366_18.jpg torcedor/1780433885316_19.jpg torcedor/1780433887018_20.jpg torcedor/1780433889462_21.jpg torcedor/1780433891563_22.jpg torcedor/1780433893006_23.jpg torcedor/1780433894653_24.jpg torcedor/1780433899173_25.jpg
2916af83-851e-4678-8b13-825f4e63cf26	Camisa Suíça Home Player 26/27	R$ 229,00	JOGADOR	Seleções (FIFA)	P,M,G,GG,2XG,3XG,4XG	+ R$ 60,00	JOGADOR,TORCEDOR	jogador/1780434060528_24.jpg jogador/1780434010020_0.jpg jogador/1780434012681_1.jpg jogador/1780434014420_2.jpg jogador/1780434017014_3.jpg jogador/1780434018865_4.jpg jogador/1780434020570_5.jpg jogador/1780434022366_6.jpg jogador/1780434025763_7.jpg jogador/1780434027412_8.jpg jogador/1780434028969_9.jpg jogador/1780434031372_10.jpg jogador/1780434033120_11.jpg jogador/1780434034831_12.jpg jogador/1780434036519_13.jpg jogador/1780434038362_14.jpg jogador/1780434039970_15.jpg jogador/1780434042411_16.jpg jogador/1780434045714_17.jpg jogador/1780434047282_18.jpg jogador/1780434049421_19.jpg jogador/1780434051753_20.jpg jogador/1780434055367_21.jpg jogador/1780434057071_22.jpg jogador/1780434059009_23.jpg jogador/1780434063079_25.jpg jogador/1780434065251_26.jpg
581e92fe-6e38-4a4f-8e0f-1fff5ba56055	Camisa Suíça Player 26/27	R$ 229,00	JOGADOR	Seleções (FIFA)	P,M,G,GG,2XG,3XG,4XG	+ R$ 60,00	JOGADOR,TORCEDOR	jogador/1780433907329_6.jpg jogador/1780433896566_0.jpg jogador/1780433898151_1.jpg jogador/1780433900032_2.jpg jogador/1780433901826_3.jpg jogador/1780433903421_4.jpg jogador/1780433905732_5.jpg jogador/1780433908941_7.jpg jogador/1780433910838_8.jpg jogador/1780433912890_9.jpg jogador/1780433914630_10.jpg jogador/1780433917361_11.jpg jogador/1780433919120_12.jpg jogador/1780433920935_13.jpg jogador/1780433922987_14.jpg jogador/1780433925606_15.jpg jogador/1780433927921_16.jpg jogador/1780433929568_17.jpg jogador/1780433931388_18.jpg jogador/1780433932861_19.jpg jogador/1780433934399_20.jpg jogador/1780433937751_21.jpg jogador/1780433939230_22.jpg
0f5600ff-cdf2-4494-9428-1505d279d8f3	Camisa Uruguai Home Fan 26/27	R$ 189,00	TORCEDOR	Seleções (FIFA)	P,M,G,GG,2XG,3XG,4XG	+ R$ 60,00	TORCEDOR	torcedor/1780355329515_12.jpg torcedor/1780355306933_0.jpg torcedor/1780355308857_1.jpg torcedor/1780355310937_2.jpg torcedor/1780355313322_3.jpg torcedor/1780355315027_4.jpg torcedor/1780355316671_5.jpg torcedor/1780355318626_6.jpg torcedor/1780355320116_7.jpg torcedor/1780355321661_8.jpg torcedor/1780355323523_9.jpg torcedor/1780355325672_10.jpg torcedor/1780355327762_11.jpg torcedor/1780355331200_13.jpg torcedor/1780355332821_14.jpg torcedor/1780355334317_15.jpg torcedor/1780355336021_16.jpg torcedor/1780355337499_17.jpg torcedor/1780355338821_18.jpg
a663d2a2-d3f9-4b73-83ca-45d5a1e3f10f	Camisa Uruguai Away Fan 26/27	R$ 189,00	TORCEDOR	Seleções (FIFA)	P,M,G,GG,2XG,3XG,4XG	+ R$ 60,00	TORCEDOR,JOGADOR	torcedor/1780355221939_7.jpg torcedor/1780355208382_0.jpg torcedor/1780355210268_1.jpg torcedor/1780355212596_2.jpg torcedor/1780355215385_3.jpg torcedor/1780355217214_4.jpg torcedor/1780355218616_5.jpg torcedor/1780355220644_6.jpg torcedor/1780355223475_8.jpg torcedor/1780355225321_9.jpg torcedor/1780355227611_10.jpg torcedor/1780355229845_11.jpg torcedor/1780355231159_12.jpg torcedor/1780355233166_13.jpg torcedor/1780355234591_14.jpg torcedor/1780355236621_15.jpg torcedor/1780355239230_16.jpg torcedor/1780355240722_17.jpg torcedor/1780355242943_18.jpg torcedor/1780355245038_19.jpg
e81d760b-6325-4dc7-a1bb-b015211a1947	Camisa Uruguai Away Player 26/27	R$ 229,00	JOGADOR	Seleções (FIFA)	P,M,G,GG,2XG,3XG,4XG	+ R$ 60,00	JOGADOR,TORCEDOR	jogador/1780355273441_7.jpg jogador/1780355258938_0.jpg jogador/1780355261320_1.jpg jogador/1780355263360_2.jpg jogador/1780355265111_3.jpg jogador/1780355266991_4.jpg jogador/1780355269265_5.jpg jogador/1780355271602_6.jpg jogador/1780355275949_8.jpg jogador/1780355277656_9.jpg jogador/1780355279568_10.jpg jogador/1780355281618_11.jpg jogador/1780355283742_12.jpg jogador/1780355285515_13.jpg jogador/1780355287704_14.jpg jogador/1780355289392_15.jpg jogador/1780355291517_16.jpg jogador/1780355293480_17.jpg jogador/1780355295683_18.jpg jogador/1780355297407_19.jpg
10bad6c9-7561-40ce-b674-86ed1cc844dd	Deportivo Alaves Home 26/27	R$ 189,00	TORCEDOR	La Liga (Espanha)	P,M,G,GG,2XG,3XG,4XG	+ R$ 60,00	TORCEDOR	torcedor/1784749941035_0.jpg torcedor/1784749941036_1.jpg
24011027-0150-4815-a4c9-09c644a0b608	Deportivo Alaves Home Retro 11/12	R$ 229,00	RETRÔ	La Liga (Espanha)	P,M,G,GG,2XG,3XG,4XG	+ R$ 60,00	RETRO	torcedor/1784749940780_2.jpg torcedor/1784749940779_0.jpg torcedor/1784749940780_1.jpg torcedor/1784749940780_3.jpg torcedor/1784749940780_4.jpg
7131da58-2e77-4d6f-8efc-5d8635e7247c	Athletic Club Bilbao Away 26/27	R$ 189,00	TORCEDOR	La Liga (Espanha)	P,M,G,GG,2XG,3XG,4XG	+ R$ 60,00	TORCEDOR,JOGADOR,KIT_INFANTIL	torcedor/1784745301945_0.jpg torcedor/1784745301946_1.jpg torcedor/1784745301946_2.jpg torcedor/1784745301946_3.jpg torcedor/1784745301946_4.jpg
88827d67-5b44-40aa-8698-760b1192f66b	Athletic Club Bilbao Home 26/27	R$ 189,00	TORCEDOR	La Liga (Espanha)	P,M,G,GG,2XG,3XG,4XG	+ R$ 60,00	TORCEDOR,KIT_INFANTIL	torcedor/1784745301893_5.jpg torcedor/1784745298667_0.jpg torcedor/1784745298667_1.jpg torcedor/1784745298668_2.jpg torcedor/1784745298668_3.jpg torcedor/1784745298668_4.jpg
6687fac4-2a0b-4498-8239-38ff03b5f8de	Bilbao Away Player 26/27	R$ 229,00	JOGADOR	La Liga (Espanha)	P,M,G,GG,2XG,3XG,4XG	+ R$ 60,00	JOGADOR,TORCEDOR,KIT_INFANTIL	jogador/1790208157038_0.jpg jogador/1790208157039_1.jpg jogador/1790208157039_2.jpg jogador/1790208157040_3.jpg jogador/1790208157040_4.jpg jogador/1790208161593_5.jpg
74cab99c-ed61-41b5-a304-78815885cb0b	Athletic Club Bilbao Away Kids 26/27	R$ 199,00	KIDS	La Liga (Espanha)	14,16,18	+ R$ 60,00	KIT_INFANTIL,JOGADOR,TORCEDOR	kit_infantil/1784745300855_0.jpg kit_infantil/1784745300856_1.jpg
744ce5d6-244e-47d7-97f9-245ace2758f4	Athletic Club Bilbao Home kids 26/27	R$ 199,00	KIDS	La Liga (Espanha)	14,16,18	+ R$ 60,00	KIT_INFANTIL,TORCEDOR	kit_infantil/1784745297906_0.jpg kit_infantil/1784745297907_1.jpg
4367b4cd-9523-4831-9819-9ea2feaf336a	Camisa Athletic Bilbao Third Fan 25/26	R$ 189,00	TORCEDOR	La Liga (Espanha)	P,M,G,GG,2XG,3XG,4XG	+ R$ 60,00	TORCEDOR	torcedor/1782949541711_10.jpg torcedor/1782949534262_0.jpg torcedor/1782949534263_1.jpg torcedor/1782949534263_2.jpg torcedor/1782949534263_3.jpg torcedor/1782949534263_4.jpg torcedor/1782949537819_5.jpg torcedor/1782949537820_6.jpg torcedor/1782949537821_7.jpg torcedor/1782949537821_8.jpg torcedor/1782949537821_9.jpg torcedor/1782949541712_11.jpg torcedor/1782949541712_12.jpg torcedor/1782949541712_13.jpg torcedor/1782949541712_14.jpg torcedor/1782949545537_15.jpg torcedor/1782949545538_16.jpg torcedor/1782949545538_17.jpg torcedor/1782949545538_18.jpg torcedor/1782949545538_19.jpg torcedor/1782949548930_20.jpg torcedor/1782949548931_21.jpg torcedor/1782949548932_22.jpg
3f257f27-9260-42da-b1a5-ae74ce3c3145	Camisa Athletic Bilbao Home Fab 25/26	R$ 189,00	TORCEDOR	La Liga (Espanha)	P,M,G,GG,2XG,3XG,4XG	+ R$ 60,00	TORCEDOR	torcedor/1782949513924_16.jpg torcedor/1782949502649_0.jpg torcedor/1782949502650_1.jpg torcedor/1782949502650_2.jpg torcedor/1782949502651_3.jpg torcedor/1782949502651_4.jpg torcedor/1782949506348_5.jpg torcedor/1782949506349_6.jpg torcedor/1782949506349_7.jpg torcedor/1782949506350_8.jpg torcedor/1782949506350_9.jpg torcedor/1782949509820_10.jpg torcedor/1782949509820_11.jpg torcedor/1782949509821_12.jpg torcedor/1782949509821_13.jpg torcedor/1782949509821_14.jpg torcedor/1782949513923_15.jpg torcedor/1782949513924_17.jpg torcedor/1782949513924_18.jpg torcedor/1782949513925_19.jpg torcedor/1782949517856_20.jpg torcedor/1782949517857_21.jpg torcedor/1782949517857_22.jpg torcedor/1782949517857_23.jpg torcedor/1782949517857_24.jpg torcedor/1782949521422_25.jpg torcedor/1782949521423_26.jpg
07a24406-3479-4aa4-a1c7-697e2b428e87	Camisa Athletic Bilbao Fourth Fan 25/26	R$ 189,00	TORCEDOR	La Liga (Espanha)	P,M,G,GG,2XG,3XG,4XG	+ R$ 60,00	TORCEDOR	torcedor/1782949388872_18.jpg torcedor/1782949379249_0.jpg torcedor/1782949379250_1.jpg torcedor/1782949379250_2.jpg torcedor/1782949379250_3.jpg torcedor/1782949379251_4.jpg torcedor/1782949382406_5.jpg torcedor/1782949382407_6.jpg torcedor/1782949382407_7.jpg torcedor/1782949382408_8.jpg torcedor/1782949382408_9.jpg torcedor/1782949385797_10.jpg torcedor/1782949385798_11.jpg torcedor/1782949385798_12.jpg torcedor/1782949385798_13.jpg torcedor/1782949385799_14.jpg torcedor/1782949388871_15.jpg torcedor/1782949388871_16.jpg torcedor/1782949388872_17.jpg torcedor/1782949388872_19.jpg torcedor/1782949392802_20.jpg torcedor/1782949392803_21.jpg torcedor/1782949392803_22.jpg torcedor/1782949392804_23.jpg torcedor/1782949392804_24.jpg torcedor/1782949396169_25.jpg
08dcbe1d-a461-4356-97da-6d77f8f637d0	Camisa Athletic Bilbao Away Fan 25/26	R$ 189,00	TORCEDOR	La Liga (Espanha)	P,M,G,GG,2XG,3XG,4XG	+ R$ 60,00	TORCEDOR	torcedor/1782949270957_4.jpg torcedor/1782949270956_0.jpg torcedor/1782949270957_1.jpg torcedor/1782949270957_2.jpg torcedor/1782949270957_3.jpg torcedor/1782949276096_5.jpg torcedor/1782949276097_6.jpg torcedor/1782949276097_7.jpg torcedor/1782949276098_8.jpg torcedor/1782949276098_9.jpg torcedor/1782949279637_10.jpg torcedor/1782949279637_11.jpg torcedor/1782949279638_12.jpg torcedor/1782949279638_13.jpg torcedor/1782949279638_14.jpg torcedor/1782949282842_15.jpg torcedor/1782949282843_16.jpg torcedor/1782949282844_17.jpg torcedor/1782949282844_18.jpg torcedor/1782949282845_19.jpg torcedor/1782949286231_20.jpg torcedor/1782949286231_21.jpg torcedor/1782949286232_22.jpg torcedor/1782949286232_23.jpg torcedor/1782949286232_24.jpg
27d379b4-52d3-41cd-af6a-05e983499c2f	Camisa Athletic Bilbao Home Fan 97/98	R$ 229,00	TORCEDOR	La Liga (Espanha)	P,M,G,GG,2XG,3XG,4XG	+ R$ 60,00	RETRO	retro/1782949620575_0.jpg retro/1782949620575_1.jpg retro/1782949620576_2.jpg retro/1782949620576_3.jpg retro/1782949620576_4.jpg retro/1782949624427_5.jpg retro/1782949624427_6.jpg retro/1782949624428_7.jpg retro/1782949624428_8.jpg retro/1782949624428_9.jpg retro/1782949628158_10.jpg retro/1782949628159_11.jpg retro/1782949628159_12.jpg retro/1782949628160_13.jpg retro/1782949628160_14.jpg retro/1782949631507_15.jpg retro/1782949631507_16.jpg retro/1782949631508_17.jpg retro/1782949631508_18.jpg retro/1782949631508_19.jpg retro/1782949635180_20.jpg retro/1782949635181_21.jpg retro/1782949635181_22.jpg retro/1782949635182_23.jpg
c458f8d1-5a7e-4c4f-80c2-04d7132e2228	Camisa Athletic Bilbao Away Fan 97/98	R$ 229,00	TORCEDOR	La Liga (Espanha)	P,M,G,GG,2XG,3XG,4XG	+ R$ 60,00	RETRO	retro/1782949598874_10.jpg retro/1782949592118_0.jpg retro/1782949592119_1.jpg retro/1782949592119_2.jpg retro/1782949592119_3.jpg retro/1782949592119_4.jpg retro/1782949595628_5.jpg retro/1782949595629_6.jpg retro/1782949595629_7.jpg retro/1782949595629_8.jpg retro/1782949595629_9.jpg retro/1782949598875_11.jpg retro/1782949598875_12.jpg retro/1782949598875_13.jpg retro/1782949598875_14.jpg retro/1782949602136_15.jpg retro/1782949602137_16.jpg retro/1782949602137_17.jpg retro/1782949602138_18.jpg retro/1782949602138_19.jpg retro/1782949605961_20.jpg retro/1782949605962_21.jpg retro/1782949605962_22.jpg retro/1782949605963_23.jpg retro/1782949605963_24.jpg
db622c1a-b2e0-4eab-b4ef-e64674983dd8	Athletic Club Bilbao Centenary Retro 97/98	R$ 229,00	RETRÔ	La Liga (Espanha)	P,M,G,GG,2XG,3XG,4XG	+ R$ 60,00	RETRO	retro/1784745299216_0.jpg retro/1784745299217_1.jpg retro/1784745299217_2.jpg retro/1784745299217_3.jpg retro/1784745299217_4.jpg
b1d95ffc-c966-42ff-9217-60059bb4c4e5	Athletic Club Bilbao Retro 94/95	R$ 229,00	RETRÔ	La Liga (Espanha)	P,M,G,GG,2XG,3XG,4XG	+ R$ 60,00	RETRO	retro/1784745301655_6.jpg retro/1784745297904_0.jpg retro/1784745297904_1.jpg retro/1784745297905_2.jpg retro/1784745297905_3.jpg retro/1784745297905_4.jpg retro/1784745301655_5.jpg
3122c906-4551-443c-94cf-0e8867ebc95b	Athletic Club Bilbao Centenary Retro 83/84	R$ 229,00	RETRÔ	La Liga (Espanha)	P,M,G,GG,2XG,3XG,4XG	+ R$ 60,00	RETRO	retro/1784745299755_0.jpg retro/1784745299756_1.jpg retro/1784745299756_2.jpg
33d79cd8-ca41-4735-a158-8c5f55b7e40d	Atlético Madrid Home 26/27	R$ 189,00	TORCEDOR	La Liga (Espanha)	P,M,G,GG,2XG,3XG,4XG	+ R$ 60,00	TORCEDOR	torcedor/1784745764684_0.jpg torcedor/1784745764684_1.jpg
f35ba076-80e3-493f-b322-283e2e7096c4	Atlético Madrid Away 26/27	R$ 189,00	TORCEDOR	La Liga (Espanha)	P,M,G,GG,2XG,3XG,4XG	+ R$ 60,00	TORCEDOR,KIT_INFANTIL,MANGA_LONGA,JOGADOR	torcedor/1784745389002_1.png torcedor/1784745389001_0.jpg torcedor/1784745389002_2.png torcedor/1784745389002_3.jpg torcedor/1784745389002_4.jpg torcedor/1784745394641_5.jpg
401ed423-7142-4d87-bb39-55441129ec8b	Atlético Madrid Away Kids 26/27	R$ 199,00	KIDS	La Liga (Espanha)	14,16,18	+ R$ 60,00	KIT_INFANTIL,MANGA_LONGA,JOGADOR,TORCEDOR	kit_infantil/1784745388556_0.jpg kit_infantil/1784745388556_1.jpg
e3d1d89b-5c62-4bb3-8b05-509f63a7cf16	Atlético Madrid Away Player 26/27	R$ 229,00	JOGADOR	La Liga (Espanha)	P,M,G,GG,2XG,3XG,4XG	+ R$ 60,00	JOGADOR,KIT_INFANTIL,MANGA_LONGA,TORCEDOR	jogador/1784745388099_0.jpg jogador/1784745388100_1.jpg jogador/1784745388100_2.jpg jogador/1784745388100_3.jpg jogador/1784745388101_4.jpg jogador/1784745390848_5.jpg jogador/1784745390849_6.jpg
7e3f1968-db1f-40ca-a2b0-85cd76199895	Atlético Madrid Away Player Longa 26/27	R$ 209,00	JOGADOR	La Liga (Espanha)	P,M,G,GG,2XG,3XG,4XG	+ R$ 60,00	MANGA_LONGA,KIT_INFANTIL,JOGADOR,TORCEDOR	manga_longa/1784745387808_0.jpg manga_longa/1784745387809_1.jpg manga_longa/1784745387809_2.jpg manga_longa/1784745387809_3.jpg manga_longa/1784745387809_4.jpg
c242077b-ffb8-449e-a3a6-7cf2c94744b8	Camisa Atlético de Madrid Third Fan 25/26	R$ 189,00	TORCEDOR	La Liga (Espanha)	P,M,G,GG,2XG,3XG,4XG	+ R$ 60,00	TORCEDOR,JOGADOR	torcedor/1782950079974_12.jpg torcedor/1782950071921_0.jpg torcedor/1782950071922_1.jpg torcedor/1782950071922_2.jpg torcedor/1782950071922_3.jpg torcedor/1782950071923_4.jpg torcedor/1782950076045_5.jpg torcedor/1782950076046_6.jpg torcedor/1782950076046_7.jpg torcedor/1782950076047_8.jpg torcedor/1782950076047_9.jpg torcedor/1782950079973_10.jpg torcedor/1782950079974_11.jpg torcedor/1782950079974_13.jpg torcedor/1782950079974_14.jpg torcedor/1782950083579_15.jpg torcedor/1782950083580_16.jpg torcedor/1782950083580_17.jpg torcedor/1782950083580_18.jpg torcedor/1782950083581_19.jpg torcedor/1782950087357_20.jpg torcedor/1782950087358_21.jpg torcedor/1782950087359_22.jpg torcedor/1782950087359_23.jpg torcedor/1782950087359_24.jpg torcedor/1782950091125_25.jpg torcedor/1782950091127_26.jpg
0d152c13-6b7b-4b85-b3d7-570974767fad	Camisa Atlético de Madrid Away Fan 25/26	R$ 189,00	TORCEDOR	La Liga (Espanha)	P,M,G,GG,2XG,3XG,4XG	+ R$ 60,00	TORCEDOR,JOGADOR	torcedor/1782949850136_11.jpg torcedor/1782949842837_0.jpg torcedor/1782949842838_1.jpg torcedor/1782949842838_2.jpg torcedor/1782949842839_3.jpg torcedor/1782949842839_4.jpg torcedor/1782949846469_5.jpg torcedor/1782949846470_6.jpg torcedor/1782949846471_7.jpg torcedor/1782949846471_8.jpg torcedor/1782949846471_9.jpg torcedor/1782949850136_10.jpg torcedor/1782949850137_12.jpg torcedor/1782949850137_13.jpg torcedor/1782949850137_14.jpg torcedor/1782949853038_15.jpg torcedor/1782949853039_16.jpg torcedor/1782949853040_17.jpg torcedor/1782949853040_18.jpg torcedor/1782949853040_19.jpg torcedor/1782949857456_20.jpg torcedor/1782949857457_21.jpg torcedor/1782949857457_22.jpg torcedor/1782949857458_23.jpg torcedor/1782949857458_24.jpg torcedor/1782949861448_25.jpg torcedor/1782949861449_26.jpg torcedor/1782949861449_27.jpg torcedor/1782949861450_28.jpg
969951fe-7272-4240-ae34-19745432c726	Camisa Atlético de Madrid Third Player 25/26	R$ 229,00	JOGADOR	La Liga (Espanha)	P,M,G,GG,2XG,3XG,4XG	+ R$ 60,00	JOGADOR,TORCEDOR	jogador/1782950104792_8.jpg jogador/1782950101545_0.jpg jogador/1782950101546_1.jpg jogador/1782950101546_2.jpg jogador/1782950101546_3.jpg jogador/1782950101546_4.jpg jogador/1782950104791_5.jpg jogador/1782950104792_6.jpg jogador/1782950104792_7.jpg jogador/1782950104793_9.jpg jogador/1782950108466_10.jpg jogador/1782950108467_11.jpg jogador/1782950108467_12.jpg jogador/1782950108467_13.jpg jogador/1782950108468_14.jpg jogador/1782950111737_15.jpg jogador/1782950111738_16.jpg jogador/1782950111738_17.jpg jogador/1782950111738_18.jpg jogador/1782950111739_19.jpg jogador/1782950115343_20.jpg jogador/1782950115343_21.jpg jogador/1782950115344_22.jpg jogador/1782950115344_23.jpg jogador/1782950115344_24.jpg jogador/1782950119647_25.jpg jogador/1782950119648_26.jpg
7cf4c6c0-9069-4927-8279-da1467a14354	Camisa Atlético de Madrid Home Player 25/26	R$ 229,00	JOGADOR	La Liga (Espanha)	P,M,G,GG,2XG,3XG,4XG	+ R$ 60,00	JOGADOR	jogador/1782950033299_0.jpg jogador/1782950033300_1.jpg jogador/1782950033300_2.jpg jogador/1782950033300_3.jpg jogador/1782950033301_4.jpg jogador/1782950036521_5.jpg jogador/1782950036522_6.jpg jogador/1782950036522_7.jpg jogador/1782950036522_8.jpg jogador/1782950036522_9.jpg jogador/1782950040242_10.jpg jogador/1782950040243_11.jpg jogador/1782950040243_12.jpg jogador/1782950040244_13.jpg jogador/1782950040244_14.jpg jogador/1782950044003_15.jpg jogador/1782950044003_16.jpg jogador/1782950044004_17.jpg jogador/1782950044004_18.jpg jogador/1782950044004_19.jpg jogador/1782950047347_20.jpg jogador/1782950047348_21.jpg jogador/1782950047349_22.jpg jogador/1782950047349_23.jpg jogador/1782950047349_24.jpg
36c00e0b-5792-4e67-a79e-df46996a93a2	Camisa Atlético de Madrid Away Player 25/26	R$ 229,00	JOGADOR	La Liga (Espanha)	P,M,G,GG,2XG,3XG,4XG	+ R$ 60,00	JOGADOR,TORCEDOR	jogador/1782949864398_2.jpg jogador/1782949864397_0.jpg jogador/1782949864398_1.jpg jogador/1782949864398_3.jpg jogador/1782949864399_4.jpg jogador/1782949867764_5.jpg jogador/1782949867764_6.jpg jogador/1782949867765_7.jpg jogador/1782949867765_8.jpg jogador/1782949867765_9.jpg jogador/1782949871886_10.jpg jogador/1782949871887_11.jpg jogador/1782949871887_12.jpg jogador/1782949871888_13.jpg jogador/1782949871888_14.jpg jogador/1782949874839_15.jpg jogador/1782949874840_16.jpg jogador/1782949874840_17.jpg jogador/1782949874840_18.jpg jogador/1782949874840_19.jpg jogador/1782949878634_20.jpg jogador/1782949878635_21.jpg jogador/1782949878635_22.jpg jogador/1782949878636_23.jpg jogador/1782949878636_24.jpg jogador/1782949882720_25.jpg jogador/1782949882721_26.jpg jogador/1782949882721_27.jpg jogador/1782949882721_28.jpg
fd2b6f4c-94b8-4ab3-9e9e-7e57c3e785f9	Atletico Madrid Home Retro 16/17	R$ 229,00	RETRÔ	La Liga (Espanha)	P,M,G,GG,2XG,3XG,4XG	+ R$ 60,00	RETRO	retro/1784749876086_0.jpg retro/1784749876087_1.jpg retro/1784749876087_2.jpg
ccf1db20-e0b1-49b0-9614-33a8835efa7c	Atletico Madrid Away Retro 15/16	R$ 229,00	RETRÔ	La Liga (Espanha)	P,M,G,GG,2XG,3XG,4XG	+ R$ 60,00	RETRO	retro/1784745763036_0.jpg retro/1784745763036_1.jpg retro/1784745763036_2.jpg retro/1784745763037_3.jpg retro/1784745763037_4.jpg retro/1784745766477_5.jpg
aab733ff-ff6b-4848-a7dc-04635389c459	Atletico Madrid Home Retro 14/15	R$ 229,00	RETRÔ	La Liga (Espanha)	P,M,G,GG,2XG,3XG,4XG	+ R$ 60,00	RETRO	retro/1784749877402_0.jpg retro/1784749877402_1.jpg retro/1784749877403_2.jpg retro/1784749877403_3.jpg retro/1784749877403_4.jpg
65400d68-b476-461e-807f-bd95b2957f41	Atlético Madrid Away Retro 13/14	R$ 229,00	RETRÔ	La Liga (Espanha)	P,M,G,GG,2XG,3XG,4XG	+ R$ 60,00	RETRO	retro/1784745624105_0.jpg retro/1784745624106_1.jpg
5526e847-ad40-4132-9486-6ea6976b45ef	Atletico Madrid Home Retro 12/13	R$ 229,00	RETRÔ	La Liga (Espanha)	P,M,G,GG,2XG,3XG,4XG	+ R$ 60,00	RETRO	retro/1784745769433_0.jpg retro/1784745769434_1.jpg retro/1784745769434_2.jpg retro/1784745769434_3.jpg retro/1784745769434_4.jpg
97af5b81-c326-4ce0-ac38-ca22c492e52d	Atletico Madrid Home Retro 11/12	R$ 229,00	RETRÔ	La Liga (Espanha)	P,M,G,GG,2XG,3XG,4XG	+ R$ 60,00	RETRO	retro/1784745767203_0.jpg retro/1784745767204_1.jpg retro/1784745767204_2.jpg retro/1784745767205_3.jpg retro/1784745767205_4.jpg retro/1784745770364_5.jpg
4c77d376-280b-4403-ab21-cac90f165be8	Atletico Madrid Home Retro Longa 04/05	R$ 229,00	RETRÔ	La Liga (Espanha)	P,M,G,GG,2XG,3XG,4XG	+ R$ 60,00	RETRO	retro/1784749874488_0.jpg retro/1784749874489_1.jpg retro/1784749874489_2.jpg retro/1784749874489_3.jpg retro/1784749874490_4.jpg
c6b3146a-5a2c-4f15-aea8-42d968a3524c	Atletico Madrid Home Retro 04/05	R$ 229,00	RETRÔ	La Liga (Espanha)	P,M,G,GG,2XG,3XG,4XG	+ R$ 60,00	RETRO	retro/1784745765998_0.jpg retro/1784745765998_1.jpg retro/1784745765999_2.jpg retro/1784745765999_3.jpg
05572e0a-521b-4ed4-a1af-21d856780961	Atletico Madrid Away Retro Longa 04/05	R$ 229,00	RETRÔ	La Liga (Espanha)	P,M,G,GG,2XG,3XG,4XG	+ R$ 60,00	RETRO	retro/1784745763340_0.jpg retro/1784745763341_1.jpg retro/1784745763341_2.jpg retro/1784745763341_3.jpg retro/1784745763341_4.jpg
0cbf8869-4c86-449e-b5db-1d51362df371	Atletico Madrid Away Retro 04/05	R$ 229,00	RETRÔ	La Liga (Espanha)	P,M,G,GG,2XG,3XG,4XG	+ R$ 60,00	RETRO	retro/1784745630186_0.jpg retro/1784745630187_1.jpg retro/1784745630188_2.jpg retro/1784745630188_3.jpg retro/1784745630188_4.jpg
7b4d3257-b77e-4962-80e8-20fb2dbe3ad7	Camisa Atlético de Madrid Away Fan 96/97	R$ 229,00	TORCEDOR	La Liga (Espanha)	P,M,G,GG,2XG,3XG,4XG	+ R$ 60,00	RETRO	retro/1782950225286_4.jpg retro/1782950225285_0.jpg retro/1782950225286_1.jpg retro/1782950225286_2.jpg retro/1782950225286_3.jpg retro/1782950228538_5.jpg retro/1782950228539_6.jpg retro/1782950228539_7.jpg retro/1782950228539_8.jpg retro/1782950228539_9.jpg retro/1782950231574_10.jpg retro/1782950231575_11.jpg retro/1782950231575_12.jpg retro/1782950231576_13.jpg retro/1782950231576_14.jpg retro/1782950235019_15.jpg retro/1782950235019_16.jpg retro/1782950235020_17.jpg retro/1782950235020_18.jpg retro/1782950235020_19.jpg retro/1782950238504_20.jpg retro/1782950238505_21.jpg retro/1782950238505_22.jpg retro/1782950238505_23.jpg
570abfcd-ce79-45cd-ae69-3d1a9c6fbcae	Atletico Madrid Home Retro 96	R$ 229,00	RETRÔ		P,M,G,GG,2XG,3XG,4XG	+ R$ 60,00	RETRO	retro/1784749874958_0.jpg retro/1784749874959_1.jpg retro/1784749874959_2.jpg retro/1784749874960_3.jpg
79d3f721-49cd-47e4-90be-222469229f35	Atletico Madrid Third Retro	R$ 229,00	RETRÔ		P,M,G,GG,2XG,3XG,4XG	+ R$ 60,00	RETRO	retro/1784749872962_0.jpg retro/1784749872963_1.jpg retro/1784749872963_2.jpg retro/1784749872963_3.jpg
e76fdd30-f6b1-4128-9add-82bf013709f7	Camisa Atlético de Madrid Home Fan 95/96	R$ 229,00	TORCEDOR	La Liga (Espanha)	P,M,G,GG,2XG,3XG,4XG	+ R$ 60,00	RETRO	retro/1782950200949_13.jpg retro/1782950194076_0.jpg retro/1782950194077_1.jpg retro/1782950194077_2.jpg retro/1782950194077_3.jpg retro/1782950194077_4.jpg retro/1782950197237_5.jpg retro/1782950197238_6.jpg retro/1782950197239_7.jpg retro/1782950197239_8.jpg retro/1782950197239_9.jpg retro/1782950200947_10.jpg retro/1782950200948_11.jpg retro/1782950200949_12.jpg retro/1782950200949_14.jpg retro/1782950204892_15.jpg retro/1782950204893_16.jpg retro/1782950204893_17.jpg retro/1782950204894_18.jpg retro/1782950204894_19.jpg retro/1782950208068_20.jpg retro/1782950208069_21.jpg retro/1782950208069_22.jpg retro/1782950208069_23.jpg retro/1782950208070_24.jpg retro/1782950211344_25.jpg
8a5fb3bd-6bee-4831-93dc-ab1583668549	Atletico Madrid Home Retro 95/96	R$ 229,00	RETRÔ	La Liga (Espanha)	P,M,G,GG,2XG,3XG,4XG	+ R$ 60,00	RETRO	retro/1784749875474_0.jpg retro/1784749875474_1.jpg retro/1784749875475_2.jpg retro/1784749875475_3.jpg retro/1784749875475_4.jpg
e842c93a-edf2-4c2e-8e99-aed328c0a060	Camisa Atlético de Madrid Home Fan 94/95	R$ 229,00	TORCEDOR	La Liga (Espanha)	P,M,G,GG,2XG,3XG,4XG	+ R$ 60,00	RETRO	retro/1782950175280_10.jpg retro/1782950168008_0.jpg retro/1782950168008_1.jpg retro/1782950168008_2.jpg retro/1782950168009_3.jpg retro/1782950168009_4.jpg retro/1782950171795_5.jpg retro/1782950171796_6.jpg retro/1782950171796_7.jpg retro/1782950171796_8.jpg retro/1782950171797_9.jpg retro/1782950175281_11.jpg retro/1782950175281_12.jpg retro/1782950175281_13.jpg retro/1782950175282_14.jpg retro/1782950178403_15.jpg retro/1782950178404_16.jpg retro/1782950178404_17.jpg retro/1782950178404_18.jpg retro/1782950178404_19.jpg retro/1782950182296_20.jpg retro/1782950182297_21.jpg retro/1782950182298_22.jpg retro/1782950182298_23.jpg
37d68c6b-c8de-4c42-bf1e-01eb64b9bebf	Atletico Madrid Home Retro Longa 94/95	R$ 229,00	RETRÔ	La Liga (Espanha)	P,M,G,GG,2XG,3XG,4XG	+ R$ 60,00	RETRO	retro/1784749873233_0.jpg retro/1784749873234_1.jpg retro/1784749873234_2.jpg retro/1784749873234_3.jpg
4eb77e97-965c-4bb3-bfd9-316b828ce012	Barcelona Goalkeeper 3 26/27	R$ 189,00	TORCEDOR	La Liga (Espanha)	P,M,G,GG,2XG,3XG,4XG	+ R$ 60,00	TORCEDOR,KIT_INFANTIL,JOGADOR	torcedor/1790208162086_0.jpg torcedor/1790208162087_1.jpg
e5c9e884-5a54-4900-ae2c-e42eee7f3e92	Barcelona Third 26/27	R$ 189,00	TORCEDOR	La Liga (Espanha)	P,M,G,GG,2XG,3XG,4XG	+ R$ 60,00	TORCEDOR,FEMININA,KIT_INFANTIL,JOGADOR,MANGA_LONGA	torcedor/1784815532761_0.jpg torcedor/1784815532761_1.jpg
14921008-c416-46a5-ac2f-8df480d98e48	Barcelona Home 26/27	R$ 189,00	TORCEDOR	La Liga (Espanha)	P,M,G,GG,2XG,3XG,4XG	+ R$ 60,00	TORCEDOR,KIT_INFANTIL,FEMININA,MANGA_LONGA,JOGADOR	torcedor/1784814308298_0.jpg torcedor/1784814308298_1.jpg torcedor/1784814308299_2.jpg torcedor/1784814308299_3.jpg torcedor/1784814308299_4.jpg torcedor/1784814310926_5.jpg torcedor/1784814310927_6.jpg
12c337ca-b6ca-4e84-be42-1c6a07387d86	Barcelona Away 26/27	R$ 189,00	TORCEDOR	La Liga (Espanha)	P,M,G,GG,2XG,3XG,4XG	+ R$ 60,00	TORCEDOR,MANGA_LONGA,KIT_INFANTIL,FEMININA	torcedor/1784814053275_0.jpg torcedor/1784814053275_1.jpg torcedor/1784814053276_2.jpg torcedor/1784814053276_3.jpg torcedor/1784814053276_4.jpg
119b391d-f107-4cf4-8b26-76ec8898c7b4	Barcelona Goalkeeper 3 Kids 26/27	R$ 199,00	KIDS	La Liga (Espanha)	14,16,18	+ R$ 60,00	KIT_INFANTIL,TORCEDOR,JOGADOR	torcedor/1790208159457_0.jpg torcedor/1790208159457_1.png
e9110aad-959d-4987-aa06-ccaca2fde3fa	Barcelona Third Long 26/27	R$ 209,00		La Liga (Espanha)	P,M,G,GG,2XG,3XG,4XG	+ R$ 60,00	MANGA_LONGA,FEMININA,KIT_INFANTIL,JOGADOR,TORCEDOR	manga_longa/1784815611554_0.jpg manga_longa/1784815611554_1.jpg
dc9469e2-c2e6-4bfc-b1f1-97c0f9b4e868	Barcelona Third Long Player 26/27	R$ 209,00	JOGADOR	La Liga (Espanha)	P,M,G,GG,2XG,3XG,4XG	+ R$ 60,00	MANGA_LONGA,FEMININA,KIT_INFANTIL,JOGADOR,TORCEDOR	manga_longa/1784815610598_0.jpg manga_longa/1784815610599_1.jpg manga_longa/1784815610599_2.jpg manga_longa/1784815610599_3.jpg manga_longa/1784815610599_4.jpg manga_longa/1784815613432_5.jpg
a47d2ff2-c8e5-454d-89d7-d645daf6ce54	Barcelona Third Player 26/27	R$ 229,00	JOGADOR	La Liga (Espanha)	P,M,G,GG,2XG,3XG,4XG	+ R$ 60,00	JOGADOR,FEMININA,KIT_INFANTIL,MANGA_LONGA,TORCEDOR	jogador/1784815610231_0.jpg jogador/1784815610231_1.jpg jogador/1784815610232_2.jpg jogador/1784815610232_3.jpg jogador/1784815610232_4.jpg jogador/1784815613256_5.jpg jogador/1784815613257_6.jpg
3b667348-3756-4bb9-938c-ed15e7ba720e	Barcelona Third Feminina 26/27	R$ 179,00	FEMININO	La Liga (Espanha)	P,M,G,GG	+ R$ 60,00	FEMININA,KIT_INFANTIL,JOGADOR,MANGA_LONGA,TORCEDOR	feminina/1784815610176_0.jpg feminina/1784815610177_1.jpg
d223aebb-2b6e-4347-99e3-264ccefcf707	Barcelona Pre-Match Player 26/27	R$ 229,00	JOGADOR	La Liga (Espanha)	P,M,G,GG,2XG,3XG,4XG	+ R$ 60,00	JOGADOR,KIT_INFANTIL,TORCEDOR	torcedor/1784815533232_0.jpg torcedor/1784815533233_1.jpg torcedor/1784815533233_2.jpg torcedor/1784815533233_3.jpg torcedor/1784815533234_4.jpg torcedor/1784815535794_5.jpg
9042cc75-89c8-4c7e-b722-9b9a840d532f	Barcelona Third Kids 26/27	R$ 199,00	KIDS	La Liga (Espanha)	14,16,18	+ R$ 60,00	KIT_INFANTIL,FEMININA,JOGADOR,MANGA_LONGA,TORCEDOR	kit_infantil/1784815532721_0.jpg kit_infantil/1784815532722_1.jpg
597a3a46-fbb9-4be2-9d23-09bcc6577c53	Barcelona Home Feminina 26/27	R$ 179,00	FEMININO	La Liga (Espanha)	P,M,G,GG	+ R$ 60,00	FEMININA,KIT_INFANTIL,TORCEDOR,MANGA_LONGA,JOGADOR	feminina/1784815454832_0.jpg feminina/1784815454833_1.jpg feminina/1784815454833_2.jpg feminina/1784815454833_3.jpg
87f33e72-fd8d-4566-ab70-e7909effaa5a	Barcelona Pre-Match Kids 26/27	R$ 199,00	KIDS	La Liga (Espanha)	14,16,18	+ R$ 60,00	KIT_INFANTIL,TORCEDOR,JOGADOR	kit_infantil/1784815454708_0.jpg kit_infantil/1784815454708_1.jpg
08dd2e6d-fc84-49c0-93ce-d699c5a9b48d	Barcelona Home Kids 26/27	R$ 199,00	KIDS	La Liga (Espanha)	14,16,18	+ R$ 60,00	KIT_INFANTIL,TORCEDOR,FEMININA,MANGA_LONGA,JOGADOR	kit_infantil/1784814307721_0.jpg kit_infantil/1784814307722_1.png
c59071a3-ccd1-4e86-b689-b43dad4bef4d	Barcelona Home Long 26/27	R$ 209,00		La Liga (Espanha)	P,M,G,GG,2XG,3XG,4XG	+ R$ 60,00	MANGA_LONGA,KIT_INFANTIL,TORCEDOR,FEMININA,JOGADOR	manga_longa/1784814307224_0.jpg manga_longa/1784814307225_1.jpg
f90e8022-ed3c-44e6-829e-dec69d23f335	Barcelona Home Player 26/27	R$ 229,00	JOGADOR	La Liga (Espanha)	P,M,G,GG,2XG,3XG,4XG	+ R$ 60,00	JOGADOR,KIT_INFANTIL,TORCEDOR,FEMININA,MANGA_LONGA	jogador/1784814306823_3.jpg jogador/1784814306822_0.jpg jogador/1784814306823_1.jpg jogador/1784814306823_2.jpg jogador/1784814306823_4.jpg jogador/1784814310197_5.jpg jogador/1784814310197_6.jpg jogador/1784814310198_7.jpg
9806ad5c-1257-409b-a6ad-748b4bee8d18	Barcelona Away Feminina 26/27	R$ 179,00	FEMININO	La Liga (Espanha)	P,M,G,GG	+ R$ 60,00	FEMININA,TORCEDOR,MANGA_LONGA,KIT_INFANTIL	feminina/1784814141282_0.jpg feminina/1784814141283_1.jpg
37c0fa71-7b75-436e-82d9-71b516fd6044	Barcelona Away Kids 26/27	R$ 199,00	KIDS	La Liga (Espanha)	14,16,18	+ R$ 60,00	KIT_INFANTIL,TORCEDOR,MANGA_LONGA,FEMININA	kit_infantil/1784814052556_0.jpg kit_infantil/1784814052557_1.jpg
25ea263a-cb6f-447d-8965-60b6528aabb1	Barcelona Away Long 26/27	R$ 209,00		La Liga (Espanha)	P,M,G,GG,2XG,3XG,4XG	+ R$ 60,00	MANGA_LONGA,TORCEDOR,KIT_INFANTIL,FEMININA	manga_longa/1784814052084_0.jpg manga_longa/1784814052084_1.jpg
7671d1aa-9e25-4ad9-af1a-a78e77379802	Barcelona Away Long Player 26/27	R$ 209,00	JOGADOR	La Liga (Espanha)	P,M,G,GG,2XG,3XG,4XG	+ R$ 60,00	MANGA_LONGA,TORCEDOR,KIT_INFANTIL,FEMININA	manga_longa/1784814051564_0.jpg manga_longa/1784814051565_1.jpg manga_longa/1784814051565_2.jpg manga_longa/1784814051565_3.jpg manga_longa/1784814051566_4.jpg
c88830b6-271e-4a79-add2-4013569e27bf	Barcelona Pre-Match 25/26	R$ 189,00	TORCEDOR	La Liga (Espanha)	P,M,G,GG,2XG,3XG,4XG	+ R$ 60,00	TORCEDOR	torcedor/1784815533527_0.jpg torcedor/1784815533528_1.jpg
e1c7c690-a9e4-482f-bae0-9df634182219	Camisa Barcelona Home Fan 25/26	R$ 189,00	TORCEDOR	La Liga (Espanha)	P,M,G,GG,2XG,3XG,4XG	+ R$ 60,00	TORCEDOR,JOGADOR	torcedor/1781616010271_0.jpg torcedor/1781616010272_1.jpg torcedor/1781616010272_2.jpg torcedor/1781616010272_3.jpg torcedor/1781616010272_4.jpg torcedor/1781616014507_5.jpg torcedor/1781616014508_6.jpg torcedor/1781616014508_7.jpg torcedor/1781616014508_8.jpg torcedor/1781616014509_9.jpg torcedor/1781616018569_10.jpg torcedor/1781616018570_11.jpg torcedor/1781616018570_12.jpg torcedor/1781616018570_13.jpg torcedor/1781616018571_14.jpg torcedor/1781616033696_15.jpg torcedor/1781616033697_16.jpg torcedor/1781616033698_17.jpg torcedor/1781616033698_18.jpg torcedor/1781616033698_19.jpg torcedor/1781616037613_20.jpg torcedor/1781616037614_21.jpg torcedor/1781616037614_22.jpg torcedor/1781616037615_23.jpg torcedor/1781616037615_24.jpg torcedor/1781616045071_25.jpg torcedor/1781616045072_26.jpg
98435226-007b-4886-a00f-a114c45d0cdc	Camisa Barcelona Third Player 25/26	R$ 229,00	JOGADOR	La Liga (Espanha)	P,M,G,GG,2XG,3XG,4XG	+ R$ 60,00	JOGADOR	jogador/1781616737790_0.jpg jogador/1781616737790_1.jpg jogador/1781616737791_2.jpg jogador/1781616737791_3.jpg jogador/1781616737791_4.jpg jogador/1781616741989_5.jpg jogador/1781616741990_6.jpg jogador/1781616741990_7.jpg jogador/1781616741991_8.jpg jogador/1781616741991_9.jpg jogador/1781616747429_10.jpg jogador/1781616747430_11.jpg jogador/1781616747430_12.jpg jogador/1781616747431_13.jpg jogador/1781616747431_14.jpg jogador/1781616750790_15.jpg jogador/1781616750791_16.jpg jogador/1781616750791_17.jpg jogador/1781616750791_18.jpg jogador/1781616750792_19.jpg jogador/1781616755695_20.jpg jogador/1781616755696_21.jpg jogador/1781616755696_22.jpg jogador/1781616755696_23.jpg jogador/1781616755697_24.jpg jogador/1781616759389_25.jpg jogador/1781616759390_26.jpg jogador/1781616759390_27.jpg jogador/1781616759391_28.jpg jogador/1781616759391_29.jpg
082937de-cb89-4342-9859-4e02b87870d9	Camisa Barcelona Home Player 25/26	R$ 229,00	JOGADOR	La Liga (Espanha)	P,M,G,GG,2XG,3XG,4XG	+ R$ 60,00	JOGADOR,TORCEDOR	jogador/1781615642260_0.jpg jogador/1781615642261_1.jpg jogador/1781615642261_2.jpg jogador/1781615642261_3.jpg jogador/1781615642262_4.jpg jogador/1781615646474_5.jpg jogador/1781615646474_6.jpg jogador/1781615646475_7.jpg jogador/1781615646475_8.jpg jogador/1781615646475_9.jpg jogador/1781615650420_10.jpg jogador/1781615650421_11.jpg jogador/1781615650421_12.jpg jogador/1781615650421_13.jpg jogador/1781615650422_14.jpg jogador/1781615653862_15.jpg jogador/1781615653863_16.jpg jogador/1781615653863_17.jpg jogador/1781615653864_18.jpg jogador/1781615653864_19.jpg jogador/1781615657802_20.jpg jogador/1781615657803_21.jpg jogador/1781615657804_22.jpg jogador/1781615657804_23.jpg jogador/1781615657804_24.jpg jogador/1781615661874_25.jpg jogador/1781615661875_26.jpg jogador/1781615661875_27.jpg jogador/1781615661876_28.jpg jogador/1781615661876_29.jpg
4f667080-2a7e-427e-b794-cf34af6368fa	Barcelona Away 24/25	R$ 189,00	TORCEDOR	La Liga (Espanha)	P,M,G,GG,2XG,3XG,4XG	+ R$ 60,00	TORCEDOR	torcedor/1788372237041_3.jpg torcedor/1788372237039_0.jpg torcedor/1788372237040_1.jpg torcedor/1788372237040_2.jpg torcedor/1788372237041_4.jpg
caf42989-a2aa-4129-8322-49c6ec5f9882	Barcelona Home Retro 20/21	R$ 229,00	RETRÔ	La Liga (Espanha)	P,M,G,GG,2XG,3XG,4XG	+ R$ 60,00	RETRO	retro/1784814307169_0.jpg retro/1784814307170_1.jpg retro/1784814307170_2.jpg retro/1784814307170_3.jpg retro/1784814307170_4.jpg retro/1784814310266_5.jpg retro/1784814310267_6.jpg
d3d94877-97c7-4438-b738-b06b10a1ee20	Barcelona Away Retro 20/21	R$ 229,00	RETRÔ	La Liga (Espanha)	P,M,G,GG,2XG,3XG,4XG	+ R$ 60,00	RETRO	retro/1784814141796_0.jpg retro/1784814141796_1.jpg retro/1784814141797_2.jpg retro/1784814141797_3.jpg retro/1784814141797_4.jpg retro/1784814144836_5.jpg
77974463-8f75-485e-8d73-c3cc4a4fb952	Barcelona Home Retro 19/20	R$ 229,00	RETRÔ	La Liga (Espanha)	P,M,G,GG,2XG,3XG,4XG	+ R$ 60,00	RETRO	retro/1784815456372_0.jpg retro/1784815456372_1.jpg retro/1784815456372_2.jpg retro/1784815456373_3.jpg retro/1784815456373_4.jpg retro/1784815459784_5.jpg
0570b375-06a5-4a85-b554-7d3f2e928652	Barcelona Home Retro 18/19	R$ 229,00	RETRÔ	La Liga (Espanha)	P,M,G,GG,2XG,3XG,4XG	+ R$ 60,00	RETRO	retro/1784815457024_0.jpg retro/1784815457024_1.jpg retro/1784815457025_2.jpg retro/1784815457025_3.jpg retro/1784815457025_4.jpg retro/1784815460097_5.jpg
c3233954-5d5d-4a76-a0a3-d63073021d12	Barcelona Home Retro 17/18	R$ 229,00	RETRÔ	La Liga (Espanha)	P,M,G,GG,2XG,3XG,4XG	+ R$ 60,00	RETRO	retro/1784815457470_0.jpg retro/1784815457471_1.jpg retro/1784815457471_2.jpg retro/1784815457471_3.jpg retro/1784815457471_4.jpg
e55b76cf-7bc1-4fc4-8488-9a29392f524f	Barcelona Home Retro 16/17	R$ 229,00	RETRÔ	La Liga (Espanha)	P,M,G,GG,2XG,3XG,4XG	+ R$ 60,00	RETRO	retro/1784815458346_0.jpg retro/1784815458347_1.jpg retro/1784815458347_2.jpg retro/1784815458348_3.jpg retro/1784815458348_4.jpg retro/1784815461344_5.jpg retro/1784815461345_6.jpg
77cf6fb5-ad02-4461-8e29-e1531908c7b9	Real Betis Away 26/27	R$ 189,00	TORCEDOR	La Liga (Espanha)	P,M,G,GG,2XG,3XG,4XG	+ R$ 60,00	TORCEDOR,KIT_INFANTIL	torcedor/1789488769527_0.jpg torcedor/1789488769528_1.jpg
951f23e8-717d-40e0-83df-87ac3355924a	Real Betis Third 26/27	R$ 189,00	TORCEDOR	La Liga (Espanha)	P,M,G,GG,2XG,3XG,4XG	+ R$ 60,00	TORCEDOR	torcedor/1789488769045_0.jpg torcedor/1789488769046_1.jpg torcedor/1789488769046_2.jpg torcedor/1789488769046_3.jpg
3b43ad58-4bfd-4ae9-a49d-dd9d3247fba3	Real Betis Away 95/97	R$ 189,00	TORCEDOR	La Liga (Espanha)	P,M,G,GG,2XG,3XG,4XG	+ R$ 60,00	TORCEDOR,KIT_INFANTIL	torcedor/1784751439799_0.jpg torcedor/1784751439800_1.jpg torcedor/1784751439800_2.jpg torcedor/1784751439800_3.jpg torcedor/1784751439801_4.jpg torcedor/1784751443717_5.jpg
c0eea703-1f49-4de9-84db-83e3457cdda3	Real Betis Home 26/27	R$ 189,00	TORCEDOR	La Liga (Espanha)	P,M,G,GG,2XG,3XG,4XG	+ R$ 60,00	TORCEDOR,KIT_INFANTIL,JOGADOR	torcedor/1784751439444_0.jpg torcedor/1784751439444_1.jpg torcedor/1784751439444_2.jpg torcedor/1784751439445_3.jpg torcedor/1784751439445_4.jpg torcedor/1784751442716_5.jpg
d907cca1-aa07-4612-b1a1-f7d78eeef714	Real Betis Training 26/27	R$ 189,00	TORCEDOR	La Liga (Espanha)	P,M,G,GG,2XG,3XG,4XG	+ R$ 60,00	TORCEDOR	torcedor/1784751351102_0.jpg torcedor/1784751351103_1.jpg
c0f59fdb-e399-4f17-aa46-c9d01af6ce49	Real Betis Away Kids 26/27	R$ 199,00	KIDS	La Liga (Espanha)	14,16,18	+ R$ 60,00	KIT_INFANTIL,TORCEDOR	kit_infantil/1789488769147_0.jpg kit_infantil/1789488769148_1.jpg
9c9e998c-aca7-4126-8f2b-66257597af32	Real Betis Home Kids 26/27	R$ 199,00	KIDS	La Liga (Espanha)	14,16,18	+ R$ 60,00	KIT_INFANTIL,TORCEDOR,JOGADOR	kit_infantil/1784751438436_0.jpg kit_infantil/1784751438437_1.jpg
d84d91ae-6f1b-494a-ae7b-73aa583d4e41	Real Betis Home Player 26/27	R$ 229,00	JOGADOR	La Liga (Espanha)	P,M,G,GG,2XG,3XG,4XG	+ R$ 60,00	JOGADOR,KIT_INFANTIL,TORCEDOR	jogador/1784751438283_0.jpg jogador/1784751438284_1.jpg jogador/1784751438284_2.jpg jogador/1784751438284_3.jpg jogador/1784751438284_4.jpg jogador/1784751441240_5.jpg jogador/1784751441241_6.jpg
fc42297e-a1d0-4671-b256-e42b5fd0fb70	Real Betis Jaqueta 25/26	R$ 189,00	TORCEDOR	La Liga (Espanha)	P,M,G,GG,2XG,3XG,4XG	+ R$ 60,00	TORCEDOR	torcedor/1784751352893_0.jpg torcedor/1784751352893_1.jpg torcedor/1784751352894_2.jpg torcedor/1784751352894_3.jpg
cdda203d-b31b-4650-9901-47fe1e7e674f	Real Betis Home Retro 00/01	R$ 229,00	RETRÔ	La Liga (Espanha)	P,M,G,GG,2XG,3XG,4XG	+ R$ 60,00	RETRO	retro/1784751397210_0.jpg retro/1784751397211_1.jpg retro/1784751397211_2.jpg retro/1784751397211_3.jpg retro/1784751397211_4.jpg
9848a6fb-6e4c-4864-82e3-e2da9119ddf2	Real Betis Home Retro 99/00	R$ 229,00	RETRÔ	La Liga (Espanha)	P,M,G,GG,2XG,3XG,4XG	+ R$ 60,00	RETRO	retro/1784751353367_0.jpg retro/1784751353368_1.jpg retro/1784751353368_2.jpg retro/1784751353368_3.jpg
928cc6dd-ce78-4909-a366-b2557508c063	Real Betis Home Retro 98/99	R$ 229,00	RETRÔ	La Liga (Espanha)	P,M,G,GG,2XG,3XG,4XG	+ R$ 60,00	RETRO	retro/1784751353902_0.jpg retro/1784751353902_1.jpg retro/1784751353902_2.jpg retro/1784751353903_3.jpg
b0ab4fa3-c987-4242-a1ca-d881fda63a17	Real Betis Home Retro 97/98	R$ 229,00	RETRÔ	La Liga (Espanha)	P,M,G,GG,2XG,3XG,4XG	+ R$ 60,00	RETRO	retro/1784751354272_0.jpg retro/1784751354273_1.jpg retro/1784751354273_2.jpg retro/1784751354273_3.jpg retro/1784751354273_4.jpg retro/1784751357243_5.jpg retro/1784751357244_6.jpg
51e76dd8-2133-438d-8984-c14950421835	Real Betis Jaqueta Retro 95/97	R$ 229,00	RETRÔ	La Liga (Espanha)	P,M,G,GG,2XG,3XG,4XG	+ R$ 60,00	RETRO	retro/1784751352457_0.jpg retro/1784751352458_1.jpg retro/1784751352458_2.jpg retro/1784751352458_3.jpg retro/1784751352459_4.jpg retro/1784751355262_5.jpg
0e299ec4-6721-48ab-be12-baf36309067a	Real Betis Home Retro 93/94	R$ 229,00	RETRÔ	La Liga (Espanha)	P,M,G,GG,2XG,3XG,4XG	+ R$ 60,00	RETRO	retro/1784751385263_0.jpg retro/1784751385264_1.jpg retro/1784751385264_2.jpg retro/1784751385264_3.jpg retro/1784751385265_4.jpg
1c856dd0-bc40-4bea-8432-b8d594a97c8c	Camisa RC Celta de Vigo Third Fan 25/26	R$ 189,00	TORCEDOR	La Liga (Espanha)	P,M,G,GG,2XG,3XG,4XG	+ R$ 60,00	TORCEDOR	torcedor/1782954444285_0.jpg torcedor/1782954444285_1.jpg torcedor/1782954444286_2.jpg torcedor/1782954444286_3.jpg torcedor/1782954444286_4.jpg torcedor/1782954447452_5.jpg torcedor/1782954447453_6.jpg torcedor/1782954447453_7.jpg torcedor/1782954447453_8.jpg torcedor/1782954447453_9.jpg torcedor/1782954451196_10.jpg torcedor/1782954451197_11.jpg torcedor/1782954451197_12.jpg torcedor/1782954451197_13.jpg torcedor/1782954451198_14.jpg torcedor/1782954454523_15.jpg torcedor/1782954454524_16.jpg torcedor/1782954454524_17.jpg torcedor/1782954454524_18.jpg torcedor/1782954454524_19.jpg torcedor/1782954457991_20.jpg torcedor/1782954457991_21.jpg torcedor/1782954457992_22.jpg torcedor/1782954457992_23.jpg torcedor/1782954457992_24.jpg
c32a2446-e145-49eb-b9a2-d705c20c8cbe	Camisa RC Celta de Vigo Home Fan 25/26	R$ 189,00	TORCEDOR	La Liga (Espanha)	P,M,G,GG,2XG,3XG,4XG	+ R$ 60,00	TORCEDOR	torcedor/1782954410466_0.jpg torcedor/1782954410467_1.jpg torcedor/1782954410467_2.jpg torcedor/1782954410467_3.jpg torcedor/1782954410468_4.jpg torcedor/1782954413783_5.jpg torcedor/1782954413784_6.jpg torcedor/1782954413784_7.jpg torcedor/1782954413785_8.jpg torcedor/1782954413785_9.jpg torcedor/1782954417497_10.jpg torcedor/1782954417497_11.jpg torcedor/1782954417498_12.jpg torcedor/1782954417498_13.jpg torcedor/1782954417498_14.jpg torcedor/1782954421242_15.jpg torcedor/1782954421243_16.jpg torcedor/1782954421243_17.jpg torcedor/1782954421243_18.jpg torcedor/1782954421244_19.jpg torcedor/1782954425509_20.jpg torcedor/1782954425510_21.jpg torcedor/1782954425510_22.jpg torcedor/1782954425510_23.jpg torcedor/1782954425511_24.jpg torcedor/1782954430219_25.jpg
1322810a-2d63-48aa-a1e7-77377e14cfd8	Camisa RC Celta de Vigo Away Fan 25/26	R$ 189,00	TORCEDOR	La Liga (Espanha)	P,M,G,GG,2XG,3XG,4XG	+ R$ 60,00	TORCEDOR	torcedor/1782954374538_0.jpg torcedor/1782954374538_1.jpg torcedor/1782954374539_2.jpg torcedor/1782954374539_3.jpg torcedor/1782954374539_4.jpg torcedor/1782954378476_5.jpg torcedor/1782954378477_6.jpg torcedor/1782954378477_7.jpg torcedor/1782954378477_8.jpg torcedor/1782954378478_9.jpg torcedor/1782954381884_10.jpg torcedor/1782954381885_11.jpg torcedor/1782954381885_12.jpg torcedor/1782954381886_13.jpg torcedor/1782954381886_14.jpg torcedor/1782954385922_15.jpg torcedor/1782954385923_16.jpg torcedor/1782954385924_17.jpg torcedor/1782954385924_18.jpg torcedor/1782954385924_19.jpg torcedor/1782954389341_20.jpg torcedor/1782954389342_21.jpg torcedor/1782954389343_22.jpg torcedor/1782954389343_23.jpg torcedor/1782954389343_24.jpg torcedor/1782954392375_25.jpg
7178f2ea-6c63-4af2-8c6d-359f283eb54a	Celta de Vigo Retro 05/07	R$ 229,00	RETRÔ	La Liga (Espanha)	P,M,G,GG,2XG,3XG,4XG	+ R$ 60,00	RETRO	retro/1784738589005_0.jpg retro/1784738589006_1.jpg retro/1784738589006_2.jpg retro/1784738589006_3.jpg
2a8a7e23-c5e6-4ff2-a10f-73c3abefb107	Celta de Vigo Retro 01/03	R$ 229,00	RETRÔ	La Liga (Espanha)	P,M,G,GG,2XG,3XG,4XG	+ R$ 60,00	RETRO	retro/1784738588966_0.jpg retro/1784738588967_1.jpg retro/1784738588967_2.jpg retro/1784738588968_3.jpg retro/1784738588968_4.jpg
3723001c-a1bc-4131-a2f7-c2956f528c86	Deportivo La Coruna Home 26/27	R$ 189,00	TORCEDOR	La Liga (Espanha)	P,M,G,GG,2XG,3XG,4XG	+ R$ 60,00	TORCEDOR	torcedor/1784749940404_2.jpg torcedor/1784749940403_0.jpg torcedor/1784749940404_1.jpg torcedor/1784749940404_3.jpg
cda7abb8-5c91-4f6d-a102-ab7f999094ae	Deportivo La Coruña Home Retro 2003	R$ 229,00	RETRÔ		P,M,G,GG,2XG,3XG,4XG	+ R$ 60,00	RETRO	retro/1784752926262_4.jpg retro/1784752926261_0.jpg retro/1784752926261_1.jpg retro/1784752926262_2.jpg retro/1784752926262_3.jpg retro/1784752930803_5.jpg
452e05b6-0f68-4650-ad57-9de1c878378e	Deportivo La Coruña Home Retro 99/00	R$ 229,00	RETRÔ	La Liga (Espanha)	P,M,G,GG,2XG,3XG,4XG	+ R$ 60,00	RETRO	retro/1784752926230_0.jpg retro/1784752926231_1.jpg retro/1784752926231_2.jpg retro/1784752926231_3.jpg retro/1784752926231_4.jpg retro/1784752930282_5.jpg
db484186-f099-4b04-b0da-15ee20d358a3	Camisa Elche CF Home Fan 25/26	R$ 189,00	TORCEDOR	La Liga (Espanha)	P,M,G,GG,2XG,3XG,4XG	+ R$ 60,00	TORCEDOR	torcedor/1782950491914_0.jpg torcedor/1782950491914_1.jpg torcedor/1782950491914_2.jpg torcedor/1782950491915_3.jpg torcedor/1782950491915_4.jpg torcedor/1782950495178_5.jpg torcedor/1782950495179_6.jpg torcedor/1782950495179_7.jpg torcedor/1782950495179_8.jpg torcedor/1782950495180_9.jpg torcedor/1782950499101_10.jpg torcedor/1782950499102_11.jpg torcedor/1782950499102_12.jpg torcedor/1782950499102_13.jpg torcedor/1782950499103_14.jpg torcedor/1782950502522_15.jpg torcedor/1782950502523_16.jpg torcedor/1782950502523_17.jpg torcedor/1782950502524_18.jpg torcedor/1782950502524_19.jpg torcedor/1782950506651_20.jpg torcedor/1782950506652_21.jpg
05364152-b882-48f4-9061-948e9c5d12bd	Camisa Elche CF Away Fan 25/26	R$ 189,00	TORCEDOR	La Liga (Espanha)	P,M,G,GG,2XG,3XG,4XG	+ R$ 60,00	TORCEDOR	torcedor/1782950439867_0.jpg torcedor/1782950439868_1.jpg torcedor/1782950439868_2.jpg torcedor/1782950439869_3.jpg torcedor/1782950439869_4.jpg torcedor/1782950443630_5.jpg torcedor/1782950443631_6.jpg torcedor/1782950443631_7.jpg torcedor/1782950443631_8.jpg torcedor/1782950443631_9.jpg torcedor/1782950447266_10.jpg torcedor/1782950447267_11.jpg torcedor/1782950447267_12.jpg torcedor/1782950447267_13.jpg torcedor/1782950447268_14.jpg torcedor/1782950449935_15.jpg torcedor/1782950449936_16.jpg torcedor/1782950449936_17.jpg torcedor/1782950449936_18.jpg torcedor/1782950449937_19.jpg torcedor/1782950453393_20.jpg
cc540898-3d17-4421-8751-1f3a79133033	Espanyol Third 26/27	R$ 189,00	TORCEDOR	La Liga (Espanha)	P,M,G,GG,2XG,3XG,4XG	+ R$ 60,00	TORCEDOR	torcedor/1789489186827_0.jpg torcedor/1789489186827_1.jpg torcedor/1789489186827_2.jpg torcedor/1789489186827_3.jpg torcedor/1789489186827_4.jpg
b3a1782a-6b01-4e52-8b45-4ec8437927cd	Espanyol Away 26/27	R$ 189,00	TORCEDOR	La Liga (Espanha)	P,M,G,GG,2XG,3XG,4XG	+ R$ 60,00	TORCEDOR,KIT_INFANTIL	torcedor/1789489186088_0.jpg torcedor/1789489186089_1.jpg
bdc9db8e-fa72-4fb5-8b45-fa68ebfb0db9	Espanyol Away kids 26/27	R$ 199,00	KIDS	La Liga (Espanha)	14,16,18	+ R$ 60,00	KIT_INFANTIL,TORCEDOR	kit_infantil/1789489186523_0.jpg kit_infantil/1789489186523_1.jpg
9b153b09-2a10-4841-a0e5-4478e2fda11b	Espanyol Home 25/26	R$ 189,00	TORCEDOR	La Liga (Espanha)	P,M,G,GG,2XG,3XG,4XG	+ R$ 60,00	TORCEDOR	torcedor/1784750283545_0.jpg torcedor/1784750283546_1.jpg torcedor/1784750283546_2.jpg torcedor/1784750283546_3.jpg torcedor/1784750283546_4.jpg
a756aff7-e3b5-4a5a-97cc-0c5f378286cb	Espanyol 125 Years Anniversary 25/26	R$ 189,00	TORCEDOR	La Liga (Espanha)	P,M,G,GG,2XG,3XG,4XG	+ R$ 60,00	TORCEDOR	torcedor/1784750283461_0.jpg torcedor/1784750283462_1.jpg torcedor/1784750283462_2.jpg torcedor/1784750283462_3.jpg
1ad3030f-8636-4cb6-966d-d1e47e2a09b7	Espanyol Home Retro 99/00	R$ 229,00	RETRÔ	La Liga (Espanha)	P,M,G,GG,2XG,3XG,4XG	+ R$ 60,00	RETRO	retro/1784750283504_0.jpg retro/1784750283505_1.jpg retro/1784750283505_2.jpg retro/1784750283505_3.jpg retro/1784750283506_4.jpg retro/1784750288312_5.jpg
8920243b-0ec6-4396-8c00-4074699f775e	Camisa Getafe CF Home Fan 25/26	R$ 189,00	TORCEDOR	La Liga (Espanha)	P,M,G,GG,2XG,3XG,4XG	+ R$ 60,00	TORCEDOR	torcedor/1782950902203_21.jpg torcedor/1782950888806_0.jpg torcedor/1782950888807_1.jpg torcedor/1782950888807_2.jpg torcedor/1782950888807_3.jpg torcedor/1782950888808_4.jpg torcedor/1782950891847_5.jpg torcedor/1782950891848_6.jpg torcedor/1782950891848_7.jpg torcedor/1782950891849_8.jpg torcedor/1782950891849_9.jpg torcedor/1782950895073_10.jpg torcedor/1782950895074_11.jpg torcedor/1782950895075_12.jpg torcedor/1782950895075_13.jpg torcedor/1782950895075_14.jpg torcedor/1782950898627_15.jpg torcedor/1782950898628_16.jpg torcedor/1782950898628_17.jpg torcedor/1782950898629_18.jpg torcedor/1782950898629_19.jpg torcedor/1782950902202_20.jpg torcedor/1782950902204_22.jpg torcedor/1782950902204_23.jpg torcedor/1782950902204_24.jpg torcedor/1782950905892_25.jpg torcedor/1782950905893_26.jpg
e07cd2ed-300e-4d11-88e4-2ddcac89dcb9	Camisa Getafe CF Away Fan 25/26	R$ 189,00	TORCEDOR	La Liga (Espanha)	P,M,G,GG,2XG,3XG,4XG	+ R$ 60,00	TORCEDOR	torcedor/1782950863497_20.jpg torcedor/1782950848495_0.jpg torcedor/1782950848496_1.jpg torcedor/1782950848496_2.jpg torcedor/1782950848496_3.jpg torcedor/1782950848496_4.jpg torcedor/1782950851693_5.jpg torcedor/1782950851694_6.jpg torcedor/1782950851694_7.jpg torcedor/1782950851695_8.jpg torcedor/1782950851695_9.jpg torcedor/1782950855653_10.jpg torcedor/1782950855654_11.jpg torcedor/1782950855655_12.jpg torcedor/1782950855655_13.jpg torcedor/1782950855655_14.jpg torcedor/1782950859302_15.jpg torcedor/1782950859303_16.jpg torcedor/1782950859303_17.jpg torcedor/1782950859303_18.jpg torcedor/1782950859303_19.jpg torcedor/1782950863498_21.jpg torcedor/1782950863498_22.jpg torcedor/1782950863498_23.jpg torcedor/1782950863498_24.jpg
98eeaa49-1fe6-422b-8d6c-936b9aa0af4d	Girona Away 26/27	R$ 189,00	TORCEDOR	La Liga (Espanha)	P,M,G,GG,2XG,3XG,4XG	+ R$ 60,00	TORCEDOR	torcedor/1784750315629_0.jpg torcedor/1784750315630_1.jpg
7c04d7cf-789a-4024-b6d9-1b25b5bf737b	Girona Home 26/27	R$ 189,00	TORCEDOR	La Liga (Espanha)	P,M,G,GG,2XG,3XG,4XG	+ R$ 60,00	TORCEDOR	torcedor/1784750314600_0.jpg torcedor/1784750314600_1.png
2c6d925c-4673-4f70-b218-cf38d2e63448	Malaga Away 26/27	R$ 189,00	TORCEDOR	La Liga (Espanha)	P,M,G,GG,2XG,3XG,4XG	+ R$ 60,00	TORCEDOR	torcedor/1784752846791_0.jpg torcedor/1784752846792_1.jpg torcedor/1784752846792_2.jpg torcedor/1784752846792_3.jpg
beb6cf55-f458-45e2-a78b-e2327dcad6eb	Malaga Home 26/27	R$ 189,00	TORCEDOR	La Liga (Espanha)	P,M,G,GG,2XG,3XG,4XG	+ R$ 60,00	TORCEDOR,KIT_INFANTIL	torcedor/1784752845742_0.jpg torcedor/1784752845742_1.jpg torcedor/1784752845743_2.jpg torcedor/1784752845743_3.jpg torcedor/1784752845743_4.jpg torcedor/1784752848560_5.jpg
9d1d2f82-6007-48fd-9b23-815daca98a70	Malaga Home Kids 26/27	R$ 199,00	KIDS	La Liga (Espanha)	14,16,18	+ R$ 60,00	KIT_INFANTIL,TORCEDOR	kit_infantil/1784752845309_0.jpg kit_infantil/1784752845309_1.jpg
bb641838-377c-4605-a4b2-91d3c8461f13	Malaga Away Retro 12/13	R$ 229,00	RETRÔ	La Liga (Espanha)	P,M,G,GG,2XG,3XG,4XG	+ R$ 60,00	RETRO	retro/1784752846335_0.jpg retro/1784752846336_1.jpg retro/1784752846336_2.jpg retro/1784752846336_3.jpg
ea4ecc53-03d2-49dc-a3d6-9afb3f4e0683	Malaga Home Retro 98	R$ 229,00	RETRÔ		P,M,G,GG,2XG,3XG,4XG	+ R$ 60,00	RETRO	retro/1784752845051_0.jpg retro/1784752845052_1.jpg
a1ad9453-b4dc-4403-862b-fba28af5937e	Osasuna Home 26/27	R$ 189,00	TORCEDOR	La Liga (Espanha)	P,M,G,GG,2XG,3XG,4XG	+ R$ 60,00	TORCEDOR,KIT_INFANTIL	torcedor/1784750458857_0.jpg torcedor/1784750458858_1.jpg torcedor/1784750458858_2.jpg torcedor/1784750458858_3.jpg torcedor/1784750458858_4.jpg
179f40e8-1587-4d4e-a875-cbcc11401294	Osasuna Home 26/27 Kids	R$ 199,00	KIDS	La Liga (Espanha)	14,16,18	+ R$ 60,00	KIT_INFANTIL,TORCEDOR	kit_infantil/1784750458094_0.jpg kit_infantil/1784750458095_1.jpg
83ef354c-6d1e-49ce-a614-d0e27efaeb40	Camisa CA Osasuna Third Fan 25/26	R$ 189,00	TORCEDOR	La Liga (Espanha)	P,M,G,GG,2XG,3XG,4XG	+ R$ 60,00	TORCEDOR	torcedor/1782951111345_0.jpg torcedor/1782951111345_1.jpg torcedor/1782951111346_2.jpg torcedor/1782951111346_3.jpg torcedor/1782951111346_4.jpg torcedor/1782951113970_5.jpg torcedor/1782951113971_6.jpg torcedor/1782951113971_7.jpg torcedor/1782951113971_8.jpg torcedor/1782951113972_9.jpg torcedor/1782951117234_10.jpg torcedor/1782951117235_11.jpg torcedor/1782951117235_12.jpg torcedor/1782951117236_13.jpg torcedor/1782951117236_14.jpg torcedor/1782951120439_15.jpg torcedor/1782951120440_16.jpg torcedor/1782951120440_17.jpg torcedor/1782951120441_18.jpg torcedor/1782951120441_19.jpg torcedor/1782951123881_20.jpg torcedor/1782951123882_21.jpg torcedor/1782951123882_22.jpg torcedor/1782951123882_23.jpg torcedor/1782951123883_24.jpg torcedor/1782951127639_25.jpg torcedor/1782951127640_26.jpg torcedor/1782951127640_27.jpg torcedor/1782951127641_28.jpg
56d5380e-c4f2-4f44-815d-204d6145d72b	Camisa CA Osasuna Home Fan 25/26	R$ 189,00	TORCEDOR	La Liga (Espanha)	P,M,G,GG,2XG,3XG,4XG	+ R$ 60,00	TORCEDOR	torcedor/1782951080318_20.jpg torcedor/1782951066049_0.jpg torcedor/1782951066050_1.jpg torcedor/1782951066050_2.jpg torcedor/1782951066050_3.jpg torcedor/1782951066050_4.jpg torcedor/1782951070030_5.jpg torcedor/1782951070031_6.jpg torcedor/1782951070031_7.jpg torcedor/1782951070031_8.jpg torcedor/1782951070031_9.jpg torcedor/1782951073011_10.jpg torcedor/1782951073011_11.jpg torcedor/1782951073012_12.jpg torcedor/1782951073012_13.jpg torcedor/1782951073012_14.jpg torcedor/1782951076318_15.jpg torcedor/1782951076319_16.jpg torcedor/1782951076319_17.jpg torcedor/1782951076319_18.jpg torcedor/1782951076320_19.jpg torcedor/1782951080319_21.jpg torcedor/1782951080319_22.jpg torcedor/1782951080319_23.jpg torcedor/1782951080320_24.jpg torcedor/1782951083870_25.jpg torcedor/1782951083871_26.jpg torcedor/1782951083872_27.jpg
cdc5ee41-ad8e-4a6d-a381-2e6784177f85	Osasuna Home Retro 00/01	R$ 229,00	RETRÔ	La Liga (Espanha)	P,M,G,GG,2XG,3XG,4XG	+ R$ 60,00	RETRO	retro/1784750457475_0.jpg retro/1784750457475_1.jpg retro/1784750457476_2.jpg retro/1784750457476_3.jpg retro/1784750457476_4.jpg
0c8b3465-98be-4e66-ad9f-eae416b3c75f	Osasuna Home Retro 98/99	R$ 229,00	RETRÔ	La Liga (Espanha)	P,M,G,GG,2XG,3XG,4XG	+ R$ 60,00	RETRO	retro/1784750455865_1.jpg retro/1784750455865_0.jpg retro/1784750455866_2.jpg retro/1784750455866_3.jpg retro/1784750455866_4.jpg retro/1784750459047_5.jpg
60dc4102-48f2-44c0-b1f2-4239ac3c84b9	Osasuna Away Retro 95/96	R$ 229,00	RETRÔ	La Liga (Espanha)	P,M,G,GG,2XG,3XG,4XG	+ R$ 60,00	RETRO	retro/1784750459498_0.jpg retro/1784750459499_1.jpg retro/1784750459499_2.jpg retro/1784750459499_3.jpg
f7dca211-c080-4125-8295-de387dc15df3	Osasuna Home Retro 95/96	R$ 229,00	RETRÔ	La Liga (Espanha)	P,M,G,GG,2XG,3XG,4XG	+ R$ 60,00	RETRO	retro/1784750456552_0.jpg retro/1784750456553_1.jpg retro/1784750456553_2.jpg retro/1784750456553_3.jpg
0cfdbe92-fa11-4d67-9211-1d5210e32f08	Osasuna Home Retro 83/84	R$ 229,00	RETRÔ	La Liga (Espanha)	P,M,G,GG,2XG,3XG,4XG	+ R$ 60,00	RETRO	retro/1784750456861_0.jpg retro/1784750456862_1.jpg retro/1784750456862_2.jpg retro/1784750456863_3.jpg
e3a3c11c-bdb5-44f3-899a-3ffb0f8e64ef	Real Oviedo Away 26/27	R$ 189,00	TORCEDOR	La Liga (Espanha)	P,M,G,GG,2XG,3XG,4XG	+ R$ 60,00	TORCEDOR	torcedor/1784751026057_0.jpg torcedor/1784751026058_1.jpg torcedor/1784751026058_2.jpg torcedor/1784751026058_3.jpg torcedor/1784751026059_4.jpg
c9d99068-587f-4f8e-83f5-572794c40087	Real Oviedo Home 26/27	R$ 189,00	TORCEDOR	La Liga (Espanha)	P,M,G,GG,2XG,3XG,4XG	+ R$ 60,00	TORCEDOR	torcedor/1784751025669_0.jpg torcedor/1784751025670_1.jpg torcedor/1784751025670_2.jpg torcedor/1784751025671_3.jpg torcedor/1784751025671_4.jpg
55ebcd5c-c5e2-46b1-b95d-ab59aa7c3d0e	Real Oviedo Third 26/27	R$ 189,00	TORCEDOR	La Liga (Espanha)	P,M,G,GG,2XG,3XG,4XG	+ R$ 60,00	TORCEDOR	torcedor/1784751024127_0.jpg torcedor/1784751024127_1.jpg torcedor/1784751024127_2.jpg torcedor/1784751024128_3.jpg torcedor/1784751024128_4.jpg
eaa540f3-3be3-4cb8-b23d-b925448e8ebe	Real Oviedo Home Retro 98/99	R$ 229,00	RETRÔ	La Liga (Espanha)	P,M,G,GG,2XG,3XG,4XG	+ R$ 60,00	RETRO	retro/1784751024226_0.jpg retro/1784751024227_1.jpg retro/1784751024227_2.jpg retro/1784751024227_3.jpg
feb7642d-a674-4c73-9bce-5851282d3ed5	Real Oviedo Home Retro 94/95	R$ 229,00	RETRÔ	La Liga (Espanha)	P,M,G,GG,2XG,3XG,4XG	+ R$ 60,00	RETRO	retro/1784751024681_0.jpg retro/1784751024681_1.jpg retro/1784751024682_2.jpg retro/1784751024682_3.jpg
936c851a-de9f-4f3b-a111-a2651cdc4c39	Real Oviedo Home Retro 92/93	R$ 229,00	RETRÔ	La Liga (Espanha)	P,M,G,GG,2XG,3XG,4XG	+ R$ 60,00	RETRO	retro/1784751025175_0.jpg retro/1784751025176_1.jpg retro/1784751025176_2.jpg retro/1784751025176_3.jpg
101902a3-a8b3-4146-b7ec-7008d0fb0f0c	Rayo Vallecano Away 26/27	R$ 189,00	TORCEDOR	La Liga (Espanha)	P,M,G,GG,2XG,3XG,4XG	+ R$ 60,00	TORCEDOR	torcedor/1784750567141_0.jpg torcedor/1784750567142_1.jpg
e138c2e9-43f6-4126-8427-c7e371a9e9e1	Rayo Vallecano Home 26/27	R$ 189,00	TORCEDOR	La Liga (Espanha)	P,M,G,GG,2XG,3XG,4XG	+ R$ 60,00	TORCEDOR	torcedor/1784750566526_0.jpg torcedor/1784750566527_1.jpg
a0a24a74-726d-42f3-a82d-f36b00c80493	Rayo Vallecano Third 26/27	R$ 189,00	TORCEDOR	La Liga (Espanha)	P,M,G,GG,2XG,3XG,4XG	+ R$ 60,00	TORCEDOR	torcedor/1784750565133_0.jpg torcedor/1784750565133_1.jpg
4f8d4caf-27f8-492a-b73e-751ac84f4c26	Camisa Rayo Vallecano Home Fan 25/26	R$ 189,00	TORCEDOR	La Liga (Espanha)	P,M,G,GG,2XG,3XG,4XG	+ R$ 60,00	TORCEDOR	torcedor/1782950693855_11.jpg torcedor/1782950687327_0.jpg torcedor/1782950687328_1.jpg torcedor/1782950687328_2.jpg torcedor/1782950687328_3.jpg torcedor/1782950687328_4.jpg torcedor/1782950690561_5.jpg torcedor/1782950690562_6.jpg torcedor/1782950690562_7.jpg torcedor/1782950690562_8.jpg torcedor/1782950690563_9.jpg torcedor/1782950693854_10.jpg torcedor/1782950693855_12.jpg torcedor/1782950693856_13.jpg torcedor/1782950693856_14.jpg torcedor/1782950697161_15.jpg torcedor/1782950697161_16.jpg torcedor/1782950697162_17.jpg torcedor/1782950697162_18.jpg torcedor/1782950697162_19.jpg torcedor/1782950700628_20.jpg torcedor/1782950700629_21.jpg torcedor/1782950700629_22.jpg
49175221-365b-486f-949a-e8799fd0a881	Camisa Rayo Vallecano Third Fan 25/26	R$ 189,00	TORCEDOR	La Liga (Espanha)	P,M,G,GG,2XG,3XG,4XG	+ R$ 60,00	TORCEDOR	torcedor/1782950665365_0.jpg torcedor/1782950665366_1.jpg torcedor/1782950665366_2.jpg torcedor/1782950665366_3.jpg torcedor/1782950665366_4.jpg torcedor/1782950668798_5.jpg torcedor/1782950668799_6.jpg torcedor/1782950668799_7.jpg torcedor/1782950668799_8.jpg torcedor/1782950668800_9.jpg torcedor/1782950671932_10.jpg torcedor/1782950671932_11.jpg torcedor/1782950671933_12.jpg torcedor/1782950671933_13.jpg torcedor/1782950671933_14.jpg torcedor/1782950675489_15.jpg torcedor/1782950675490_16.jpg torcedor/1782950675490_17.jpg torcedor/1782950675491_18.jpg torcedor/1782950675491_19.jpg torcedor/1782950678941_20.jpg
8758b18d-d0a5-4bee-a307-b5a57dc04677	Camisa Rayo Vallecano Away Fan 25/26	R$ 189,00	TORCEDOR	La Liga (Espanha)	P,M,G,GG,2XG,3XG,4XG	+ R$ 60,00	TORCEDOR	torcedor/1782950623363_0.jpg torcedor/1782950623363_1.jpg torcedor/1782950623364_2.jpg torcedor/1782950623364_3.jpg torcedor/1782950623364_4.jpg torcedor/1782950627362_5.jpg torcedor/1782950627362_6.jpg torcedor/1782950627363_7.jpg torcedor/1782950627363_8.jpg torcedor/1782950627363_9.jpg torcedor/1782950630676_10.jpg torcedor/1782950630677_11.jpg torcedor/1782950630677_12.jpg torcedor/1782950630677_13.jpg torcedor/1782950630678_14.jpg torcedor/1782950633690_15.jpg torcedor/1782950633690_16.jpg torcedor/1782950633691_17.jpg torcedor/1782950633691_18.jpg torcedor/1782950633691_19.jpg torcedor/1782950637597_20.jpg torcedor/1782950637598_21.jpg
737ebaba-56ec-4f19-816e-7deda7341878	Rayo Vallecano Home Retro 99/00	R$ 229,00	RETRÔ	La Liga (Espanha)	P,M,G,GG,2XG,3XG,4XG	+ R$ 60,00	RETRO	retro/1784750565196_0.jpg retro/1784750565196_1.jpg retro/1784750565196_2.jpg retro/1784750565197_3.jpg
4f9bbba6-f7fe-4ff0-99da-6d39e85bd974	Rayo Vallecano Home Retro 97/98	R$ 229,00	RETRÔ	La Liga (Espanha)	P,M,G,GG,2XG,3XG,4XG	+ R$ 60,00	RETRO	retro/1784750565846_0.jpg retro/1784750565847_1.jpg retro/1784750565847_2.jpg
18c82024-4c38-4678-8076-f35c1a4ea6c7	Rayo Vallecano Away Retro 95/96	R$ 229,00	RETRÔ	La Liga (Espanha)	P,M,G,GG,2XG,3XG,4XG	+ R$ 60,00	RETRO	retro/1784738538125_0.jpg retro/1784738538126_1.jpg retro/1784738538126_2.jpg
e948d0d0-c393-4550-84c3-5061a3e97808	Rayo Vallecano Home Retro 77/79	R$ 229,00	RETRÔ	La Liga (Espanha)	P,M,G,GG,2XG,3XG,4XG	+ R$ 60,00	RETRO	retro/1784750566269_0.jpg retro/1784750566270_1.jpg retro/1784750566270_2.jpg retro/1784750566271_3.jpg
e389b8f0-07a2-48b6-9111-31c109171e62	Real Madrid Home 26/27	R$ 189,00	TORCEDOR	La Liga (Espanha)	P,M,G,GG,2XG,3XG,4XG	+ R$ 60,00	TORCEDOR,KIT_INFANTIL,JOGADOR,MANGA_LONGA,FEMININA	torcedor/1784839293906_0.jpg torcedor/1784839293907_1.jpg torcedor/1784839293907_2.jpg torcedor/1784839293907_3.jpg torcedor/1784839293907_4.jpg torcedor/1784839298190_5.jpg
c5a34b48-a375-4ef7-9a6a-c58ffb307813	Real Madrid Away 26/27	R$ 189,00	TORCEDOR	La Liga (Espanha)	P,M,G,GG,2XG,3XG,4XG	+ R$ 60,00	TORCEDOR	torcedor/1784839216938_0.jpg torcedor/1784839216939_1.jpg
7951e8db-2ffb-4c3a-bde9-fd581ec9181c	Real Madrid Third 26/27	R$ 189,00	TORCEDOR	La Liga (Espanha)	P,M,G,GG,2XG,3XG,4XG	+ R$ 60,00	TORCEDOR,KIT_INFANTIL,FEMININA,MANGA_LONGA,JOGADOR	torcedor/1784839203279_0.jpg torcedor/1784839203280_1.jpg torcedor/1784839203280_2.jpg torcedor/1784839203280_3.jpg torcedor/1784839203280_4.jpg torcedor/1784839206899_5.jpg torcedor/1784839206900_6.jpg
bf65f912-91f4-48ca-bf65-d05102ecce64	Camisa Real Madrid Fan Home 26/27	R$ 189,00	TORCEDOR	La Liga (Espanha)	P,M,G,GG,2XG,3XG,4XG	+ R$ 60,00	TORCEDOR,KIT_INFANTIL,JOGADOR,MANGA_LONGA,FEMININA	torcedor/1783426468423_12.jpg torcedor/1783426461670_0.jpg torcedor/1783426461670_1.jpg torcedor/1783426461671_2.jpg torcedor/1783426461671_3.jpg torcedor/1783426461671_4.jpg torcedor/1783426465073_5.jpg torcedor/1783426465074_6.jpg torcedor/1783426465074_7.jpg torcedor/1783426465075_8.jpg torcedor/1783426465075_9.jpg torcedor/1783426468421_10.jpg torcedor/1783426468422_11.jpg torcedor/1783426468423_13.jpg torcedor/1783426468423_14.jpg torcedor/1783426471413_15.jpg torcedor/1783426471414_16.jpg torcedor/1783426471414_17.jpg torcedor/1783426471414_18.jpg torcedor/1783426471414_19.jpg torcedor/1783426474610_20.jpg torcedor/1783426474610_21.jpg
aeb3d5d7-a4a4-4d77-a923-911209efda9c	Camisa Real Madrid Fan Long 26/27	R$ 209,00	TORCEDOR	La Liga (Espanha)	P,M,G,GG,2XG,3XG,4XG	+ R$ 60,00	MANGA_LONGA,JOGADOR	manga_longa/1783426462728_7.jpg manga_longa/1783426459420_0.jpg manga_longa/1783426459421_1.jpg manga_longa/1783426459421_2.jpg manga_longa/1783426459421_3.jpg manga_longa/1783426459422_4.jpg manga_longa/1783426462727_5.jpg manga_longa/1783426462728_6.jpg manga_longa/1783426462728_8.jpg manga_longa/1783426462728_9.jpg manga_longa/1783426465393_10.jpg manga_longa/1783426465394_11.jpg manga_longa/1783426465394_12.jpg manga_longa/1783426465394_13.jpg manga_longa/1783426465395_14.jpg manga_longa/1783426468813_15.jpg manga_longa/1783426468814_16.jpg manga_longa/1783426468814_17.jpg manga_longa/1783426468814_18.jpg manga_longa/1783426468814_19.jpg manga_longa/1783426472038_20.jpg manga_longa/1783426472038_21.jpg
d9595432-f359-4d26-a3a0-4d329afc4051	Real Madrid Home Long 26/27	R$ 209,00		La Liga (Espanha)	P,M,G,GG,2XG,3XG,4XG	+ R$ 60,00	MANGA_LONGA,KIT_INFANTIL,JOGADOR,TORCEDOR,FEMININA	manga_longa/1784839293859_0.jpg manga_longa/1784839293860_1.jpg manga_longa/1784839293860_2.jpg manga_longa/1784839293860_3.jpg manga_longa/1784839293860_4.jpg
ece2862d-67d1-46bb-b366-2a6e76edab4b	Real Madrid Home Player 26/27	R$ 229,00	JOGADOR	La Liga (Espanha)	P,M,G,GG,2XG,3XG,4XG	+ R$ 60,00	JOGADOR,KIT_INFANTIL,TORCEDOR,MANGA_LONGA,FEMININA	jogador/1784839293753_0.jpg jogador/1784839293753_1.jpg jogador/1784839293754_2.jpg jogador/1784839293754_3.jpg jogador/1784839293754_4.jpg jogador/1784839297107_5.jpg
14bbc02f-a4be-4cad-95e4-1dbdc8da3752	Real Madrid Home Kids 26/27	R$ 199,00	KIDS	La Liga (Espanha)	14,16,18	+ R$ 60,00	KIT_INFANTIL,JOGADOR,TORCEDOR,MANGA_LONGA,FEMININA	kit_infantil/1784839293716_0.jpg kit_infantil/1784839293717_1.jpg
fa8b71d0-6845-49e8-9a7d-c55561ab4b9e	Real Madrid Home Feminina 26/27	R$ 179,00	FEMININO	La Liga (Espanha)	P,M,G,GG	+ R$ 60,00	FEMININA,KIT_INFANTIL,JOGADOR,TORCEDOR,MANGA_LONGA	feminina/1784839235418_0.jpg feminina/1784839235419_1.jpg feminina/1784839235419_2.jpg feminina/1784839235419_3.jpg feminina/1784839235420_4.jpg feminina/1784839242827_5.jpg feminina/1784839242828_6.jpg
141d5def-cd04-4de2-9ee1-d86d4d747812	Real Madrid Third Kids 26/27	R$ 199,00	KIDS	La Liga (Espanha)	14,16,18	+ R$ 60,00	KIT_INFANTIL,TORCEDOR,FEMININA,MANGA_LONGA,JOGADOR	kit_infantil/1784839164478_0.png kit_infantil/1784839164478_1.png
d5453bef-f6d0-4fab-9b34-48d333a504ae	Real Madrid Third Long Player 26/27	R$ 209,00	JOGADOR	La Liga (Espanha)	P,M,G,GG,2XG,3XG,4XG	+ R$ 60,00	MANGA_LONGA,KIT_INFANTIL,TORCEDOR,FEMININA,JOGADOR	manga_longa/1784839163888_1.jpg manga_longa/1784839163888_0.jpg manga_longa/1784839163889_2.jpg manga_longa/1784839163889_3.jpg manga_longa/1784839163889_4.jpg
ec1761e6-742c-44b6-8f35-7163abeaabb0	Real Madrid Third Player 26/27	R$ 229,00	JOGADOR	La Liga (Espanha)	P,M,G,GG,2XG,3XG,4XG	+ R$ 60,00	JOGADOR,KIT_INFANTIL,TORCEDOR,FEMININA,MANGA_LONGA	jogador/1784839162847_0.jpg jogador/1784839162847_1.jpg jogador/1784839162847_2.jpg jogador/1784839162848_3.jpg jogador/1784839162848_4.jpg jogador/1784839168187_5.jpg jogador/1784839168187_6.jpg
b66b2fa4-e608-49a2-a09b-61e4d686eb5d	Real Madrid Third Feminina 26/27	R$ 179,00	FEMININO	La Liga (Espanha)	P,M,G,GG	+ R$ 60,00	FEMININA,KIT_INFANTIL,TORCEDOR,MANGA_LONGA,JOGADOR	feminina/1784839161672_0.jpg feminina/1784839161673_1.jpg
f8ae7bf6-4289-4ed7-92fa-b035ce3ff848	Camisa Real Madrid Feminina Home 26/27	R$ 179,00	FEMININO	La Liga (Espanha)	P,M,G,GG	+ R$ 60,00	FEMININA,KIT_INFANTIL,JOGADOR,TORCEDOR,MANGA_LONGA	feminina/1783426509561_15.jpg feminina/1783426498609_0.jpg feminina/1783426498610_1.jpg feminina/1783426498610_2.jpg feminina/1783426498610_3.jpg feminina/1783426498611_4.jpg feminina/1783426502353_5.jpg feminina/1783426502354_6.jpg feminina/1783426502354_7.jpg feminina/1783426502355_8.jpg feminina/1783426502355_9.jpg feminina/1783426505793_10.jpg feminina/1783426505793_11.jpg feminina/1783426505794_12.jpg feminina/1783426505794_13.jpg feminina/1783426505794_14.jpg feminina/1783426509561_16.jpg feminina/1783426509562_17.jpg feminina/1783426509562_18.jpg feminina/1783426509562_19.jpg feminina/1783426512993_20.jpg feminina/1783426512993_21.jpg feminina/1783426512994_22.jpg
a9dcf226-444a-45c0-b76e-aa0dbd5dae56	Camisa Real Madrid Kids Home 26/27	R$ 199,00	KIDS	La Liga (Espanha)	14,16,18	+ R$ 60,00	KIT_INFANTIL,JOGADOR,TORCEDOR,MANGA_LONGA,FEMININA	kit_infantil/1783426459960_4.jpg kit_infantil/1783426459959_0.jpg kit_infantil/1783426459960_1.jpg kit_infantil/1783426459960_2.jpg kit_infantil/1783426459960_3.jpg kit_infantil/1783426463223_5.jpg kit_infantil/1783426463224_6.jpg kit_infantil/1783426463225_7.jpg kit_infantil/1783426463225_8.jpg kit_infantil/1783426463225_9.jpg kit_infantil/1783426466397_10.jpg kit_infantil/1783426466398_11.jpg kit_infantil/1783426466398_12.jpg kit_infantil/1783426466399_13.jpg kit_infantil/1783426466399_14.jpg kit_infantil/1783426469256_15.jpg kit_infantil/1783426469257_16.jpg kit_infantil/1783426469257_17.jpg kit_infantil/1783426469257_18.jpg kit_infantil/1783426469258_19.jpg kit_infantil/1783426472468_20.jpg kit_infantil/1783426472469_21.jpg kit_infantil/1783426472470_22.jpg kit_infantil/1783426472470_23.jpg kit_infantil/1783426472471_24.jpg kit_infantil/1783426475606_25.jpg kit_infantil/1783426475606_26.jpg kit_infantil/1783426475607_27.jpg
93128a43-e1b2-41cd-8ddd-af84f2b96370	Camisa Real Madrid Home Player 26/27	R$ 229,00	JOGADOR	La Liga (Espanha)	P,M,G,GG,2XG,3XG,4XG	+ R$ 60,00	JOGADOR,KIT_INFANTIL,TORCEDOR,MANGA_LONGA,FEMININA	jogador/1781561338189_0.jpg jogador/1781561338189_1.jpg jogador/1781561338190_2.jpg jogador/1781561338190_3.jpg jogador/1781561340525_4.jpg jogador/1781561340525_5.jpg jogador/1781561340525_6.jpg jogador/1781561340526_7.jpg jogador/1781561345287_8.jpg jogador/1781561345288_9.jpg jogador/1781561345288_10.jpg jogador/1781561345288_11.jpg jogador/1781561347415_12.jpg jogador/1781561347415_13.jpg jogador/1781561347416_14.jpg jogador/1781561347416_15.jpg jogador/1781561351645_16.jpg jogador/1781561351645_17.jpg jogador/1781561351646_18.jpg jogador/1781561351646_19.jpg jogador/1781561353933_20.jpg jogador/1781561353933_21.jpg jogador/1781561353934_22.jpg jogador/1781561353934_23.jpg jogador/1781561358207_24.jpg
cd882618-8df2-45b4-ae1f-a832015c1d77	Real Home 25/26	R$ 189,00	TORCEDOR	La Liga (Espanha)	P,M,G,GG,2XG,3XG,4XG	+ R$ 60,00	TORCEDOR	torcedor/1788372256098_0.webp torcedor/1788372256098_1.webp torcedor/1788372256098_2.webp torcedor/1788372256099_3.webp torcedor/1788372256099_4.webp
f700e33b-f8c6-400e-883f-3e35def616cf	Real Madrid Home Retro 21/22	R$ 229,00	RETRÔ	La Liga (Espanha)	P,M,G,GG,2XG,3XG,4XG	+ R$ 60,00	RETRO	retro/1784839070183_0.jpg retro/1784839070184_1.jpg retro/1784839070184_2.jpg retro/1784839070184_3.jpg retro/1784839070185_4.jpg retro/1784839073038_5.jpg
4e957bcd-1688-4f8b-bef4-5bb8307fd35a	Real Madrid Home Retro 20/21	R$ 229,00	RETRÔ	La Liga (Espanha)	P,M,G,GG,2XG,3XG,4XG	+ R$ 60,00	RETRO	retro/1784839070550_0.jpg retro/1784839070551_1.jpg retro/1784839070551_2.jpg retro/1784839070551_3.jpg retro/1784839070551_4.jpg retro/1784839073257_5.jpg
2d63918a-f6e3-4286-9ccf-50f97cef4a7d	Real Madrid Home Retro 19/20	R$ 229,00	RETRÔ	La Liga (Espanha)	P,M,G,GG,2XG,3XG,4XG	+ R$ 60,00	RETRO	retro/1784839071329_0.jpg retro/1784839071329_1.jpg retro/1784839071330_2.jpg retro/1784839071330_3.jpg retro/1784839071330_4.jpg retro/1784839074469_5.jpg
e78a35cd-c4a9-4798-83c6-4c18d7b2c4d2	Real Madrid Home Retro 17/18	R$ 229,00	RETRÔ	La Liga (Espanha)	P,M,G,GG,2XG,3XG,4XG	+ R$ 60,00	RETRO	retro/1784839071711_0.jpg retro/1784839071711_1.jpg retro/1784839071712_2.jpg retro/1784839071712_3.jpg retro/1784839071712_4.jpg retro/1784839074718_5.jpg
4f62a1f6-1b4a-430c-8903-7f511317087c	Real Madrid Third Retro 17/18	R$ 229,00	RETRÔ	La Liga (Espanha)	P,M,G,GG,2XG,3XG,4XG	+ R$ 60,00	RETRO	retro/1784839069722_0.jpg retro/1784839069723_1.jpg retro/1784839069723_2.jpg retro/1784839069723_3.jpg retro/1784839069724_4.jpg retro/1784839073153_5.jpg
ae6bf46f-f568-4ac3-85a9-46833ef1ec93	Real Madrid Away Retro 17/18	R$ 229,00	RETRÔ	La Liga (Espanha)	P,M,G,GG,2XG,3XG,4XG	+ R$ 60,00	RETRO	retro/1784822026137_0.jpg retro/1784822026137_1.jpg retro/1784822026138_2.jpg retro/1784822026138_3.jpg retro/1784822026138_4.jpg retro/1784822030220_5.jpg retro/1784822030221_6.jpg
d9ef0099-01e6-48cb-8be2-2686d7d93b20	Real Madrid Home Retro 16/17	R$ 229,00	RETRÔ	La Liga (Espanha)	P,M,G,GG,2XG,3XG,4XG	+ R$ 60,00	RETRO	retro/1784822209372_0.jpg retro/1784822209373_1.jpg retro/1784822209373_2.jpg retro/1784822209373_3.jpg retro/1784822209373_4.jpg retro/1784822213113_5.jpg retro/1784822213114_6.jpg
f2263fbc-3d55-4e4a-8bcd-c21703ac91eb	Real Madrid Third Retro 16/17	R$ 229,00	RETRÔ	La Liga (Espanha)	P,M,G,GG,2XG,3XG,4XG	+ R$ 60,00	RETRO	retro/1784822207733_0.jpg retro/1784822207733_1.jpg retro/1784822207734_2.jpg retro/1784822207734_3.jpg retro/1784822207734_4.jpg retro/1784822210900_5.jpg
eff8d827-c778-433b-b9cb-862f7dbc744b	Real Madrid Away Retro 15/16	R$ 229,00	RETRÔ	La Liga (Espanha)	P,M,G,GG,2XG,3XG,4XG	+ R$ 60,00	RETRO	retro/1784822026147_0.jpg retro/1784822026147_1.jpg retro/1784822026148_2.jpg retro/1784822026148_3.jpg retro/1784822026148_4.jpg retro/1784822029504_5.jpg
d4c909e2-e5a6-403b-bbb8-88f045539309	Real Madrid Home 15/16	R$ 229,00	RETRÔ	La Liga (Espanha)	P,M,G,GG,2XG,3XG,4XG	+ R$ 60,00	RETRO	retro/1784822025094_0.jpg retro/1784822025095_1.jpg retro/1784822025095_2.jpg retro/1784822025095_3.jpg retro/1784822025095_4.jpg
1ab6e3b6-d969-4e51-a0b5-884c0748828e	Real Madrid Home Retro 14/15	R$ 229,00	RETRÔ	La Liga (Espanha)	P,M,G,GG,2XG,3XG,4XG	+ R$ 60,00	RETRO	retro/1784822213406_0.jpg retro/1784822213407_1.jpg retro/1784822213407_2.jpg retro/1784822213407_3.jpg retro/1784822213407_4.jpg retro/1784822216979_5.jpg retro/1784822216980_6.jpg retro/1784822216980_7.jpg
aa47371a-b604-441f-afe8-778cbf7d6b02	Real Madrid Home Retro 13/14	R$ 229,00	RETRÔ	La Liga (Espanha)	P,M,G,GG,2XG,3XG,4XG	+ R$ 60,00	RETRO	retro/1784822117534_0.jpg retro/1784822117535_1.jpg retro/1784822117535_2.jpg retro/1784822117535_3.jpg retro/1784822117535_4.jpg retro/1784822122399_5.jpg retro/1784822122400_6.jpg
6ada5859-c434-4176-b80c-fd110348e22a	Real Madrid Home Retro 12/13	R$ 229,00	RETRÔ	La Liga (Espanha)	P,M,G,GG,2XG,3XG,4XG	+ R$ 60,00	RETRO	retro/1784822117470_0.jpg
00641775-2c7e-47b6-8273-612074fb057a	Real Madrid Away Retro 12/13	R$ 229,00	RETRÔ	La Liga (Espanha)	P,M,G,GG,2XG,3XG,4XG	+ R$ 60,00	RETRO	retro/1784822026810_0.jpg
6222f415-f498-4a1a-b1a4-b7ec26eaa9f7	Real Madrid Third Retro 11/12	R$ 229,00	RETRÔ	La Liga (Espanha)	P,M,G,GG,2XG,3XG,4XG	+ R$ 60,00	RETRO	retro/1784822208221_0.jpg retro/1784822208221_1.jpg retro/1784822208222_2.jpg retro/1784822208222_3.jpg retro/1784822208222_4.jpg retro/1784822211377_5.jpg retro/1784822211378_6.jpg
fe19e578-e997-4191-a651-ebb6f63c1732	Real Madrid Home Retro 11/12	R$ 229,00	RETRÔ	La Liga (Espanha)	P,M,G,GG,2XG,3XG,4XG	+ R$ 60,00	RETRO	retro/1784822117805_0.jpg retro/1784822117806_1.jpg retro/1784822117806_2.jpg retro/1784822117806_3.jpg retro/1784822117807_4.jpg retro/1784822122544_5.jpg retro/1784822122545_6.jpg retro/1784822122545_7.jpg
8ef08d3f-aa2c-419b-a4c6-02df92da0e2d	Real Madrid Away Retro 11/12	R$ 229,00	RETRÔ	La Liga (Espanha)	P,M,G,GG,2XG,3XG,4XG	+ R$ 60,00	RETRO	retro/1784822027193_0.jpg retro/1784822027193_1.jpg retro/1784822027194_2.jpg retro/1784822027194_3.jpg retro/1784822027194_4.jpg retro/1784822030393_5.jpg
1c8cbd5d-02e8-4c7d-aedc-3d542fcf9649	Real Madrid Away Retro 09/10	R$ 229,00	RETRÔ	La Liga (Espanha)	P,M,G,GG,2XG,3XG,4XG	+ R$ 60,00	RETRO	retro/1784822027969_0.jpg retro/1784822027970_1.jpg retro/1784822027970_2.jpg retro/1784822027970_3.jpg retro/1784822027971_4.jpg retro/1784822031028_5.jpg retro/1784822031029_6.jpg
4702e739-aeb6-45af-9870-2677fd3ff7c2	Real Madrid Home Retro 08/09	R$ 229,00	RETRÔ	La Liga (Espanha)	P,M,G,GG,2XG,3XG,4XG	+ R$ 60,00	RETRO	retro/1784822118232_0.jpg retro/1784822118233_1.jpg retro/1784822118233_2.jpg retro/1784822118233_3.jpg retro/1784822118233_4.jpg retro/1784822122481_5.jpg retro/1784822122482_6.jpg
3efdfa97-acfa-484b-bcf9-e3af9532f0a8	Real Madrid Home Retro 06/17	R$ 229,00	RETRÔ	La Liga (Espanha)	P,M,G,GG,2XG,3XG,4XG	+ R$ 60,00	RETRO	retro/1784822118919_0.jpg retro/1784822118920_1.jpg retro/1784822118920_2.jpg retro/1784822118920_3.jpg retro/1784822118920_4.jpg retro/1784822121653_5.jpg retro/1784822121654_6.jpg
7042bdc7-c2b3-408c-9ef4-a86cfe8ed33c	Real Madrid Away Retro 06/07	R$ 229,00	RETRÔ	La Liga (Espanha)	P,M,G,GG,2XG,3XG,4XG	+ R$ 60,00	RETRO	retro/1784822028436_0.jpg retro/1784822028437_1.jpg retro/1784822028437_2.jpg retro/1784822028437_3.jpg retro/1784822028437_4.jpg retro/1784822031595_5.jpg retro/1784822031596_6.jpg
660a6fa4-6881-4552-8ff1-5b867b5c3c91	Real Madrid Home Retro 05/06	R$ 229,00	RETRÔ	La Liga (Espanha)	P,M,G,GG,2XG,3XG,4XG	+ R$ 60,00	RETRO	retro/1784822119552_0.jpg retro/1784822119553_1.jpg retro/1784822119553_2.jpg retro/1784822119553_3.jpg retro/1784822119553_4.jpg retro/1784822122487_5.jpg retro/1784822122488_6.jpg
0ce1eeea-3d7c-4ac6-8436-acaac1fdf239	Real Madrid Home Retro 04/05	R$ 229,00	RETRÔ	La Liga (Espanha)	P,M,G,GG,2XG,3XG,4XG	+ R$ 60,00	RETRO	retro/1784822124900_0.jpg retro/1784822124900_1.jpg retro/1784822124901_2.jpg retro/1784822124901_3.jpg retro/1784822124901_4.jpg retro/1784822128422_5.jpg retro/1784822128423_6.jpg
5044afff-4cea-4eb2-9941-48bde9522f82	Camisa Real Madrid Home Champions League Retrô Fan 02/03	R$ 229,00	TORCEDOR	La Liga (Espanha)	P,M,G,GG,2XG,3XG,4XG	+ R$ 60,00	RETRO	retro/1782490057927_14.jpg retro/1782490050628_0.jpg retro/1782490050629_1.jpg retro/1782490050629_2.jpg retro/1782490050629_3.jpg retro/1782490050630_4.jpg retro/1782490054700_5.jpg retro/1782490054701_6.jpg retro/1782490054701_7.jpg retro/1782490054702_8.jpg retro/1782490054702_9.jpg retro/1782490057925_10.jpg retro/1782490057926_11.jpg retro/1782490057926_12.jpg retro/1782490057926_13.jpg retro/1782490061760_15.jpg retro/1782490061761_16.jpg retro/1782490061761_17.jpg retro/1782490061761_18.jpg
27d10c14-dec5-410d-b0b3-473118705ad3	Camisa Real Madrid Away Retrô Fan 02/03	R$ 229,00	TORCEDOR	La Liga (Espanha)	P,M,G,GG,2XG,3XG,4XG	+ R$ 60,00	RETRO	retro/1782489772481_0.jpg retro/1782489772481_1.jpg retro/1782489772482_2.jpg retro/1782489772482_3.jpg retro/1782489772482_4.jpg retro/1782489775725_5.jpg retro/1782489775726_6.jpg retro/1782489775726_7.jpg retro/1782489775726_8.jpg retro/1782489775726_9.jpg retro/1782489779014_10.jpg retro/1782489779015_11.jpg retro/1782489779015_12.jpg retro/1782489779015_13.jpg retro/1782489779015_14.jpg
f247bdec-b083-487b-b3b0-0a2f52537225	Camisa Real Madrid Home Retrô Fan 01/02	R$ 229,00	TORCEDOR	La Liga (Espanha)	P,M,G,GG,2XG,3XG,4XG	+ R$ 60,00	RETRO	retro/1782489697368_2.jpg retro/1782489697367_0.jpg retro/1782489697368_1.jpg retro/1782489697368_3.jpg retro/1782489697368_4.jpg retro/1782489701030_5.jpg retro/1782489701031_6.jpg retro/1782489701031_7.jpg retro/1782489701031_8.jpg retro/1782489701032_9.jpg retro/1782489704418_10.jpg retro/1782489704418_11.jpg retro/1782489704419_12.jpg retro/1782489704419_13.jpg retro/1782489704419_14.jpg retro/1782489707810_15.jpg retro/1782489707811_16.jpg retro/1782489707811_17.jpg retro/1782489707811_18.jpg retro/1782489707812_19.jpg retro/1782489711643_20.jpg
40f77735-8f8b-4b9b-a455-c6d8661fab3c	Camisa Real Madrid Away Retrô Fan 01/02	R$ 229,00	TORCEDOR	La Liga (Espanha)	P,M,G,GG,2XG,3XG,4XG	+ R$ 60,00	RETRO	retro/1782489659793_5.jpg retro/1782489656169_0.jpg retro/1782489656170_1.jpg retro/1782489656170_2.jpg retro/1782489656171_3.jpg retro/1782489656171_4.jpg retro/1782489659794_6.jpg retro/1782489659794_7.jpg retro/1782489659795_8.jpg retro/1782489659795_9.jpg retro/1782489663595_10.jpg retro/1782489663596_11.jpg retro/1782489663596_12.jpg retro/1782489663596_13.jpg retro/1782489663597_14.jpg retro/1782489666891_15.jpg retro/1782489666892_16.jpg retro/1782489666892_17.jpg retro/1782489666892_18.jpg retro/1782489666893_19.jpg
393deefa-b982-44ad-a299-9c4bfa160f7e	Real Madrid Home Retro 01/02	R$ 229,00	RETRÔ	La Liga (Espanha)	P,M,G,GG,2XG,3XG,4XG	+ R$ 60,00	RETRO	retro/1784822024838_0.jpg retro/1784822024839_1.jpg retro/1784822024839_2.jpg retro/1784822024840_3.jpg retro/1784822024840_4.jpg retro/1784822027832_5.jpg retro/1784822027833_6.jpg
0aca4b44-69ac-43f9-8df2-4f2543d8cece	2001 Real Madrid Home Retro Kids	R$ 199,00	RETRÔ		14,16,18	+ R$ 60,00	KIT_INFANTIL	kit_infantil/1782392928305_6.jpg kit_infantil/1782392925135_0.jpg kit_infantil/1782392925136_1.jpg kit_infantil/1782392925136_2.jpg kit_infantil/1782392925136_3.jpg kit_infantil/1782392925136_4.jpg kit_infantil/1782392928304_5.jpg kit_infantil/1782392928305_7.jpg kit_infantil/1782392928306_8.jpg kit_infantil/1782392928306_9.jpg kit_infantil/1782392932578_10.jpg kit_infantil/1782392932579_11.jpg kit_infantil/1782392932579_12.jpg kit_infantil/1782392932580_13.jpg kit_infantil/1782392932580_14.jpg kit_infantil/1782392935764_15.jpg kit_infantil/1782392935765_16.jpg kit_infantil/1782392935765_17.jpg kit_infantil/1782392935766_18.jpg kit_infantil/1782392935766_19.jpg kit_infantil/1782392939357_20.jpg kit_infantil/1782392939358_21.jpg kit_infantil/1782392939358_22.jpg kit_infantil/1782392939358_23.jpg kit_infantil/1782392939359_24.jpg kit_infantil/1782392942521_25.jpg kit_infantil/1782392942523_26.jpg kit_infantil/1782392942523_27.jpg kit_infantil/1782392942523_28.jpg kit_infantil/1782392942523_29.jpg kit_infantil/1782392946555_30.jpg kit_infantil/1782392946555_31.jpg kit_infantil/1782392946556_32.jpg
c2de2031-e409-42a5-bcac-94eb547d2e04	Real Madrid Away Retro 99/01	R$ 229,00	RETRÔ	La Liga (Espanha)	P,M,G,GG,2XG,3XG,4XG	+ R$ 60,00	RETRO	retro/1784822025399_0.jpg retro/1784822025399_1.jpg retro/1784822025400_2.jpg retro/1784822025400_3.jpg retro/1784822025400_4.jpg retro/1784822028288_5.jpg retro/1784822028288_6.jpg retro/1784822028289_7.jpg
f2d3642b-f1c2-4947-b49f-3c4e093b43c4	Real Madrid Home Retro 98/00	R$ 229,00	RETRÔ	La Liga (Espanha)	P,M,G,GG,2XG,3XG,4XG	+ R$ 60,00	RETRO	retro/1784822208235_0.jpg retro/1784822208236_1.jpg retro/1784822208236_2.jpg retro/1784822208236_3.jpg retro/1784822208237_4.jpg retro/1784822211791_5.jpg
3efd2a92-7a1b-4b8d-9df2-8fcf78b0adda	Real Madrid Home Retro 96/97	R$ 229,00	RETRÔ	La Liga (Espanha)	P,M,G,GG,2XG,3XG,4XG	+ R$ 60,00	RETRO	retro/1784822208659_0.jpg retro/1784822208660_1.jpg retro/1784822208660_2.jpg retro/1784822208660_3.jpg retro/1784822208660_4.jpg retro/1784822211714_5.jpg
b884404b-15cf-440f-8ffa-ab0693bf41d5	Real Sociedad Home 26/27	R$ 189,00	TORCEDOR	La Liga (Espanha)	P,M,G,GG,2XG,3XG,4XG	+ R$ 60,00	TORCEDOR	torcedor/1784750933416_0.jpg torcedor/1784750933416_1.jpg torcedor/1784750933417_2.png torcedor/1784750933417_3.png torcedor/1784750933417_4.png
287bcf19-0f6e-4e21-9174-fd10a3193ddd	Camisa Real Sociedad Home Fan 25/26	R$ 189,00	TORCEDOR	La Liga (Espanha)	P,M,G,GG,2XG,3XG,4XG	+ R$ 60,00	TORCEDOR	torcedor/1782954778562_14.jpg torcedor/1782954770818_0.jpg torcedor/1782954770819_1.jpg torcedor/1782954770819_2.jpg torcedor/1782954770819_3.jpg torcedor/1782954770820_4.jpg torcedor/1782954774764_5.jpg torcedor/1782954774765_6.jpg torcedor/1782954774765_7.jpg torcedor/1782954774765_8.jpg torcedor/1782954774765_9.jpg torcedor/1782954778560_10.jpg torcedor/1782954778561_11.jpg torcedor/1782954778561_12.jpg torcedor/1782954778562_13.jpg torcedor/1782954781792_15.jpg torcedor/1782954781793_16.jpg torcedor/1782954781793_17.jpg torcedor/1782954781793_18.jpg torcedor/1782954781793_19.jpg torcedor/1782954785776_20.jpg torcedor/1782954785777_21.jpg torcedor/1782954785778_22.jpg torcedor/1782954785778_23.jpg torcedor/1782954785778_24.jpg
4afb699a-9e93-4a97-ac4d-2c167d56c5fa	Real Sociedad Home Retro 02/03	R$ 229,00	RETRÔ	La Liga (Espanha)	P,M,G,GG,2XG,3XG,4XG	+ R$ 60,00	RETRO	retro/1784750934594_0.jpg retro/1784750934594_1.jpg retro/1784750934594_2.jpg retro/1784750934595_3.jpg
c874701b-e4dd-4b3a-8200-5ff170a94398	Real Sociedad Away Retro 00/02	R$ 229,00	RETRÔ	La Liga (Espanha)	P,M,G,GG,2XG,3XG,4XG	+ R$ 60,00	RETRO	retro/1784750935593_0.jpg retro/1784750935594_1.jpg retro/1784750935594_2.jpg retro/1784750935595_3.jpg
0dfb1df3-1ffd-4e2a-9fa5-ffced2f1f279	Real Sociedad Home Retro 98/00	R$ 229,00	RETRÔ	La Liga (Espanha)	P,M,G,GG,2XG,3XG,4XG	+ R$ 60,00	RETRO	retro/1784750933699_0.jpg retro/1784750933699_1.jpg retro/1784750933700_2.jpg
37c5e9ce-0f14-4288-86ff-fcdb5b24625e	Real Sociedad Away Retro 95/96	R$ 229,00	RETRÔ	La Liga (Espanha)	P,M,G,GG,2XG,3XG,4XG	+ R$ 60,00	RETRO	retro/1784750938402_6.jpg retro/1784750935039_0.jpg retro/1784750935040_1.jpg retro/1784750935040_2.jpg retro/1784750935040_3.jpg retro/1784750935041_4.jpg retro/1784750938402_5.jpg
fb61c12c-e839-49d4-a752-81ea0937aab7	Real Sociedad Home Retro 94/95	R$ 229,00	RETRÔ	La Liga (Espanha)	P,M,G,GG,2XG,3XG,4XG	+ R$ 60,00	RETRO	retro/1784750934049_0.jpg retro/1784750934049_1.jpg retro/1784750934050_2.jpg retro/1784750934050_3.jpg retro/1784750934050_4.jpg retro/1784750937062_5.jpg retro/1784750937062_6.jpg retro/1784750937063_7.jpg
ed0856f8-7454-43b8-bd96-816e82d41a71	Sporting de Gijon Home 26/27	R$ 189,00	TORCEDOR	La Liga (Espanha)	P,M,G,GG,2XG,3XG,4XG	+ R$ 60,00	TORCEDOR	retro/1784750739786_0.jpg retro/1784750739786_1.jpg
bfc3390a-c135-4b1b-aff8-2949d5ed8d7d	Sevilla Home 26/27	R$ 189,00	TORCEDOR	La Liga (Espanha)	P,M,G,GG,2XG,3XG,4XG	+ R$ 60,00	TORCEDOR	torcedor/1784750734323_0.jpg torcedor/1784750734324_1.jpg torcedor/1784750734324_2.jpg torcedor/1784750734324_3.jpg torcedor/1784750734324_4.jpg
3a42ff23-7a20-4596-b79f-6a82b045c6e4	Sevilla Home 25/27	R$ 189,00	TORCEDOR	La Liga (Espanha)	P,M,G,GG,2XG,3XG,4XG	+ R$ 60,00	TORCEDOR	torcedor/1784750733773_0.jpg torcedor/1784750733774_1.jpg
2c0743a8-ced3-4555-93f8-83d997a2c31d	Sevilla Away 26/27	R$ 189,00	TORCEDOR	La Liga (Espanha)	P,M,G,GG,2XG,3XG,4XG	+ R$ 60,00	TORCEDOR	torcedor/1784750732594_0.jpg torcedor/1784750732594_1.jpg torcedor/1784750732595_2.jpg torcedor/1784750732595_3.jpg torcedor/1784750732595_4.jpg
8271230c-8635-4912-a94c-7cda7b6f850d	Camisa Sevilla FC Third Fan 25/26	R$ 189,00	TORCEDOR	La Liga (Espanha)	P,M,G,GG,2XG,3XG,4XG	+ R$ 60,00	TORCEDOR	torcedor/1782954970178_0.jpg torcedor/1782954970178_1.jpg torcedor/1782954970179_2.jpg torcedor/1782954970179_3.jpg torcedor/1782954970179_4.jpg torcedor/1782954973461_5.jpg torcedor/1782954973462_6.jpg torcedor/1782954973462_7.jpg torcedor/1782954973462_8.jpg torcedor/1782954973463_9.jpg torcedor/1782954976499_10.jpg torcedor/1782954976500_11.jpg torcedor/1782954976501_12.jpg torcedor/1782954976501_13.jpg torcedor/1782954976501_14.jpg torcedor/1782954980071_15.jpg torcedor/1782954980071_16.jpg torcedor/1782954980072_17.jpg torcedor/1782954980072_18.jpg torcedor/1782954980072_19.jpg torcedor/1782954983668_20.jpg torcedor/1782954983669_21.jpg torcedor/1782954983669_22.jpg torcedor/1782954983669_23.jpg torcedor/1782954983669_24.jpg
04b9a8bb-778f-41e8-a75f-d3b2460b2265	Camisa Sevilla FC Home Fan 25/26	R$ 189,00	TORCEDOR	La Liga (Espanha)	P,M,G,GG,2XG,3XG,4XG	+ R$ 60,00	TORCEDOR	torcedor/1782954922779_0.jpg torcedor/1782954922780_1.jpg torcedor/1782954922780_2.jpg torcedor/1782954922780_3.jpg torcedor/1782954922780_4.jpg torcedor/1782954926307_5.jpg torcedor/1782954926308_6.jpg torcedor/1782954926308_7.jpg torcedor/1782954926308_8.jpg torcedor/1782954926309_9.jpg torcedor/1782954929522_10.jpg torcedor/1782954929523_11.jpg torcedor/1782954929523_12.jpg torcedor/1782954929523_13.jpg torcedor/1782954929524_14.jpg torcedor/1782954932512_15.jpg torcedor/1782954932513_16.jpg torcedor/1782954932513_17.jpg torcedor/1782954932513_18.jpg torcedor/1782954932513_19.jpg torcedor/1782954936306_20.jpg torcedor/1782954936307_21.jpg torcedor/1782954936307_22.jpg torcedor/1782954936307_23.jpg torcedor/1782954936307_24.jpg torcedor/1782954939128_25.jpg torcedor/1782954939129_26.jpg torcedor/1782954939129_27.jpg torcedor/1782954939130_28.jpg
701c3bcc-54f6-4264-86a0-e8ccdb27ec78	Camisa Sevilla FC Away Fan 25/26	R$ 189,00	TORCEDOR	La Liga (Espanha)	P,M,G,GG,2XG,3XG,4XG	+ R$ 60,00	TORCEDOR	torcedor/1782954887585_10.jpg torcedor/1782954880880_0.jpg torcedor/1782954880881_1.jpg torcedor/1782954880881_2.jpg torcedor/1782954880881_3.jpg torcedor/1782954880882_4.jpg torcedor/1782954884279_5.jpg torcedor/1782954884280_6.jpg torcedor/1782954884280_7.jpg torcedor/1782954884280_8.jpg torcedor/1782954884280_9.jpg torcedor/1782954887586_11.jpg torcedor/1782954887586_12.jpg torcedor/1782954887587_13.jpg torcedor/1782954887587_14.jpg torcedor/1782954891237_15.jpg torcedor/1782954891238_16.jpg torcedor/1782954891238_17.jpg torcedor/1782954891238_18.jpg torcedor/1782954891239_19.jpg torcedor/1782954895462_20.jpg torcedor/1782954895462_21.jpg torcedor/1782954895463_22.jpg torcedor/1782954895463_23.jpg torcedor/1782954895463_24.jpg torcedor/1782954898832_25.jpg torcedor/1782954898833_26.jpg torcedor/1782954898833_27.jpg torcedor/1782954898833_28.jpg
ec6161a9-db8e-46eb-9ecf-dcc73a072b83	Sevilla Corta Vento 25/26	R$ 409,00	CORTA VENTO	La Liga (Espanha)	P,M,G,GG,2XG,3XG,4XG	+ R$ 60,00	CORTA_VENTO	corta_vento/1784750733351_0.jpg corta_vento/1784750733352_1.jpg corta_vento/1784750733352_2.jpg corta_vento/1784750733352_3.jpg
1ac7d80b-1967-4a31-8246-de619f2a8a6d	Sevilla Home Retro 15/16	R$ 229,00	RETRÔ	La Liga (Espanha)	P,M,G,GG,2XG,3XG,4XG	+ R$ 60,00	RETRO	retro/1784750736321_0.jpg retro/1784750736322_1.jpg retro/1784750736322_2.jpg retro/1784750736322_3.jpg retro/1784750736322_4.jpg retro/1784750739512_5.jpg
4587f0bd-28ab-46f4-bb4e-b07c5a766b67	Sevilla Home Retro 03/04	R$ 229,00	RETRÔ	La Liga (Espanha)	P,M,G,GG,2XG,3XG,4XG	+ R$ 60,00	RETRO	retro/1784750734794_0.jpg retro/1784750734795_1.jpg retro/1784750734795_2.jpg retro/1784750734795_3.jpg retro/1784750734795_4.jpg retro/1784750738292_5.jpg retro/1784750738293_6.jpg
3dee84cc-601d-40cf-9762-7b1ee5c110d9	Sevilla Home Retro 94	R$ 229,00	RETRÔ		P,M,G,GG,2XG,3XG,4XG	+ R$ 60,00	RETRO	retro/1784750742387_5.jpg retro/1784750739454_0.jpg retro/1784750739455_1.jpg retro/1784750739455_2.jpg retro/1784750739455_3.jpg retro/1784750739455_4.jpg
680575cd-5d6b-4b8f-a429-aad167075dd7	Sevilla Agasalho 92/93	R$ 229,00	RETRÔ	La Liga (Espanha)	P,M,G,GG,2XG,3XG,4XG	+ R$ 60,00	RETRO	retro/1784750732213_0.jpg retro/1784750732214_1.jpg retro/1784750732214_2.jpg retro/1784750732214_3.jpg
0853b61e-76c4-474b-aa4e-1db1fbe95d0c	Sevilla Home Retro 91/92	R$ 229,00	RETRÔ	La Liga (Espanha)	P,M,G,GG,2XG,3XG,4XG	+ R$ 60,00	RETRO	retro/1784750738241_0.jpg retro/1784750738241_1.jpg retro/1784750738242_2.jpg retro/1784750738242_3.jpg retro/1784750738242_4.jpg
92f9ffcc-636f-4e01-bc6d-10e75a0570ae	Sevilla Home Retro 87/90	R$ 229,00	RETRÔ	La Liga (Espanha)	P,M,G,GG,2XG,3XG,4XG	+ R$ 60,00	RETRO	retro/1784750738988_0.jpg retro/1784750738989_1.jpg retro/1784750738989_2.jpg retro/1784750738989_3.jpg
4c190413-a4d4-43a8-84bd-ed27a1da484a	Valencia CF Away 26/27	R$ 189,00	TORCEDOR	La Liga (Espanha)	P,M,G,GG,2XG,3XG,4XG	+ R$ 60,00	TORCEDOR	torcedor/1784750137428_0.jpg torcedor/1784750137428_1.jpg
068aacc6-6c42-4026-8dec-4d04db68b9e2	Valencia CF Home 26/27	R$ 189,00	TORCEDOR	La Liga (Espanha)	P,M,G,GG,2XG,3XG,4XG	+ R$ 60,00	TORCEDOR,KIT_INFANTIL	torcedor/1784750136290_0.jpg torcedor/1784750136291_1.jpg
25ba8d6f-204e-4f93-acf7-d5d24a2f8fcf	Valencia CF Home Kids 26/27	R$ 199,00	KIDS	La Liga (Espanha)	14,16,18	+ R$ 60,00	KIT_INFANTIL,TORCEDOR	kit_infantil/1784750135928_0.jpg kit_infantil/1784750135928_1.jpg
d6f60f17-f023-4acd-a1c2-5a250791498e	Camisa Valencia CF Home Fan 25/26	R$ 189,00	TORCEDOR	La Liga (Espanha)	P,M,G,GG,2XG,3XG,4XG	+ R$ 60,00	TORCEDOR	torcedor/1782955150459_0.jpg torcedor/1782955150459_1.jpg torcedor/1782955150460_2.jpg torcedor/1782955150460_3.jpg torcedor/1782955150460_4.jpg torcedor/1782955154252_5.jpg torcedor/1782955154253_6.jpg torcedor/1782955154253_7.jpg torcedor/1782955154253_8.jpg torcedor/1782955154254_9.jpg torcedor/1782955157702_10.jpg torcedor/1782955157703_11.jpg torcedor/1782955157703_12.jpg torcedor/1782955157704_13.jpg torcedor/1782955157704_14.jpg torcedor/1782955161076_15.jpg torcedor/1782955161077_16.jpg torcedor/1782955161077_17.jpg torcedor/1782955161078_18.jpg torcedor/1782955161078_19.jpg torcedor/1782955164126_20.jpg torcedor/1782955164127_21.jpg torcedor/1782955164127_22.jpg
990fc9a4-9777-4097-965b-4e0e65425219	Camisa Valencia CF Away Fan 25/26	R$ 189,00	TORCEDOR	La Liga (Espanha)	P,M,G,GG,2XG,3XG,4XG	+ R$ 60,00	TORCEDOR	torcedor/1782955121366_0.jpg torcedor/1782955121366_1.jpg torcedor/1782955121367_2.jpg torcedor/1782955121367_3.jpg torcedor/1782955121367_4.jpg torcedor/1782955124838_5.jpg torcedor/1782955124839_6.jpg torcedor/1782955124839_7.jpg torcedor/1782955124839_8.jpg torcedor/1782955124840_9.jpg torcedor/1782955128391_10.jpg torcedor/1782955128392_11.jpg torcedor/1782955128392_12.jpg torcedor/1782955128392_13.jpg torcedor/1782955128393_14.jpg torcedor/1782955131772_15.jpg torcedor/1782955131773_16.jpg torcedor/1782955131773_17.jpg torcedor/1782955131773_18.jpg torcedor/1782955131773_19.jpg torcedor/1782955135268_20.jpg
b28098ee-e6b3-4d05-80c1-ac837a1551dc	Camisa Valencia CF Third Fan 25/26	R$ 189,00	TORCEDOR	La Liga (Espanha)	P,M,G,GG,2XG,3XG,4XG	+ R$ 60,00	TORCEDOR	torcedor/1782955087431_0.jpg torcedor/1782955087431_1.jpg torcedor/1782955087432_2.jpg torcedor/1782955087432_3.jpg torcedor/1782955087432_4.jpg torcedor/1782955090714_5.jpg torcedor/1782955090715_6.jpg torcedor/1782955090715_7.jpg torcedor/1782955090716_8.jpg torcedor/1782955090716_9.jpg torcedor/1782955094697_10.jpg torcedor/1782955094698_11.jpg torcedor/1782955094698_12.jpg torcedor/1782955094699_13.jpg torcedor/1782955094699_14.jpg torcedor/1782955098054_15.jpg torcedor/1782955098055_16.jpg torcedor/1782955098056_17.jpg torcedor/1782955098056_18.jpg torcedor/1782955098056_19.jpg torcedor/1782955102101_20.jpg torcedor/1782955102102_21.jpg
134cc0a8-301c-4876-8659-8a67153621b5	Valencia Home Retro 04/05	R$ 229,00	RETRÔ	La Liga (Espanha)	P,M,G,GG,2XG,3XG,4XG	+ R$ 60,00	RETRO	retro/1784750131498_0.jpg retro/1784750131499_1.jpg retro/1784750131499_2.jpg retro/1784750131499_3.jpg retro/1784750131500_4.jpg retro/1784750134396_5.jpg
b5b1d36f-3f86-4c16-8507-c4a5e38dc8e7	Valencia Home retro 03/04	R$ 229,00	RETRÔ	La Liga (Espanha)	P,M,G,GG,2XG,3XG,4XG	+ R$ 60,00	RETRO	retro/1784750132366_0.jpg retro/1784750132367_1.jpg retro/1784750132367_2.jpg retro/1784750132368_3.jpg
68d0a283-68ec-45eb-bd8d-f6fd9d9c5c83	Valencia home retro 00/01	R$ 229,00	RETRÔ	La Liga (Espanha)	P,M,G,GG,2XG,3XG,4XG	+ R$ 60,00	RETRO	retro/1784750133071_0.jpg retro/1784750133071_1.jpg retro/1784750133072_2.jpg retro/1784750133072_3.jpg retro/1784750133072_4.jpg retro/1784750136919_5.jpg retro/1784750136920_6.jpg
37853d01-0b21-4c11-b068-4ffa9ed3f842	Camisa Valencia CF Away Fan 99/00	R$ 229,00	TORCEDOR	La Liga (Espanha)	P,M,G,GG,2XG,3XG,4XG	+ R$ 60,00	RETRO	retro/1782955199773_18.jpg retro/1782955189107_0.jpg retro/1782955189108_1.jpg retro/1782955189108_2.jpg retro/1782955189109_3.jpg retro/1782955189109_4.jpg retro/1782955192717_5.jpg retro/1782955192718_6.jpg retro/1782955192718_7.jpg retro/1782955192718_8.jpg retro/1782955192718_9.jpg retro/1782955196460_10.jpg retro/1782955196461_11.jpg retro/1782955196461_12.jpg retro/1782955196461_13.jpg retro/1782955196462_14.jpg retro/1782955199771_15.jpg retro/1782955199772_16.jpg retro/1782955199772_17.jpg retro/1782955199773_19.jpg retro/1782955203817_20.jpg retro/1782955203818_21.jpg retro/1782955203818_22.jpg retro/1782955203819_23.jpg
f1dd625c-7dd9-4622-9b69-203236c5ebe2	Valencia Away Retro 99/00	R$ 229,00	RETRÔ	La Liga (Espanha)	P,M,G,GG,2XG,3XG,4XG	+ R$ 60,00	RETRO	retro/1784750137541_0.jpg retro/1784750137542_1.jpg retro/1784750137542_2.jpg retro/1784750137542_3.jpg retro/1784750137542_4.jpg retro/1784750141136_5.jpg
7989b514-5db4-4f05-bdd9-96bc0c6b0ae3	Valencia Third Retro 99	R$ 229,00	RETRÔ		P,M,G,GG,2XG,3XG,4XG	+ R$ 60,00	RETRO	retro/1784750131209_0.jpg retro/1784750131210_1.jpg retro/1784750131210_2.jpg retro/1784750131210_3.jpg retro/1784750131211_4.jpg
06c6c3ae-67bb-462e-8993-7efcb6903ad5	Valencia Away Retro 96/97	R$ 229,00	RETRÔ	La Liga (Espanha)	P,M,G,GG,2XG,3XG,4XG	+ R$ 60,00	RETRO	retro/1784750138152_0.jpg retro/1784750138153_1.jpg retro/1784750138153_2.jpg retro/1784750138153_3.jpg
559ac2ce-3453-4b4a-b3af-29b3d614ab82	Valencia Away Retro 95/96	R$ 229,00	RETRÔ	La Liga (Espanha)	P,M,G,GG,2XG,3XG,4XG	+ R$ 60,00	RETRO	retro/1784750130802_0.jpg retro/1784750130802_1.jpg retro/1784750130802_2.jpg retro/1784750130803_3.jpg
31f70430-4b41-4872-8703-2c9f59e7be08	Valencia Away Retro 80/82	R$ 229,00	RETRÔ	La Liga (Espanha)	P,M,G,GG,2XG,3XG,4XG	+ R$ 60,00	RETRO	retro/1784750158416_0.jpg retro/1784750158417_1.jpg retro/1784750158417_2.jpg retro/1784750158417_3.jpg
aa8bbc37-1b62-42ec-83c5-b245606b8d64	Villarreal Home Kids 26/27	R$ 199,00	KIDS	La Liga (Espanha)	14,16,18	+ R$ 60,00	KIT_INFANTIL,TORCEDOR	torcedor/1784746002545_0.jpg torcedor/1784746002546_1.jpg
40f90722-94d7-40d7-80e5-4d095a374104	Camisa Villarreal CF Home Fan 25/26	R$ 189,00	TORCEDOR	La Liga (Espanha)	P,M,G,GG,2XG,3XG,4XG	+ R$ 60,00	TORCEDOR	torcedor/1782955310440_0.jpg torcedor/1782955310441_1.jpg torcedor/1782955310441_2.jpg torcedor/1782955310441_3.jpg torcedor/1782955310442_4.jpg torcedor/1782955314022_5.jpg torcedor/1782955314022_6.jpg torcedor/1782955314023_7.jpg torcedor/1782955314023_8.jpg torcedor/1782955314023_9.jpg torcedor/1782955317640_10.jpg torcedor/1782955317641_11.jpg torcedor/1782955317641_12.jpg torcedor/1782955317642_13.jpg torcedor/1782955317642_14.jpg torcedor/1782955321527_15.jpg torcedor/1782955321528_16.jpg torcedor/1782955321528_17.jpg torcedor/1782955321528_18.jpg torcedor/1782955321529_19.jpg torcedor/1782955324942_20.jpg torcedor/1782955324943_21.jpg torcedor/1782955324943_22.jpg torcedor/1782955324944_23.jpg torcedor/1782955324944_24.jpg torcedor/1782955327870_25.jpg
b3719056-179e-498e-8df8-96cb9cfb28d1	Camisa Villarreal CF Away Fan 25/26	R$ 189,00	TORCEDOR	La Liga (Espanha)	P,M,G,GG,2XG,3XG,4XG	+ R$ 60,00	TORCEDOR	torcedor/1782955310320_0.jpg torcedor/1782955310321_1.jpg torcedor/1782955310321_2.jpg torcedor/1782955310322_3.jpg torcedor/1782955310322_4.jpg torcedor/1782955314074_5.jpg torcedor/1782955314075_6.jpg torcedor/1782955314075_7.jpg torcedor/1782955314075_8.jpg torcedor/1782955314076_9.jpg torcedor/1782955317793_10.jpg torcedor/1782955317794_11.jpg torcedor/1782955317795_12.jpg torcedor/1782955317795_13.jpg torcedor/1782955317795_14.jpg torcedor/1782955321499_15.jpg torcedor/1782955321500_16.jpg torcedor/1782955321500_17.jpg torcedor/1782955321501_18.jpg torcedor/1782955321501_19.jpg torcedor/1782955325232_20.jpg torcedor/1782955325233_21.jpg torcedor/1782955325233_22.jpg torcedor/1782955325233_23.jpg torcedor/1782955325233_24.jpg torcedor/1782955328367_25.jpg
0d6f84c0-949f-4cd6-ac2e-3e2abb2eb13f	Villarreal home Retro 05/06	R$ 229,00	RETRÔ	La Liga (Espanha)	P,M,G,GG,2XG,3XG,4XG	+ R$ 60,00	RETRO	retro/1784746007747_5.png retro/1784746002389_0.jpg retro/1784746002389_1.jpg retro/1784746002390_2.jpg retro/1784746002390_3.jpg retro/1784746002390_4.png retro/1784746007747_6.png
deb71649-a291-4ca7-b276-b3e5f23a15ec	Camisa Bahia Away 26/27	R$ 189,00	TORCEDOR	Brasileirão (Brasil)	P,M,G,GG,2XG,3XG,4XG	+ R$ 60,00	TORCEDOR,JOGADOR	torcedor/1784642376799_0.png torcedor/1784642376800_1.png torcedor/1784642376800_2.png torcedor/1784642376801_3.jpg torcedor/1784642376801_4.jpg torcedor/1784642380632_5.jpg
fe66697a-680f-42d3-b48b-277b13c075ff	Camisa Bahia Home Feminina 26/27	R$ 179,00	FEMININO	Brasileirão (Brasil)	P,M,G,GG	+ R$ 60,00	FEMININA,TORCEDOR,JOGADOR	feminina/1784643194099_1.jpg feminina/1784643194098_0.jpg feminina/1784643194099_2.jpg feminina/1784643194099_3.jpg feminina/1784643194099_4.jpg feminina/1784643198174_5.jpg
a17c7d77-6f38-437b-815b-e1503ef5c52f	Camisa Bahia Home Player 26/27	R$ 229,00	JOGADOR	Brasileirão (Brasil)	P,M,G,GG,2XG,3XG,4XG	+ R$ 60,00	JOGADOR,TORCEDOR,FEMININA	jogador/1784643098579_4.jpg jogador/1784643098577_0.jpg jogador/1784643098578_1.jpg jogador/1784643098578_2.jpg jogador/1784643098578_3.jpg jogador/1784643133106_5.jpg
930c7aa2-8c25-49cb-b66a-40c4b5cd916b	Camisa Bahia Home Player 26/27 - All Sponsors	R$ 229,00	JOGADOR	Brasileirão (Brasil)	P,M,G,GG,2XG,3XG,4XG	+ R$ 60,00	JOGADOR,TORCEDOR,FEMININA	jogador/1784643088075_0.jpg jogador/1784643088076_1.jpg
08dd71d1-6e6a-468d-b3bb-c5ac90600ca8	Botafogo FIFA World Cup 2025 Away	R$ 189,00	TORCEDOR		P,M,G,GG,2XG,3XG,4XG	+ R$ 60,00	TORCEDOR	torcedor/1784651690678_0.png
5d7604c0-a198-43ff-ba55-7c609dd84248	Camisa Botafogo Away 02/03 Retrô	R$ 229,00	RETRÔ	Brasileirão (Brasil)	P,M,G,GG,2XG,3XG,4XG	+ R$ 60,00	RETRO	retro/1784643233241_4.jpg retro/1784643233239_0.jpg retro/1784643233240_1.jpg retro/1784643233240_2.jpg retro/1784643233240_3.jpg retro/1784643264926_5.jpg
a1ca485d-7073-458d-8209-68d8e36ca683	Botafogo Home 99 Retrô	R$ 229,00	RETRÔ		P,M,G,GG,2XG,3XG,4XG	+ R$ 60,00	RETRO	retro/1784651839964_1.jpg retro/1784651839963_0.jpg retro/1784651839964_2.jpg retro/1784651839964_3.jpg retro/1784651839965_4.jpg retro/1784651867475_5.jpg retro/1784651867475_6.jpg
a2408e04-55e2-4384-a276-7898d276a5a8	Botafogo Third 96 Retrô	R$ 229,00	RETRÔ		P,M,G,GG,2XG,3XG,4XG	+ R$ 60,00	RETRO	retro/1784651839562_1.jpg retro/1784651839561_0.jpg retro/1784651839562_2.jpg retro/1784651839562_3.jpg retro/1784651839563_4.jpg retro/1784651857551_5.jpg retro/1784651857552_6.jpg retro/1784651857552_7.jpg
1f41f8ce-faf9-4c35-853d-6aaad4ca92ea	RB Bragantino Home 26/27	R$ 189,00	TORCEDOR	Brasileirão (Brasil)	P,M,G,GG,2XG,3XG,4XG	+ R$ 60,00	TORCEDOR	torcedor/1784659351589_3.jpg torcedor/1784659351588_0.jpg torcedor/1784659351589_1.jpg torcedor/1784659351589_2.jpg torcedor/1784659351589_4.jpg torcedor/1784659355536_5.jpg torcedor/1784659355537_6.jpg
d606f2b7-e5c3-430f-8e89-769a13d417a7	Corinthians Home Player 26/27 All Sponsors	R$ 229,00	JOGADOR	Brasileirão (Brasil)	P,M,G,GG,2XG,3XG,4XG	+ R$ 60,00	JOGADOR,TORCEDOR,FEMININA	jogador/1784652506816_0.png jogador/1784652506817_1.png
5f1f8db4-645b-4789-aa84-60f251e1e842	Corinthians Home Feminina 26/27	R$ 179,00	FEMININO	Brasileirão (Brasil)	P,M,G,GG	+ R$ 60,00	FEMININA,TORCEDOR,JOGADOR	feminina/1784652506301_4.jpg feminina/1784652506300_0.jpg feminina/1784652506300_1.jpg feminina/1784652506301_2.jpg feminina/1784652506301_3.jpg
a9e8f1a7-dc1c-4059-b6c7-6979e54d8590	cORINTHIANS gk PLAYER 26/27	R$ 229,00	JOGADOR	Brasileirão (Brasil)	P,M,G,GG,2XG,3XG,4XG	+ R$ 60,00	JOGADOR,TORCEDOR	jogador/1784652404846_0.png jogador/1784652404847_1.jpg jogador/1784652404847_2.png jogador/1784652404847_3.jpg jogador/1784652404847_4.jpg jogador/1784652409416_5.jpg
54197d80-85e4-4faf-a3f7-d5d472f12d32	Cruzeiro Treino Regata 26/27	R$ 189,00	TORCEDOR	Brasileirão (Brasil)	P,M,G,GG,2XG,3XG,4XG	+ R$ 60,00	TORCEDOR,FEMININA,JOGADOR	torcedor/1784652686180_0.png torcedor/1784652686181_1.png torcedor/1784652686181_2.png
231c37b2-4db4-4005-ae67-0d53a9da2261	Cruzeiro Treino 26/27	R$ 189,00	TORCEDOR	Brasileirão (Brasil)	P,M,G,GG,2XG,3XG,4XG	+ R$ 60,00	TORCEDOR,FEMININA,JOGADOR	torcedor/1784652686116_1.jpg torcedor/1784652686115_0.jpg torcedor/1784652686116_2.jpg torcedor/1784652686116_3.jpg torcedor/1784652686116_4.jpg
0c35fa2e-7087-49eb-a9b1-6191fa48eb1d	Cruzeiro Away FAN 26/27	R$ 189,00	TORCEDOR	Brasileirão (Brasil)	P,M,G,GG,2XG,3XG,4XG	+ R$ 60,00	TORCEDOR	torcedor/1784652577602_0.png torcedor/1784652577603_1.jpg torcedor/1784652577603_2.jpg torcedor/1784652577603_3.png torcedor/1784652577604_4.jpg torcedor/1784652580946_5.jpg
af9aa921-b6db-44a0-a457-8d8ec3601657	Fluminense Third 26/27	R$ 189,00	TORCEDOR	Brasileirão (Brasil)	P,M,G,GG,2XG,3XG,4XG	+ R$ 60,00	TORCEDOR,JOGADOR	torcedor/1788372297990_0.jpg torcedor/1788372297991_1.jpg
09a60486-af28-47c4-b508-861cd62e7e8e	Fluminense Treino Regata 26/27	R$ 189,00	TORCEDOR	Brasileirão (Brasil)	P,M,G,GG,2XG,3XG,4XG	+ R$ 60,00	TORCEDOR,JOGADOR	torcedor/1784656330057_0.jpg torcedor/1784656330058_1.jpg torcedor/1784656330058_2.jpg torcedor/1784656330058_3.jpg torcedor/1784656330059_4.jpg
9d723020-e993-48e8-8d54-e7e61533b0e2	Fluminense Treino 26/27	R$ 189,00	TORCEDOR	Brasileirão (Brasil)	P,M,G,GG,2XG,3XG,4XG	+ R$ 60,00	TORCEDOR,JOGADOR	torcedor/1784656330096_0.jpg torcedor/1784656330097_1.jpg torcedor/1784656330097_2.jpg torcedor/1784656330097_3.jpg torcedor/1784656330098_4.jpg
2622d51f-c40e-445f-a9c1-6462e8746091	Camisa Fluminense Home Fan 26/27	R$ 189,00	TORCEDOR	Brasileirão (Brasil)	P,M,G,GG,2XG,3XG,4XG	+ R$ 60,00	TORCEDOR,JOGADOR,KIT_INFANTIL,FEMININA	torcedor/1782952259455_0.jpg torcedor/1782952259456_1.jpg torcedor/1782952259456_2.jpg torcedor/1782952259456_3.jpg torcedor/1782952259456_4.jpg torcedor/1782952263257_5.jpg torcedor/1782952263258_6.jpg torcedor/1782952263258_7.jpg torcedor/1782952263258_8.jpg torcedor/1782952263258_9.jpg torcedor/1782952267067_10.jpg torcedor/1782952267068_11.jpg torcedor/1782952267068_12.jpg torcedor/1782952267069_13.jpg torcedor/1782952267069_14.jpg torcedor/1782952270175_15.jpg torcedor/1782952270176_16.jpg torcedor/1782952270177_17.jpg torcedor/1782952270177_18.jpg torcedor/1782952270177_19.jpg torcedor/1782952273682_20.jpg torcedor/1782952273682_21.jpg
7ceafbdf-8e4a-49d7-b03a-5c71e074892d	Camisa Fluminense Away Fan 26/27	R$ 189,00	TORCEDOR	Brasileirão (Brasil)	P,M,G,GG,2XG,3XG,4XG	+ R$ 60,00	TORCEDOR,FEMININA,JOGADOR,KIT_INFANTIL	torcedor/1782952197478_0.jpg torcedor/1782952197478_1.jpg torcedor/1782952197479_2.jpg torcedor/1782952197479_3.jpg torcedor/1782952197479_4.jpg torcedor/1782952201203_5.jpg torcedor/1782952201205_6.jpg torcedor/1782952201205_7.jpg torcedor/1782952201206_8.jpg torcedor/1782952201206_9.jpg torcedor/1782952206300_10.jpg torcedor/1782952206301_11.jpg torcedor/1782952206302_12.jpg torcedor/1782952206302_13.jpg torcedor/1782952206302_14.jpg torcedor/1782952209751_15.jpg torcedor/1782952209752_16.jpg torcedor/1782952209752_17.jpg torcedor/1782952209752_18.jpg torcedor/1782952209753_19.jpg torcedor/1782952212666_20.jpg torcedor/1782952212667_21.jpg torcedor/1782952212667_22.jpg torcedor/1782952212667_23.jpg
be4724d2-e172-4142-9617-4f942e62e825	Fluminense Third Player 26/27	R$ 229,00	JOGADOR	Brasileirão (Brasil)	P,M,G,GG,2XG,3XG,4XG	+ R$ 60,00	JOGADOR,TORCEDOR	torcedor/1789041297825_0.jpg torcedor/1789041297825_1.png torcedor/1789041297826_2.png torcedor/1789041297826_3.jpg
7e3d2d6a-4c2a-4d75-80ba-d3a57ff3a088	Fluminense Away Feminina 26/27	R$ 179,00	FEMININO	Brasileirão (Brasil)	P,M,G,GG	+ R$ 60,00	FEMININA,TORCEDOR,JOGADOR,KIT_INFANTIL	feminina/1784656464083_0.jpg feminina/1784656464084_1.jpg feminina/1784656464085_2.jpg feminina/1784656464085_3.jpg feminina/1784656464085_4.jpg feminina/1784656468458_5.jpg
98905477-8926-47d2-97dd-3ef3938826da	Fluminense Home Player 26/27	R$ 229,00	JOGADOR	Brasileirão (Brasil)	P,M,G,GG,2XG,3XG,4XG	+ R$ 60,00	JOGADOR,TORCEDOR,KIT_INFANTIL,FEMININA	jogador/1784656167944_0.jpg jogador/1784656167945_1.jpg jogador/1784656167945_2.jpg jogador/1784656167945_3.jpg
fa1c278a-553d-460c-bd9c-42f01a6b304d	Fluminense Home Feminina 26/27	R$ 179,00	FEMININO	Brasileirão (Brasil)	P,M,G,GG	+ R$ 60,00	FEMININA,TORCEDOR,JOGADOR,KIT_INFANTIL	feminina/1784656133720_0.jpg feminina/1784656133721_1.jpg feminina/1784656133721_2.jpg feminina/1784656133721_3.jpg feminina/1784656133722_4.jpg
aeee38b6-e3b9-4359-8970-a80ffb0fd1bf	Fluminense Home Kids 26/27	R$ 199,00	KIDS	Brasileirão (Brasil)	14,16,18	+ R$ 60,00	KIT_INFANTIL,TORCEDOR,JOGADOR,FEMININA	kit_infantil/1784656133660_3.jpg kit_infantil/1784656133659_0.jpg kit_infantil/1784656133660_1.jpg kit_infantil/1784656133660_2.jpg
ab2333bc-66d6-4b0f-9bdc-21381c79dfd6	Fluminense Away Player 26/27	R$ 229,00	JOGADOR	Brasileirão (Brasil)	P,M,G,GG,2XG,3XG,4XG	+ R$ 60,00	JOGADOR,TORCEDOR,FEMININA,KIT_INFANTIL	jogador/1784656008245_0.jpg jogador/1784656008246_1.jpg jogador/1784656008246_2.jpg jogador/1784656008246_3.jpg jogador/1784656008246_4.jpg
d6cc7b18-7409-45f7-b5d9-2693e6b697e2	Fluminense Away Kids 26/27	R$ 199,00	KIDS	Brasileirão (Brasil)	14,16,18	+ R$ 60,00	KIT_INFANTIL,TORCEDOR,FEMININA,JOGADOR	kit_infantil/1784655980317_0.jpg kit_infantil/1784655980318_1.jpg kit_infantil/1784655980319_2.jpg
384cfb63-22fa-432a-943a-21b89063bb73	Camisa Fluminense Away Fan 25/26	R$ 189,00	TORCEDOR	Brasileirão (Brasil)	P,M,G,GG,2XG,3XG,4XG	+ R$ 60,00	TORCEDOR	torcedor/1782952126818_0.jpg torcedor/1782952126819_1.jpg torcedor/1782952126819_2.jpg torcedor/1782952126819_3.jpg torcedor/1782952126819_4.jpg torcedor/1782952130235_5.jpg torcedor/1782952130236_6.jpg torcedor/1782952130237_7.jpg torcedor/1782952130237_8.jpg torcedor/1782952130237_9.jpg torcedor/1782952133292_10.jpg torcedor/1782952133293_11.jpg torcedor/1782952133293_12.jpg torcedor/1782952133293_13.jpg torcedor/1782952133293_14.jpg torcedor/1782952136783_15.jpg torcedor/1782952136784_16.jpg torcedor/1782952136784_17.jpg torcedor/1782952136784_18.jpg torcedor/1782952136785_19.jpg torcedor/1782952140113_20.jpg torcedor/1782952140121_21.jpg torcedor/1782952140122_22.jpg torcedor/1782952140129_23.jpg torcedor/1782952140130_24.jpg
67f53408-a76c-4c6a-83a1-aa97fc2b8df7	Fluminense Away Retrô 22/23	R$ 229,00	RETRÔ	Brasileirão (Brasil)	P,M,G,GG,2XG,3XG,4XG	+ R$ 60,00	RETRO	retro/1784656134307_0.jpg retro/1784656134307_1.jpg retro/1784656134308_2.jpg retro/1784656134308_3.jpg retro/1784656134308_4.jpg retro/1784656137955_5.jpg
c5bb3089-4ff6-4d9f-a5cf-a1138b0e83cc	Fluminense 100th Anniversary Retrô 2011	R$ 229,00	RETRÔ		P,M,G,GG,2XG,3XG,4XG	+ R$ 60,00	RETRO	retro/1784656464442_0.jpg retro/1784656464443_1.jpg retro/1784656464443_2.jpg retro/1784656464443_3.jpg retro/1784656464444_4.jpg
5d80f85a-a724-45c9-bb0d-0e276f9602b1	Fluminense Away Retrô 2010	R$ 229,00	RETRÔ		P,M,G,GG,2XG,3XG,4XG	+ R$ 60,00	RETRO	retro/1784656027345_3.jpg retro/1784656027343_0.jpg retro/1784656027344_1.jpg retro/1784656027344_2.jpg retro/1784656027345_4.jpg
8adcb129-139a-4083-9742-a9f0a4d271df	Fluminense Home Retrô 08/09	R$ 229,00	RETRÔ	Brasileirão (Brasil)	P,M,G,GG,2XG,3XG,4XG	+ R$ 60,00	RETRO	retro/1784656330922_1.jpg retro/1784656330921_0.jpg retro/1784656330922_2.jpg retro/1784656330922_3.jpg retro/1784656330922_4.jpg retro/1784656335033_5.jpg retro/1784656335034_6.jpg
48b77230-d379-47fa-abfb-982692ce0436	Fluminense Third Retrô 07/08	R$ 229,00	RETRÔ	Brasileirão (Brasil)	P,M,G,GG,2XG,3XG,4XG	+ R$ 60,00	RETRO	retro/1784656330087_0.jpg retro/1784656330087_1.jpg retro/1784656330088_2.jpg retro/1784656330088_3.jpg retro/1784656330088_4.jpg retro/1784656334007_5.jpg
4e2ea296-f521-4008-9577-44aee0e73ec9	Fluminense Home Retrô 2003	R$ 229,00	RETRÔ		P,M,G,GG,2XG,3XG,4XG	+ R$ 60,00	RETRO	retro/1784656330207_1.jpg retro/1784656330206_0.jpg retro/1784656330207_2.jpg retro/1784656330207_3.jpg retro/1784656330207_4.jpg retro/1784656333992_5.jpg
2e1f1768-1d13-40d7-9cd0-bd5e9a1cc314	Fortaleza Away Fan 25/26	R$ 189,00	TORCEDOR	Brasileirão (Brasil)	P,M,G,GG,2XG,3XG,4XG	+ R$ 60,00	TORCEDOR	torcedor/1784661877856_0.jpg torcedor/1784661877857_1.jpg torcedor/1784661877857_2.jpg torcedor/1784661877858_3.jpg torcedor/1784661877858_4.jpg torcedor/1784661881306_5.jpg
56c086a5-250b-49b1-9aa3-bf3fd60cfceb	Fortaleza Home Fan 25/26	R$ 189,00	TORCEDOR	Brasileirão (Brasil)	P,M,G,GG,2XG,3XG,4XG	+ R$ 60,00	TORCEDOR	torcedor/1784661877141_0.jpg torcedor/1784661877142_1.jpg torcedor/1784661877142_2.jpg torcedor/1784661877142_3.jpg torcedor/1784661877142_4.jpg
ab276157-8302-49bd-baee-6f779ddec337	Fortaleza Third 25/26	R$ 189,00	TORCEDOR	Brasileirão (Brasil)	P,M,G,GG,2XG,3XG,4XG	+ R$ 60,00	TORCEDOR	torcedor/1784661876863_0.jpg torcedor/1784661876864_1.jpg torcedor/1784661876864_2.jpg torcedor/1784661876864_3.jpg torcedor/1784661876865_4.jpg torcedor/1784661881145_5.jpg torcedor/1784661881146_6.jpg
4394c993-9c75-4036-a57c-c189e5a37781	Gremio Third 26/27	R$ 189,00	TORCEDOR	Brasileirão (Brasil)	P,M,G,GG,2XG,3XG,4XG	+ R$ 60,00	TORCEDOR	torcedor/1789041149267_0.jpg torcedor/1789041149268_1.jpg
0be65997-dd9b-4b79-89af-2e4c481a8271	Gremio Home Fan 26/27	R$ 189,00	TORCEDOR	Brasileirão (Brasil)	P,M,G,GG,2XG,3XG,4XG	+ R$ 60,00	TORCEDOR,KIT_INFANTIL,FEMININA	torcedor/1784656982271_3.jpg torcedor/1784656982270_0.jpg torcedor/1784656982270_1.jpg torcedor/1784656982271_2.jpg torcedor/1784656982271_4.jpg
b4df6ca1-cbd9-4620-96d5-bbd3cf5e1178	Gremio Away Fan 26/27	R$ 189,00	TORCEDOR	Brasileirão (Brasil)	P,M,G,GG,2XG,3XG,4XG	+ R$ 60,00	TORCEDOR	torcedor/1784656865503_0.jpg torcedor/1784656865504_1.jpg torcedor/1784656865504_2.jpg torcedor/1784656865504_3.jpg torcedor/1784656865504_4.jpg torcedor/1784656874961_5.jpg
514bdad0-ecd2-4834-ada9-e14e2f1b7c53	Gremio Home Feminina 26/27	R$ 179,00	FEMININO	Brasileirão (Brasil)	P,M,G,GG	+ R$ 60,00	FEMININA,TORCEDOR,KIT_INFANTIL	feminina/1784656981764_1.jpg feminina/1784656981764_0.jpg
4a7eeb75-e42e-4088-8ac3-9a762de4bc9b	Gremio Home KIDS 26/27	R$ 199,00	KIDS	Brasileirão (Brasil)	14,16,18	+ R$ 60,00	KIT_INFANTIL,TORCEDOR,FEMININA	kit_infantil/1784656981672_0.jpg kit_infantil/1784656981672_1.jpg
1d917947-81a8-4e7a-be7c-11d2cc7036e1	Gremio Home 97/98 Retro	R$ 229,00	RETRÔ	Brasileirão (Brasil)	P,M,G,GG,2XG,3XG,4XG	+ R$ 60,00	RETRO	retro/1784656923255_5.png retro/1784656918862_0.jpg retro/1784656918863_1.jpg retro/1784656918863_2.jpg retro/1784656918863_3.png retro/1784656918863_4.jpg
cdf3fc18-fb95-44cd-ae61-3cd939efba1f	Gremio home 95/96 Retro	R$ 229,00	RETRÔ	Brasileirão (Brasil)	P,M,G,GG,2XG,3XG,4XG	+ R$ 60,00	RETRO	retro/1784656919797_0.jpg retro/1784656919798_1.jpg retro/1784656919798_2.jpg retro/1784656919799_3.jpg retro/1784656919799_4.jpg
d648d418-820a-48ee-b85b-c24c848a089c	Gremio Away 95/96 Retro	R$ 229,00	RETRÔ	Brasileirão (Brasil)	P,M,G,GG,2XG,3XG,4XG	+ R$ 60,00	RETRO	retro/1784656865870_1.jpg retro/1784656865869_0.jpg retro/1784656865870_2.jpg retro/1784656865871_3.jpg retro/1784656865871_4.jpg
c88cfd45-c2ce-4862-845e-ab3c84c4bff8	Gremio Home 2000 Retro	R$ 229,00	RETRÔ		P,M,G,GG,2XG,3XG,4XG	+ R$ 60,00	RETRO	retro/1784656919424_0.jpg retro/1784656919424_1.jpg retro/1784656919424_2.jpg retro/1784656919425_3.jpg
6b47aaae-1e78-459d-a67c-5ef9a9a2940a	Internacional Away Fan 26/27	R$ 189,00	TORCEDOR	Brasileirão (Brasil)	P,M,G,GG,2XG,3XG,4XG	+ R$ 60,00	TORCEDOR,MANGA_LONGA,FEMININA	torcedor/1784659209273_0.png torcedor/1784659209273_1.png torcedor/1784659209273_2.png torcedor/1784659209274_3.jpg torcedor/1784659209274_4.png
6402666b-fdb0-450e-ac74-9fc6383cdb2c	Internacional Away Fan Longa 26/27	R$ 209,00	TORCEDOR	Brasileirão (Brasil)	P,M,G,GG,2XG,3XG,4XG	+ R$ 60,00	MANGA_LONGA,TORCEDOR,FEMININA	manga_longa/1784659208742_0.png manga_longa/1784659208743_1.jpg manga_longa/1784659208743_2.jpg manga_longa/1784659208743_3.jpg manga_longa/1784659208744_4.png manga_longa/1784659212459_5.jpg
cfd1d9bf-3bd3-4fad-acd3-fde4f053edd0	Camisa Santos Away Fan 25/26	R$ 189,00	TORCEDOR	Brasileirão (Brasil)	P,M,G,GG,2XG,3XG,4XG	+ R$ 60,00	TORCEDOR	torcedor/1783427029252_21.jpg torcedor/1783427014690_0.jpg torcedor/1783427014690_1.jpg torcedor/1783427014690_2.jpg torcedor/1783427014691_3.jpg torcedor/1783427014691_4.jpg torcedor/1783427018438_5.jpg torcedor/1783427018439_6.jpg torcedor/1783427018439_7.jpg torcedor/1783427018439_8.jpg torcedor/1783427018440_9.jpg torcedor/1783427022086_10.jpg torcedor/1783427022087_11.jpg torcedor/1783427022087_12.jpg torcedor/1783427022087_13.jpg torcedor/1783427022088_14.jpg torcedor/1783427026315_15.jpg torcedor/1783427026316_16.jpg torcedor/1783427026316_17.jpg torcedor/1783427026316_18.jpg torcedor/1783427026317_19.jpg torcedor/1783427029251_20.jpg torcedor/1783427029252_22.jpg torcedor/1783427029253_23.jpg torcedor/1783427029253_24.jpg torcedor/1783427032885_25.jpg torcedor/1783427032886_26.jpg torcedor/1783427032886_27.jpg torcedor/1783427032886_28.jpg torcedor/1783427032886_29.jpg torcedor/1783427036288_30.jpg torcedor/1783427036289_31.jpg torcedor/1783427036289_32.jpg torcedor/1783427036290_33.jpg torcedor/1783427036290_34.jpg torcedor/1783427039870_35.jpg torcedor/1783427039870_36.jpg torcedor/1783427039871_37.jpg torcedor/1783427039871_38.jpg torcedor/1783427039871_39.jpg torcedor/1783427043318_40.jpg torcedor/1783427043319_41.jpg torcedor/1783427043319_42.jpg torcedor/1783427043319_43.jpg torcedor/1783427043320_44.jpg torcedor/1783427047189_45.jpg torcedor/1783427047190_46.jpg torcedor/1783427047190_47.jpg torcedor/1783427047190_48.jpg torcedor/1783427047190_49.jpg torcedor/1783427050069_50.jpg torcedor/1783427050070_51.jpg torcedor/1783427050070_52.jpg torcedor/1783427050071_53.jpg torcedor/1783427050071_54.jpg torcedor/1783427053590_55.jpg torcedor/1783427053591_56.jpg torcedor/1783427053591_57.jpg torcedor/1783427053591_58.jpg torcedor/1783427053592_59.jpg torcedor/1783427057065_60.jpg torcedor/1783427057066_61.jpg torcedor/1783427057066_62.jpg torcedor/1783427057066_63.jpg torcedor/1783427057066_64.jpg torcedor/1783427060398_65.jpg torcedor/1783427060399_66.jpg torcedor/1783427060399_67.jpg torcedor/1783427060400_68.jpg torcedor/1783427060400_69.jpg torcedor/1783427063608_70.jpg torcedor/1783427063609_71.jpg torcedor/1783427063609_72.jpg torcedor/1783427063609_73.jpg torcedor/1783427063609_74.jpg torcedor/1783427067570_75.jpg torcedor/1783427067571_76.jpg torcedor/1783427067572_77.jpg torcedor/1783427067572_78.jpg torcedor/1783427067572_79.jpg torcedor/1783427070799_80.jpg torcedor/1783427070799_81.jpg torcedor/1783427070800_82.jpg torcedor/1783427070800_83.jpg
1f8f2ac4-22d0-4177-a6f8-efcf8cae39e9	Camisa São Paulo Home Kids 26/27	R$ 199,00	KIDS	Brasileirão (Brasil)	14,16,18	+ R$ 60,00	KIT_INFANTIL,TORCEDOR,FEMININA	kit_infantil/1784643458892_4.jpg kit_infantil/1784643458891_0.jpg kit_infantil/1784643458892_1.jpg kit_infantil/1784643458892_2.jpg kit_infantil/1784643458892_3.jpg
ecf76932-74af-4312-a7a8-835d9114fb7f	Camisa São Paulo Home Feminina 26/27	R$ 179,00	FEMININO	Brasileirão (Brasil)	P,M,G,GG	+ R$ 60,00	FEMININA,KIT_INFANTIL,TORCEDOR	feminina/1784643432476_3.jpg feminina/1784643432474_0.jpg feminina/1784643432475_1.jpg feminina/1784643432475_2.jpg
ee860379-7b7d-4ada-98fd-ef6104aeec19	Camisa São Paulo Away Player 26/27	R$ 229,00	JOGADOR	Brasileirão (Brasil)	P,M,G,GG,2XG,3XG,4XG	+ R$ 60,00	JOGADOR,FEMININA,TORCEDOR	jogador/1784587918988_0.png jogador/1784587918989_1.jpg jogador/1784587918989_2.jpg jogador/1784587918989_3.jpg jogador/1784587918989_4.jpg jogador/1784587922504_5.jpg jogador/1784587922504_6.jpg
a0e401a1-2a5f-4fa0-ac42-fc9e6fcfb3f8	Camisa São Paulo Away Feminina 26/27	R$ 179,00	FEMININO	Brasileirão (Brasil)	P,M,G,GG	+ R$ 60,00	FEMININA,TORCEDOR,JOGADOR	feminina/1784587883824_4.png feminina/1784587883822_0.jpg feminina/1784587883823_1.png feminina/1784587883823_2.jpg feminina/1784587883823_3.jpg
7d6f281e-02cc-4454-84c0-eda3c7914039	Camisa São Paulo Away Fan 25/26	R$ 189,00	TORCEDOR	Brasileirão (Brasil)	P,M,G,GG,2XG,3XG,4XG	+ R$ 60,00	TORCEDOR	torcedor/1782952962753_0.jpg torcedor/1782952962754_1.jpg torcedor/1782952962754_2.jpg torcedor/1782952962754_3.jpg torcedor/1782952962755_4.jpg torcedor/1782952966502_5.jpg torcedor/1782952966503_6.jpg torcedor/1782952966503_7.jpg torcedor/1782952966503_8.jpg torcedor/1782952966503_9.jpg torcedor/1782952970765_10.jpg torcedor/1782952970766_11.jpg torcedor/1782952970767_12.jpg torcedor/1782952970767_13.jpg torcedor/1782952970767_14.jpg torcedor/1782952974161_15.jpg torcedor/1782952974162_16.jpg torcedor/1782952974162_17.jpg torcedor/1782952974162_18.jpg torcedor/1782952974162_19.jpg torcedor/1782952977843_20.jpg torcedor/1782952977844_21.jpg torcedor/1782952977844_22.jpg
e9438fb2-4e59-49f5-87b4-ef14c6d6ef39	Sport Home Fan All Sponsors 26/27	R$ 189,00	TORCEDOR	Brasileirão (Brasil)	P,M,G,GG,2XG,3XG,4XG	+ R$ 60,00	TORCEDOR,JOGADOR,FEMININA,KIT_INFANTIL	torcedor/1784660393201_0.png torcedor/1784660393201_1.png
4406025a-d68c-4fca-968a-db04f8bb192e	Sport Home Fan 26/27	R$ 189,00	TORCEDOR	Brasileirão (Brasil)	P,M,G,GG,2XG,3XG,4XG	+ R$ 60,00	TORCEDOR,JOGADOR,FEMININA,KIT_INFANTIL	torcedor/1784660392438_0.png torcedor/1784660392439_1.jpg torcedor/1784660392439_2.jpg torcedor/1784660392439_3.jpg torcedor/1784660392440_4.jpg torcedor/1784660395568_5.jpg torcedor/1784660395569_6.jpg
6cad2e28-cae4-42cd-a213-2082bdc1748e	Sport Home Player All Sponsors 26/27	R$ 229,00	JOGADOR	Brasileirão (Brasil)	P,M,G,GG,2XG,3XG,4XG	+ R$ 60,00	JOGADOR,TORCEDOR,FEMININA,KIT_INFANTIL	jogador/1784660396975_0.png jogador/1784660396976_1.png
e055d93d-919e-4413-99d2-778b0035291e	Sport Home Player 26/27	R$ 229,00	JOGADOR	Brasileirão (Brasil)	P,M,G,GG,2XG,3XG,4XG	+ R$ 60,00	JOGADOR,TORCEDOR,FEMININA,KIT_INFANTIL	jogador/1784660396144_0.png jogador/1784660396145_1.jpg jogador/1784660396145_2.png jogador/1784660396145_3.jpg jogador/1784660396145_4.jpg jogador/1784660399243_5.jpg jogador/1784660399244_6.jpg jogador/1784660399244_7.jpg
a3fb5b7e-0869-448d-b3a8-6a864445f8e2	Sport Away Feminina 26/27	R$ 179,00	FEMININO	Brasileirão (Brasil)	P,M,G,GG	+ R$ 60,00	FEMININA,TORCEDOR	feminina/1784660393851_0.png feminina/1784660393852_1.jpg feminina/1784660393852_2.jpg feminina/1784660393852_3.png feminina/1784660393852_4.jpg feminina/1784660397145_5.jpg
cd2e3479-e77c-429e-9c2e-5c1f46baae2f	Sport Home Feminina 26/27	R$ 179,00	FEMININO	Brasileirão (Brasil)	P,M,G,GG	+ R$ 60,00	FEMININA,TORCEDOR,JOGADOR,KIT_INFANTIL	feminina/1784660388389_0.png feminina/1784660388390_1.jpg feminina/1784660388390_2.jpg feminina/1784660388390_3.jpg feminina/1784660388391_4.jpg feminina/1784660391282_5.png feminina/1784660391283_6.jpg
f31349cc-5c9a-4ee9-8a85-73f3e4ee61d8	Sport Home Kids 26/27	R$ 199,00	KIDS	Brasileirão (Brasil)	14,16,18	+ R$ 60,00	KIT_INFANTIL,TORCEDOR,JOGADOR,FEMININA	kit_infantil/1784660388145_0.jpg kit_infantil/1784660388146_1.jpg kit_infantil/1784660388146_2.jpg kit_infantil/1784660388146_3.jpg kit_infantil/1784660388146_4.jpg
61e67469-3193-4224-8013-3210557231f2	Sport Recife Third 25/26	R$ 189,00	TORCEDOR	Brasileirão (Brasil)	P,M,G,GG,2XG,3XG,4XG	+ R$ 60,00	TORCEDOR	torcedor/1789041101653_0.jpg torcedor/1789041101653_1.jpg torcedor/1789041101653_2.jpg torcedor/1789041101653_3.jpg torcedor/1789041101654_4.jpg torcedor/1789041105783_5.jpg torcedor/1789041105784_6.jpg
03518993-62c2-46f5-b385-bbb13d7b62b2	Recife Sport 2016 Retro	R$ 229,00	RETRÔ		P,M,G,GG,2XG,3XG,4XG	+ R$ 60,00	RETRO	retro/1788372186792_3.jpg retro/1788372186791_0.jpg retro/1788372186792_1.jpg retro/1788372186792_2.jpg
27329a10-fae5-45be-b387-8d3fef07de1b	Retro Sport Recife 16/17	R$ 229,00	RETRÔ	Brasileirão (Brasil)	P,M,G,GG,2XG,3XG,4XG	+ R$ 60,00	RETRO	retro/1788372186521_4.jpg retro/1788372186520_0.jpg retro/1788372186521_1.jpg retro/1788372186521_2.jpg retro/1788372186521_3.jpg retro/1788372190222_5.jpg
632f639d-dad2-447f-b3da-8bb0eca651e3	Vasco da Gama Third	R$ 189,00	TORCEDOR		P,M,G,GG,2XG,3XG,4XG	+ R$ 60,00	TORCEDOR	torcedor/1789488519509_0.jpg torcedor/1789488519510_1.jpg
d21356e3-61bf-4258-b669-6030fb3b7cd6	Vasco Away Fan 26/27	R$ 189,00	TORCEDOR	Brasileirão (Brasil)	P,M,G,GG,2XG,3XG,4XG	+ R$ 60,00	TORCEDOR,JOGADOR,FEMININA	torcedor/1784657416561_2.jpg torcedor/1784657416561_0.jpg torcedor/1784657416561_1.jpg torcedor/1784657416562_3.jpg torcedor/1784657416562_4.jpg torcedor/1784657420940_5.jpg
76874ce3-29a1-41f9-bf6c-b768e9ebc2f4	Vasco Home Fan 26/27	R$ 189,00	TORCEDOR	Brasileirão (Brasil)	P,M,G,GG,2XG,3XG,4XG	+ R$ 60,00	TORCEDOR,KIT_INFANTIL,JOGADOR,FEMININA	torcedor/1784657371656_2.jpg torcedor/1784657371655_0.jpg torcedor/1784657371656_1.jpg torcedor/1784657371656_3.jpg torcedor/1784657371656_4.jpg torcedor/1784657379303_5.jpg
814b160d-ad42-472f-b879-65dff3955c91	Vasco Treino Regata 26/27	R$ 189,00	TORCEDOR	Brasileirão (Brasil)	P,M,G,GG,2XG,3XG,4XG	+ R$ 60,00	TORCEDOR	torcedor/1784657364587_3.png torcedor/1784657364586_0.jpg torcedor/1784657364586_1.jpg torcedor/1784657364587_2.jpg torcedor/1784657364587_4.jpg torcedor/1784657370122_5.jpg
72882dae-0c4b-46d9-865b-7d1a7a6194c4	Vasco Pré-Jogo 26/27	R$ 189,00	TORCEDOR	Brasileirão (Brasil)	P,M,G,GG,2XG,3XG,4XG	+ R$ 60,00	TORCEDOR	torcedor/1784657364545_2.jpg torcedor/1784657364544_0.jpg torcedor/1784657364545_1.jpg torcedor/1784657364545_3.jpg
b1123ec3-77d7-44be-a6a3-1872464448b2	Vasco Away Feminina 26/27	R$ 179,00	FEMININO	Brasileirão (Brasil)	P,M,G,GG	+ R$ 60,00	FEMININA,JOGADOR,TORCEDOR	feminina/1784657415771_4.jpg feminina/1784657415769_0.jpg feminina/1784657415770_1.jpg feminina/1784657415770_2.jpg feminina/1784657415770_3.jpg feminina/1784657420814_5.jpg feminina/1784657420815_6.jpg
676db369-f50f-4fed-a567-99a836974d24	Vasco Away PLayer 26/27	R$ 229,00	JOGADOR	Brasileirão (Brasil)	P,M,G,GG,2XG,3XG,4XG	+ R$ 60,00	JOGADOR,FEMININA,TORCEDOR	jogador/1784657372351_1.jpg jogador/1784657372350_0.jpg jogador/1784657372351_2.jpg jogador/1784657372351_3.jpg jogador/1784657372351_4.jpg jogador/1784657377154_5.jpg
2b2efe67-664e-41b0-b335-785887aff6bf	Vasco Home Feminina 26/27	R$ 179,00	FEMININO	Brasileirão (Brasil)	P,M,G,GG	+ R$ 60,00	FEMININA,KIT_INFANTIL,JOGADOR,TORCEDOR	feminina/1784657370613_4.jpg feminina/1784657370612_0.jpg feminina/1784657370612_1.jpg feminina/1784657370612_2.jpg feminina/1784657370613_3.jpg
063e6b0f-a07e-4d55-a69d-61b2844c4da5	Vasco Home Kids 26/27	R$ 199,00	KIDS	Brasileirão (Brasil)	14,16,18	+ R$ 60,00	KIT_INFANTIL,JOGADOR,FEMININA,TORCEDOR	kit_infantil/1784657369948_2.jpg kit_infantil/1784657369947_0.jpg kit_infantil/1784657369948_1.jpg kit_infantil/1784657369948_3.jpg
bd12ae80-3929-4c91-9469-8bb33be6ed45	Vitória 26/27 New Year's Eve Special Edition	R$ 189,00	TORCEDOR	Brasileirão (Brasil)	P,M,G,GG,2XG,3XG,4XG	+ R$ 60,00	TORCEDOR	torcedor/1784657170493_1.jpg torcedor/1784657170493_0.jpg
82fa4c36-8015-43c9-9b19-68b796eee010	Vitória Home Fan 26/27	R$ 189,00	TORCEDOR	Brasileirão (Brasil)	P,M,G,GG,2XG,3XG,4XG	+ R$ 60,00	TORCEDOR,FEMININA	torcedor/1784657169781_3.png torcedor/1784657169780_0.jpg torcedor/1784657169780_1.jpg torcedor/1784657169780_2.jpg torcedor/1784657169781_4.png torcedor/1784657202777_5.jpg torcedor/1784657202778_6.jpg
a11f6c7a-5415-4387-b7cb-e7bf8ea42eab	Vitória Home Fan All Sponsors 26/27	R$ 189,00	TORCEDOR	Brasileirão (Brasil)	P,M,G,GG,2XG,3XG,4XG	+ R$ 60,00	TORCEDOR,FEMININA	torcedor/1784657169775_0.png torcedor/1784657169775_1.png torcedor/1784657169775_2.png
6c0bac78-09fe-41bd-b1d2-45ffee01bf13	Vitória Home GK Fan 26/27	R$ 189,00	TORCEDOR	Brasileirão (Brasil)	P,M,G,GG,2XG,3XG,4XG	+ R$ 60,00	TORCEDOR,FEMININA	torcedor/1784657168602_0.jpg torcedor/1784657168603_1.jpg
40a26263-c25e-4213-8aac-9c0390abe64e	Vitória Home Feminina 26/27	R$ 179,00	FEMININO	Brasileirão (Brasil)	P,M,G,GG	+ R$ 60,00	FEMININA,TORCEDOR	feminina/1784657168996_4.png feminina/1784657168995_0.jpg feminina/1784657168995_1.jpg feminina/1784657168996_2.jpg feminina/1784657168996_3.jpg feminina/1784657174214_5.jpg
0cc84ceb-33ce-461d-ade8-99943da2d824	Vitória Red Black Fan 25/26	R$ 189,00	TORCEDOR	Brasileirão (Brasil)	P,M,G,GG,2XG,3XG,4XG	+ R$ 60,00	TORCEDOR	torcedor/1784657168099_0.jpg torcedor/1784657168100_1.jpg torcedor/1784657168100_2.jpg torcedor/1784657168100_3.jpg
a839ed55-5bc6-459d-9306-2048b0bf3144	Vitória Third fan 25/26	R$ 189,00	TORCEDOR	Brasileirão (Brasil)	P,M,G,GG,2XG,3XG,4XG	+ R$ 60,00	TORCEDOR	torcedor/1784657167364_3.jpg torcedor/1784657167363_0.jpg torcedor/1784657167363_1.jpg torcedor/1784657167364_2.jpg torcedor/1784657167364_4.jpg